<?xml version="1.0" encoding="UTF-8"?>
<gpx xmlns="http://www.topografix.com/GPX/1/0" xmlns:xsi="http://www.w3.org/2001/XMLSchema-instance" version="1.0" creator="BlackRockCityBaseMap.java" xsi:schemaLocation="http://www.topografix.com/GPX/1/0 http://www.topografix.com/GPX/1/0/gpx.xsd">
  <name>Black Rock City 2026</name>
  <author>Willivolt</author>
  <url>http://www.wkeller.net/BRC-GPS/</url>
  <wpt lat="40.783242" lon="-119.207871">
    <name>The Man</name>
    <cmt>The Man</cmt>
  </wpt>
  <wpt lat="40.777421" lon="-119.215528">
    <name>Center Camp Canopy</name>
    <cmt>Center Camp Canopy</cmt>
  </wpt>
  <wpt lat="40.788094" lon="-119.201487">
    <name>Temple</name>
    <cmt>Temple</cmt>
  </wpt>
  <wpt lat="40.753860" lon="-119.277870">
    <name>8-Mile Entrance</name>
    <cmt>8-Mile Entrance</cmt>
  </wpt>
  <wpt lat="40.776230" lon="-119.263930">
    <name>12-Mile Entrance</name>
    <cmt>12-Mile Entrance</cmt>
  </wpt>
  <wpt lat="40.767969" lon="-119.219468">
    <name>DPW</name>
    <cmt>DPW</cmt>
  </wpt>
  <wpt lat="40.774423" lon="-119.227960">
    <name>Services</name>
    <cmt>Services</cmt>
  </wpt>
  <wpt lat="40.799405" lon="-119.220151">
    <name>Hell Station</name>
    <cmt>Hell Station</cmt>
  </wpt>
  <wpt lat="40.760776" lon="-119.212551">
    <name>Port of Entry</name>
    <cmt>Port of Entry</cmt>
  </wpt>
  <wpt lat="40.776776" lon="-119.211394">
    <name>First Aid (Main)</name>
    <cmt>First Aid (Main)</cmt>
  </wpt>
  <wpt lat="40.776326" lon="-119.198901">
    <name>First Aid (3:00)</name>
    <cmt>First Aid (3:00)</cmt>
  </wpt>
  <wpt lat="40.790158" lon="-119.216843">
    <name>First Aid (9:00)</name>
    <cmt>First Aid (9:00)</cmt>
  </wpt>
  <wpt lat="40.779742" lon="-119.215845">
    <name>Ranger HQ</name>
    <cmt>Ranger HQ</cmt>
  </wpt>
  <wpt lat="40.776423" lon="-119.198774">
    <name>Ranger Outpost (Berlin)</name>
    <cmt>Ranger Outpost (Berlin)</cmt>
  </wpt>
  <wpt lat="40.790061" lon="-119.216970">
    <name>Ranger Outpost (Tokyo)</name>
    <cmt>Ranger Outpost (Tokyo)</cmt>
  </wpt>
  <wpt lat="40.770237" lon="-119.224975">
    <name>Greeters</name>
    <cmt>Greeters</cmt>
  </wpt>
  <wpt lat="40.778125" lon="-119.213036">
    <name>Playa Info</name>
    <cmt>Playa Info</cmt>
  </wpt>
  <wpt lat="40.779680" lon="-119.237425">
    <name>Point 1</name>
    <cmt>Point 1</cmt>
  </wpt>
  <wpt lat="40.803508" lon="-119.221460">
    <name>Point 2</name>
    <cmt>Point 2</cmt>
  </wpt>
  <wpt lat="40.799324" lon="-119.186707">
    <name>Point 3</name>
    <cmt>Point 3</cmt>
  </wpt>
  <wpt lat="40.772913" lon="-119.181213">
    <name>Point 4</name>
    <cmt>Point 4</cmt>
  </wpt>
  <wpt lat="40.760776" lon="-119.212551">
    <name>Point 5</name>
    <cmt>Point 5</cmt>
  </wpt>
  <trk>
    <name>Fence</name>
    <trkseg>
      <trkpt lat="40.799324" lon="-119.186707">
        <name>Fence Post 0</name>
      </trkpt>
      <trkpt lat="40.772913" lon="-119.181213">
        <name>Fence Post 72</name>
      </trkpt>
      <trkpt lat="40.760776" lon="-119.212551">
        <name>Fence Post 144</name>
      </trkpt>
      <trkpt lat="40.779680" lon="-119.237425">
        <name>Fence Post 216</name>
      </trkpt>
      <trkpt lat="40.803508" lon="-119.221460">
        <name>Fence Post 288</name>
      </trkpt>
      <trkpt lat="40.799324" lon="-119.186707">
        <name>Fence Post 0</name>
      </trkpt>
    </trkseg>
  </trk>
  <trk>
    <!--Estimated from PLSS-->
    <name>Phase 2 Closure Zone</name>
    <trkseg>
      <trkpt lat="40.868550" lon="-119.195270" />
      <trkpt lat="40.878150" lon="-119.195270" />
      <trkpt lat="40.878150" lon="-119.101420" />
      <trkpt lat="40.769490" lon="-119.101300" />
      <trkpt lat="40.769490" lon="-119.119970" />
      <trkpt lat="40.771270" lon="-119.119950" />
      <trkpt lat="40.747800" lon="-119.179640" />
      <trkpt lat="40.747780" lon="-119.193250" />
      <trkpt lat="40.733300" lon="-119.193260" />
      <trkpt lat="40.733370" lon="-119.212250" />
      <trkpt lat="40.718880" lon="-119.212290" />
      <trkpt lat="40.719020" lon="-119.250330" />
      <trkpt lat="40.704520" lon="-119.250430" />
      <trkpt lat="40.704600" lon="-119.269510" />
      <trkpt lat="40.696660" lon="-119.269600" />
      <trkpt lat="40.697030" lon="-119.350960" />
      <trkpt lat="40.698850" lon="-119.350920" />
      <trkpt lat="40.698850" lon="-119.346130" />
      <trkpt lat="40.702480" lon="-119.346070" />
      <trkpt lat="40.702460" lon="-119.341260" />
      <trkpt lat="40.709730" lon="-119.341160" />
      <trkpt lat="40.709670" lon="-119.326800" />
      <trkpt lat="40.716940" lon="-119.326720" />
      <trkpt lat="40.716860" lon="-119.317120" />
      <trkpt lat="40.720500" lon="-119.317060" />
      <trkpt lat="40.720440" lon="-119.312270" />
      <trkpt lat="40.722820" lon="-119.312230" />
      <trkpt lat="40.722820" lon="-119.300280" />
      <trkpt lat="40.726450" lon="-119.300240" />
      <trkpt lat="40.726430" lon="-119.294270" />
      <trkpt lat="40.730070" lon="-119.294210" />
      <trkpt lat="40.730050" lon="-119.288220" />
      <trkpt lat="40.737300" lon="-119.288090" />
      <trkpt lat="40.737260" lon="-119.278610" />
      <trkpt lat="40.748160" lon="-119.278440" />
      <trkpt lat="40.748210" lon="-119.287860" />
      <trkpt lat="40.762710" lon="-119.287730" />
      <trkpt lat="40.762600" lon="-119.268890" />
      <trkpt lat="40.755950" lon="-119.268930" />
      <trkpt lat="40.761980" lon="-119.260930" />
      <trkpt lat="40.763740" lon="-119.260780" />
      <trkpt lat="40.774000" lon="-119.262710" />
      <trkpt lat="40.776400" lon="-119.263690" />
      <trkpt lat="40.777090" lon="-119.264450" />
      <trkpt lat="40.782490" lon="-119.270090" />
      <trkpt lat="40.788670" lon="-119.275000" />
      <trkpt lat="40.788630" lon="-119.263980" />
      <trkpt lat="40.792210" lon="-119.263970" />
      <trkpt lat="40.792170" lon="-119.257690" />
      <trkpt lat="40.795800" lon="-119.257640" />
      <trkpt lat="40.795760" lon="-119.252260" />
      <trkpt lat="40.795710" lon="-119.246920" />
      <trkpt lat="40.803160" lon="-119.246860" />
      <trkpt lat="40.803160" lon="-119.237960" />
      <trkpt lat="40.810160" lon="-119.238060" />
      <trkpt lat="40.810130" lon="-119.233200" />
      <trkpt lat="40.824620" lon="-119.233310" />
      <trkpt lat="40.868560" lon="-119.233460" />
      <trkpt lat="40.868550" lon="-119.195270" />
    </trkseg>
  </trk>
  <trk>
    <name>Gate Road</name>
    <trkseg>
      <trkpt lat="40.751444" lon="-119.273565" />
      <trkpt lat="40.746874" lon="-119.263844" />
      <trkpt lat="40.746796" lon="-119.263671" />
      <trkpt lat="40.746722" lon="-119.263495" />
      <trkpt lat="40.746653" lon="-119.263315" />
      <trkpt lat="40.746589" lon="-119.263133" />
      <trkpt lat="40.746530" lon="-119.262947" />
      <trkpt lat="40.746476" lon="-119.262759" />
      <trkpt lat="40.746427" lon="-119.262569" />
      <trkpt lat="40.746383" lon="-119.262377" />
      <trkpt lat="40.746344" lon="-119.262182" />
      <trkpt lat="40.746310" lon="-119.261986" />
      <trkpt lat="40.746281" lon="-119.261789" />
      <trkpt lat="40.746258" lon="-119.261590" />
      <trkpt lat="40.746240" lon="-119.261390" />
      <trkpt lat="40.746227" lon="-119.261190" />
      <trkpt lat="40.746219" lon="-119.260989" />
      <trkpt lat="40.746217" lon="-119.260788" />
      <trkpt lat="40.746220" lon="-119.260587" />
      <trkpt lat="40.746229" lon="-119.260387" />
      <trkpt lat="40.746243" lon="-119.260186" />
      <trkpt lat="40.746262" lon="-119.259987" />
      <trkpt lat="40.746286" lon="-119.259788" />
      <trkpt lat="40.746316" lon="-119.259591" />
      <trkpt lat="40.746350" lon="-119.259395" />
      <trkpt lat="40.746390" lon="-119.259201" />
      <trkpt lat="40.746436" lon="-119.259009" />
      <trkpt lat="40.746486" lon="-119.258819" />
      <trkpt lat="40.746541" lon="-119.258632" />
      <trkpt lat="40.746601" lon="-119.258447" />
      <trkpt lat="40.746666" lon="-119.258265" />
      <trkpt lat="40.746735" lon="-119.258086" />
      <trkpt lat="40.746810" lon="-119.257910" />
      <trkpt lat="40.746889" lon="-119.257738" />
      <trkpt lat="40.746972" lon="-119.257570" />
      <trkpt lat="40.747060" lon="-119.257405" />
      <trkpt lat="40.747152" lon="-119.257245" />
      <trkpt lat="40.747249" lon="-119.257089" />
      <trkpt lat="40.747349" lon="-119.256937" />
      <trkpt lat="40.747454" lon="-119.256790" />
      <trkpt lat="40.747562" lon="-119.256648" />
      <trkpt lat="40.747674" lon="-119.256511" />
      <trkpt lat="40.747789" lon="-119.256380" />
      <trkpt lat="40.747908" lon="-119.256253" />
      <trkpt lat="40.748030" lon="-119.256132" />
      <trkpt lat="40.748156" lon="-119.256017" />
      <trkpt lat="40.748284" lon="-119.255908" />
      <trkpt lat="40.748415" lon="-119.255804" />
      <trkpt lat="40.748549" lon="-119.255707" />
      <trkpt lat="40.748685" lon="-119.255616" />
      <trkpt lat="40.748824" lon="-119.255531" />
      <trkpt lat="40.748964" lon="-119.255452" />
      <trkpt lat="40.768186" lon="-119.245240" />
      <trkpt lat="40.768326" lon="-119.245161" />
      <trkpt lat="40.768465" lon="-119.245076" />
      <trkpt lat="40.768601" lon="-119.244985" />
      <trkpt lat="40.768734" lon="-119.244888" />
      <trkpt lat="40.768865" lon="-119.244785" />
      <trkpt lat="40.768993" lon="-119.244676" />
      <trkpt lat="40.769118" lon="-119.244561" />
      <trkpt lat="40.769240" lon="-119.244441" />
      <trkpt lat="40.769358" lon="-119.244315" />
      <trkpt lat="40.769473" lon="-119.244183" />
      <trkpt lat="40.769585" lon="-119.244047" />
      <trkpt lat="40.769693" lon="-119.243905" />
      <trkpt lat="40.769797" lon="-119.243759" />
      <trkpt lat="40.769898" lon="-119.243608" />
      <trkpt lat="40.769994" lon="-119.243452" />
      <trkpt lat="40.770086" lon="-119.243293" />
      <trkpt lat="40.770174" lon="-119.243129" />
      <trkpt lat="40.770257" lon="-119.242961" />
      <trkpt lat="40.770336" lon="-119.242789" />
      <trkpt lat="40.770411" lon="-119.242614" />
      <trkpt lat="40.770481" lon="-119.242436" />
      <trkpt lat="40.770546" lon="-119.242254" />
      <trkpt lat="40.770606" lon="-119.242070" />
      <trkpt lat="40.770661" lon="-119.241883" />
      <trkpt lat="40.770711" lon="-119.241694" />
      <trkpt lat="40.770756" lon="-119.241502" />
      <trkpt lat="40.770797" lon="-119.241309" />
      <trkpt lat="40.770832" lon="-119.241114" />
      <trkpt lat="40.770862" lon="-119.240917" />
      <trkpt lat="40.770886" lon="-119.240719" />
      <trkpt lat="40.770906" lon="-119.240520" />
      <trkpt lat="40.770920" lon="-119.240320" />
      <trkpt lat="40.770929" lon="-119.240120" />
      <trkpt lat="40.770932" lon="-119.239920" />
      <trkpt lat="40.770931" lon="-119.239719" />
      <trkpt lat="40.770924" lon="-119.239519" />
      <trkpt lat="40.770911" lon="-119.239319" />
      <trkpt lat="40.770894" lon="-119.239119" />
      <trkpt lat="40.770871" lon="-119.238921" />
      <trkpt lat="40.770843" lon="-119.238724" />
      <trkpt lat="40.770810" lon="-119.238528" />
      <trkpt lat="40.770771" lon="-119.238334" />
      <trkpt lat="40.770728" lon="-119.238142" />
      <trkpt lat="40.770679" lon="-119.237952" />
      <trkpt lat="40.770626" lon="-119.237764" />
      <trkpt lat="40.770568" lon="-119.237579" />
      <trkpt lat="40.770504" lon="-119.237396" />
      <trkpt lat="40.770436" lon="-119.237217" />
      <trkpt lat="40.770363" lon="-119.237040" />
      <trkpt lat="40.770286" lon="-119.236868" />
      <trkpt lat="40.770204" lon="-119.236698" />
      <trkpt lat="40.770118" lon="-119.236533" />
      <trkpt lat="40.768584" lon="-119.233701" />
      <trkpt lat="40.768499" lon="-119.233537" />
      <trkpt lat="40.768418" lon="-119.233369" />
      <trkpt lat="40.768341" lon="-119.233198" />
      <trkpt lat="40.768268" lon="-119.233023" />
      <trkpt lat="40.768201" lon="-119.232845" />
      <trkpt lat="40.768138" lon="-119.232664" />
      <trkpt lat="40.768080" lon="-119.232481" />
      <trkpt lat="40.768026" lon="-119.232295" />
      <trkpt lat="40.767978" lon="-119.232106" />
      <trkpt lat="40.767934" lon="-119.231916" />
      <trkpt lat="40.767896" lon="-119.231723" />
      <trkpt lat="40.767862" lon="-119.231529" />
      <trkpt lat="40.767834" lon="-119.231334" />
      <trkpt lat="40.767811" lon="-119.231138" />
      <trkpt lat="40.767793" lon="-119.230940" />
      <trkpt lat="40.767780" lon="-119.230742" />
      <trkpt lat="40.767772" lon="-119.230543" />
      <trkpt lat="40.767770" lon="-119.230344" />
      <trkpt lat="40.767772" lon="-119.230146" />
      <trkpt lat="40.767780" lon="-119.229947" />
      <trkpt lat="40.767794" lon="-119.229749" />
      <trkpt lat="40.767812" lon="-119.229551" />
      <trkpt lat="40.767835" lon="-119.229355" />
      <trkpt lat="40.767864" lon="-119.229160" />
      <trkpt lat="40.767898" lon="-119.228966" />
      <trkpt lat="40.767936" lon="-119.228773" />
      <trkpt lat="40.767980" lon="-119.228583" />
      <trkpt lat="40.768029" lon="-119.228395" />
      <trkpt lat="40.768082" lon="-119.228209" />
      <trkpt lat="40.768141" lon="-119.228025" />
      <trkpt lat="40.768204" lon="-119.227845" />
      <trkpt lat="40.768272" lon="-119.227667" />
      <trkpt lat="40.768344" lon="-119.227492" />
      <trkpt lat="40.768421" lon="-119.227321" />
      <trkpt lat="40.768503" lon="-119.227154" />
      <trkpt lat="40.768589" lon="-119.226990" />
      <trkpt lat="40.768679" lon="-119.226830" />
      <trkpt lat="40.768773" lon="-119.226675" />
      <trkpt lat="40.768871" lon="-119.226523" />
      <trkpt lat="40.768973" lon="-119.226377" />
      <trkpt lat="40.769079" lon="-119.226235" />
      <trkpt lat="40.770237" lon="-119.224975" />
    </trkseg>
  </trk>
  <trk>
    <name>10:00</name>
    <trkseg>
      <trkpt lat="40.789870" lon="-119.210208">
        <name>man/10:00/2500</name>
      </trkpt>
      <trkpt lat="40.791023" lon="-119.210614">
        <name>man/10:00/2935</name>
      </trkpt>
      <trkpt lat="40.791766" lon="-119.210876">
        <name>man/10:00/3215</name>
      </trkpt>
      <trkpt lat="40.792508" lon="-119.211138">
        <name>man/10:00/3495</name>
      </trkpt>
      <trkpt lat="40.793250" lon="-119.211400">
        <name>man/10:00/3775</name>
      </trkpt>
      <trkpt lat="40.794006" lon="-119.211666">
        <name>man/10:00/4060</name>
      </trkpt>
      <trkpt lat="40.795292" lon="-119.212119">
        <name>man/10:00/4545</name>
      </trkpt>
      <trkpt lat="40.796034" lon="-119.212381">
        <name>man/10:00/4825</name>
      </trkpt>
      <trkpt lat="40.796776" lon="-119.212643">
        <name>man/10:00/5105</name>
      </trkpt>
      <trkpt lat="40.797519" lon="-119.212905">
        <name>man/10:00/5385</name>
      </trkpt>
      <trkpt lat="40.797996" lon="-119.213073">
        <name>man/10:00/5565</name>
      </trkpt>
      <trkpt lat="40.798499" lon="-119.213251">
        <name>man/10:00/5755</name>
      </trkpt>
    </trkseg>
  </trk>
  <trk>
    <name>12:00</name>
    <trkseg>
      <trkpt lat="40.784057" lon="-119.206799">
        <name>man/12:00/420</name>
      </trkpt>
      <trkpt lat="40.788094" lon="-119.201487">
        <name>man/12:00/2500</name>
      </trkpt>
    </trkseg>
  </trk>
  <trk>
    <name>2:00</name>
    <trkseg>
      <trkpt lat="40.781466" lon="-119.199151">
        <name>man/2:00/2500</name>
      </trkpt>
      <trkpt lat="40.781157" lon="-119.197634">
        <name>man/2:00/2935</name>
      </trkpt>
      <trkpt lat="40.780958" lon="-119.196658">
        <name>man/2:00/3215</name>
      </trkpt>
      <trkpt lat="40.780759" lon="-119.195681">
        <name>man/2:00/3495</name>
      </trkpt>
      <trkpt lat="40.780560" lon="-119.194705">
        <name>man/2:00/3775</name>
      </trkpt>
      <trkpt lat="40.780357" lon="-119.193711">
        <name>man/2:00/4060</name>
      </trkpt>
      <trkpt lat="40.780012" lon="-119.192019">
        <name>man/2:00/4545</name>
      </trkpt>
      <trkpt lat="40.779813" lon="-119.191043">
        <name>man/2:00/4825</name>
      </trkpt>
      <trkpt lat="40.779614" lon="-119.190066">
        <name>man/2:00/5105</name>
      </trkpt>
      <trkpt lat="40.779415" lon="-119.189090">
        <name>man/2:00/5385</name>
      </trkpt>
      <trkpt lat="40.779287" lon="-119.188462">
        <name>man/2:00/5565</name>
      </trkpt>
      <trkpt lat="40.779152" lon="-119.187799">
        <name>man/2:00/5755</name>
      </trkpt>
    </trkseg>
  </trk>
  <trk>
    <name>2:15</name>
    <trkseg>
      <trkpt lat="40.778467" lon="-119.192710">
        <name>man/2:15/4545</name>
      </trkpt>
      <trkpt lat="40.778173" lon="-119.191776">
        <name>man/2:15/4825</name>
      </trkpt>
      <trkpt lat="40.777879" lon="-119.190842">
        <name>man/2:15/5105</name>
      </trkpt>
      <trkpt lat="40.777584" lon="-119.189908">
        <name>man/2:15/5385</name>
      </trkpt>
      <trkpt lat="40.777395" lon="-119.189307">
        <name>man/2:15/5565</name>
      </trkpt>
      <trkpt lat="40.777196" lon="-119.188674">
        <name>man/2:15/5755</name>
      </trkpt>
    </trkseg>
  </trk>
  <trk>
    <name>2:30</name>
    <trkseg>
      <trkpt lat="40.779811" lon="-119.200053">
        <name>man/2:30/2500</name>
      </trkpt>
      <trkpt lat="40.779214" lon="-119.198693">
        <name>man/2:30/2935</name>
      </trkpt>
      <trkpt lat="40.778829" lon="-119.197818">
        <name>man/2:30/3215</name>
      </trkpt>
      <trkpt lat="40.778445" lon="-119.196942">
        <name>man/2:30/3495</name>
      </trkpt>
      <trkpt lat="40.778061" lon="-119.196067">
        <name>man/2:30/3775</name>
      </trkpt>
      <trkpt lat="40.777670" lon="-119.195176">
        <name>man/2:30/4060</name>
      </trkpt>
      <trkpt lat="40.777004" lon="-119.193659">
        <name>man/2:30/4545</name>
      </trkpt>
      <trkpt lat="40.776619" lon="-119.192784">
        <name>man/2:30/4825</name>
      </trkpt>
      <trkpt lat="40.776235" lon="-119.191909">
        <name>man/2:30/5105</name>
      </trkpt>
      <trkpt lat="40.775851" lon="-119.191033">
        <name>man/2:30/5385</name>
      </trkpt>
      <trkpt lat="40.775604" lon="-119.190470">
        <name>man/2:30/5565</name>
      </trkpt>
      <trkpt lat="40.775343" lon="-119.189876">
        <name>man/2:30/5755</name>
      </trkpt>
    </trkseg>
  </trk>
  <trk>
    <name>2:45</name>
    <trkseg>
      <trkpt lat="40.775647" lon="-119.194852">
        <name>man/2:45/4545</name>
      </trkpt>
      <trkpt lat="40.775179" lon="-119.194050">
        <name>man/2:45/4825</name>
      </trkpt>
      <trkpt lat="40.774711" lon="-119.193248">
        <name>man/2:45/5105</name>
      </trkpt>
      <trkpt lat="40.774243" lon="-119.192446">
        <name>man/2:45/5385</name>
      </trkpt>
      <trkpt lat="40.773942" lon="-119.191931">
        <name>man/2:45/5565</name>
      </trkpt>
      <trkpt lat="40.773625" lon="-119.191387">
        <name>man/2:45/5755</name>
      </trkpt>
    </trkseg>
  </trk>
  <trk>
    <name>3:00</name>
    <trkseg>
      <trkpt lat="40.778390" lon="-119.201488">
        <name>man/3:00/2500</name>
      </trkpt>
      <trkpt lat="40.777545" lon="-119.200378">
        <name>man/3:00/2935</name>
      </trkpt>
      <trkpt lat="40.777002" lon="-119.199663">
        <name>man/3:00/3215</name>
      </trkpt>
      <trkpt lat="40.776459" lon="-119.198948">
        <name>man/3:00/3495</name>
      </trkpt>
      <trkpt lat="40.775915" lon="-119.198233">
        <name>man/3:00/3775</name>
      </trkpt>
      <trkpt lat="40.775362" lon="-119.197506">
        <name>man/3:00/4060</name>
      </trkpt>
      <trkpt lat="40.774420" lon="-119.196268">
        <name>man/3:00/4545</name>
      </trkpt>
      <trkpt lat="40.773877" lon="-119.195553">
        <name>man/3:00/4825</name>
      </trkpt>
      <trkpt lat="40.773333" lon="-119.194838">
        <name>man/3:00/5105</name>
      </trkpt>
      <trkpt lat="40.772790" lon="-119.194124">
        <name>man/3:00/5385</name>
      </trkpt>
      <trkpt lat="40.772441" lon="-119.193664">
        <name>man/3:00/5565</name>
      </trkpt>
      <trkpt lat="40.772072" lon="-119.193179">
        <name>man/3:00/5755</name>
      </trkpt>
    </trkseg>
  </trk>
  <trk>
    <name>3:00</name>
    <trkseg>
      <trkpt lat="40.782427" lon="-119.206799">
        <name>man/3:00/420</name>
      </trkpt>
      <trkpt lat="40.778390" lon="-119.201488">
        <name>man/3:00/2500</name>
      </trkpt>
    </trkseg>
  </trk>
  <trk>
    <name>3:15</name>
    <trkseg>
      <trkpt lat="40.773345" lon="-119.197882">
        <name>man/3:15/4545</name>
      </trkpt>
      <trkpt lat="40.772735" lon="-119.197266">
        <name>man/3:15/4825</name>
      </trkpt>
      <trkpt lat="40.772125" lon="-119.196651">
        <name>man/3:15/5105</name>
      </trkpt>
      <trkpt lat="40.771515" lon="-119.196036">
        <name>man/3:15/5385</name>
      </trkpt>
      <trkpt lat="40.771123" lon="-119.195640">
        <name>man/3:15/5565</name>
      </trkpt>
      <trkpt lat="40.770710" lon="-119.195223">
        <name>man/3:15/5755</name>
      </trkpt>
    </trkseg>
  </trk>
  <trk>
    <name>3:30</name>
    <trkseg>
      <trkpt lat="40.777299" lon="-119.203358">
        <name>man/3:30/2500</name>
      </trkpt>
      <trkpt lat="40.776265" lon="-119.202573">
        <name>man/3:30/2935</name>
      </trkpt>
      <trkpt lat="40.775600" lon="-119.202067">
        <name>man/3:30/3215</name>
      </trkpt>
      <trkpt lat="40.774934" lon="-119.201562">
        <name>man/3:30/3495</name>
      </trkpt>
      <trkpt lat="40.774269" lon="-119.201056">
        <name>man/3:30/3775</name>
      </trkpt>
      <trkpt lat="40.773591" lon="-119.200542">
        <name>man/3:30/4060</name>
      </trkpt>
      <trkpt lat="40.772438" lon="-119.199666">
        <name>man/3:30/4545</name>
      </trkpt>
      <trkpt lat="40.771773" lon="-119.199161">
        <name>man/3:30/4825</name>
      </trkpt>
      <trkpt lat="40.771107" lon="-119.198656">
        <name>man/3:30/5105</name>
      </trkpt>
      <trkpt lat="40.770441" lon="-119.198150">
        <name>man/3:30/5385</name>
      </trkpt>
      <trkpt lat="40.770014" lon="-119.197826">
        <name>man/3:30/5565</name>
      </trkpt>
      <trkpt lat="40.769562" lon="-119.197483">
        <name>man/3:30/5755</name>
      </trkpt>
    </trkseg>
  </trk>
  <trk>
    <name>3:45</name>
    <trkseg>
      <trkpt lat="40.771717" lon="-119.201592">
        <name>man/3:45/4545</name>
      </trkpt>
      <trkpt lat="40.771007" lon="-119.201205">
        <name>man/3:45/4825</name>
      </trkpt>
      <trkpt lat="40.770297" lon="-119.200818">
        <name>man/3:45/5105</name>
      </trkpt>
      <trkpt lat="40.769587" lon="-119.200431">
        <name>man/3:45/5385</name>
      </trkpt>
      <trkpt lat="40.769130" lon="-119.200183">
        <name>man/3:45/5565</name>
      </trkpt>
      <trkpt lat="40.768648" lon="-119.199920">
        <name>man/3:45/5755</name>
      </trkpt>
    </trkseg>
  </trk>
  <trk>
    <name>4:00</name>
    <trkseg>
      <trkpt lat="40.776614" lon="-119.205535">
        <name>man/4:00/2500</name>
      </trkpt>
      <trkpt lat="40.775461" lon="-119.205128">
        <name>man/4:00/2935</name>
      </trkpt>
      <trkpt lat="40.774718" lon="-119.204867">
        <name>man/4:00/3215</name>
      </trkpt>
      <trkpt lat="40.773976" lon="-119.204605">
        <name>man/4:00/3495</name>
      </trkpt>
      <trkpt lat="40.773234" lon="-119.204343">
        <name>man/4:00/3775</name>
      </trkpt>
      <trkpt lat="40.772478" lon="-119.204077">
        <name>man/4:00/4060</name>
      </trkpt>
      <trkpt lat="40.771192" lon="-119.203624">
        <name>man/4:00/4545</name>
      </trkpt>
      <trkpt lat="40.770450" lon="-119.203363">
        <name>man/4:00/4825</name>
      </trkpt>
      <trkpt lat="40.769708" lon="-119.203101">
        <name>man/4:00/5105</name>
      </trkpt>
      <trkpt lat="40.768965" lon="-119.202839">
        <name>man/4:00/5385</name>
      </trkpt>
      <trkpt lat="40.768488" lon="-119.202671">
        <name>man/4:00/5565</name>
      </trkpt>
      <trkpt lat="40.767984" lon="-119.202494">
        <name>man/4:00/5755</name>
      </trkpt>
    </trkseg>
  </trk>
  <trk>
    <name>4:15</name>
    <trkseg>
      <trkpt lat="40.770874" lon="-119.205729">
        <name>man/4:15/4545</name>
      </trkpt>
      <trkpt lat="40.770112" lon="-119.205597">
        <name>man/4:15/4825</name>
      </trkpt>
      <trkpt lat="40.769350" lon="-119.205465">
        <name>man/4:15/5105</name>
      </trkpt>
      <trkpt lat="40.768588" lon="-119.205333">
        <name>man/4:15/5385</name>
      </trkpt>
      <trkpt lat="40.768098" lon="-119.205249">
        <name>man/4:15/5565</name>
      </trkpt>
      <trkpt lat="40.767581" lon="-119.205159">
        <name>man/4:15/5755</name>
      </trkpt>
    </trkseg>
  </trk>
  <trk>
    <name>4:30</name>
    <trkseg>
      <trkpt lat="40.776380" lon="-119.207871">
        <name>man/4:30/2500</name>
      </trkpt>
      <trkpt lat="40.775186" lon="-119.207871">
        <name>man/4:30/2935</name>
      </trkpt>
      <trkpt lat="40.774418" lon="-119.207871">
        <name>man/4:30/3215</name>
      </trkpt>
      <trkpt lat="40.773649" lon="-119.207871">
        <name>man/4:30/3495</name>
      </trkpt>
      <trkpt lat="40.772881" lon="-119.207871">
        <name>man/4:30/3775</name>
      </trkpt>
      <trkpt lat="40.772098" lon="-119.207871">
        <name>man/4:30/4060</name>
      </trkpt>
      <trkpt lat="40.770767" lon="-119.207871">
        <name>man/4:30/4545</name>
      </trkpt>
      <trkpt lat="40.769999" lon="-119.207871">
        <name>man/4:30/4825</name>
      </trkpt>
      <trkpt lat="40.769230" lon="-119.207871">
        <name>man/4:30/5105</name>
      </trkpt>
      <trkpt lat="40.768462" lon="-119.207871">
        <name>man/4:30/5385</name>
      </trkpt>
      <trkpt lat="40.767968" lon="-119.207871">
        <name>man/4:30/5565</name>
      </trkpt>
      <trkpt lat="40.767446" lon="-119.207871">
        <name>man/4:30/5755</name>
      </trkpt>
    </trkseg>
  </trk>
  <trk>
    <name>4:45</name>
    <trkseg>
      <trkpt lat="40.770874" lon="-119.210013">
        <name>man/4:45/4545</name>
      </trkpt>
      <trkpt lat="40.770112" lon="-119.210145">
        <name>man/4:45/4825</name>
      </trkpt>
      <trkpt lat="40.769350" lon="-119.210277">
        <name>man/4:45/5105</name>
      </trkpt>
      <trkpt lat="40.768588" lon="-119.210409">
        <name>man/4:45/5385</name>
      </trkpt>
      <trkpt lat="40.768098" lon="-119.210493">
        <name>man/4:45/5565</name>
      </trkpt>
      <trkpt lat="40.767581" lon="-119.210583">
        <name>man/4:45/5755</name>
      </trkpt>
    </trkseg>
  </trk>
  <trk>
    <name>5:00</name>
    <trkseg>
      <trkpt lat="40.776614" lon="-119.210207">
        <name>man/5:00/2500</name>
      </trkpt>
      <trkpt lat="40.775461" lon="-119.210614">
        <name>man/5:00/2935</name>
      </trkpt>
      <trkpt lat="40.774718" lon="-119.210875">
        <name>man/5:00/3215</name>
      </trkpt>
      <trkpt lat="40.773976" lon="-119.211137">
        <name>man/5:00/3495</name>
      </trkpt>
      <trkpt lat="40.773234" lon="-119.211399">
        <name>man/5:00/3775</name>
      </trkpt>
      <trkpt lat="40.772478" lon="-119.211665">
        <name>man/5:00/4060</name>
      </trkpt>
      <trkpt lat="40.771192" lon="-119.212118">
        <name>man/5:00/4545</name>
      </trkpt>
      <trkpt lat="40.770450" lon="-119.212379">
        <name>man/5:00/4825</name>
      </trkpt>
      <trkpt lat="40.769708" lon="-119.212641">
        <name>man/5:00/5105</name>
      </trkpt>
      <trkpt lat="40.768965" lon="-119.212903">
        <name>man/5:00/5385</name>
      </trkpt>
      <trkpt lat="40.768488" lon="-119.213071">
        <name>man/5:00/5565</name>
      </trkpt>
      <trkpt lat="40.767984" lon="-119.213248">
        <name>man/5:00/5755</name>
      </trkpt>
    </trkseg>
  </trk>
  <trk>
    <name>5:15</name>
    <trkseg>
      <trkpt lat="40.771717" lon="-119.214150">
        <name>man/5:15/4545</name>
      </trkpt>
      <trkpt lat="40.771007" lon="-119.214537">
        <name>man/5:15/4825</name>
      </trkpt>
      <trkpt lat="40.770297" lon="-119.214924">
        <name>man/5:15/5105</name>
      </trkpt>
      <trkpt lat="40.769587" lon="-119.215311">
        <name>man/5:15/5385</name>
      </trkpt>
      <trkpt lat="40.769130" lon="-119.215559">
        <name>man/5:15/5565</name>
      </trkpt>
      <trkpt lat="40.768648" lon="-119.215822">
        <name>man/5:15/5755</name>
      </trkpt>
    </trkseg>
  </trk>
  <trk>
    <name>5:30</name>
    <trkseg>
      <trkpt lat="40.776277" lon="-119.213165">
        <name>man/5:30/2935</name>
      </trkpt>
      <trkpt lat="40.775600" lon="-119.213675">
        <name>man/5:30/3215</name>
      </trkpt>
      <trkpt lat="40.774934" lon="-119.214180">
        <name>man/5:30/3495</name>
      </trkpt>
      <trkpt lat="40.774269" lon="-119.214686">
        <name>man/5:30/3775</name>
      </trkpt>
      <trkpt lat="40.773591" lon="-119.215200">
        <name>man/5:30/4060</name>
      </trkpt>
      <trkpt lat="40.772438" lon="-119.216076">
        <name>man/5:30/4545</name>
      </trkpt>
      <trkpt lat="40.771773" lon="-119.216581">
        <name>man/5:30/4825</name>
      </trkpt>
      <trkpt lat="40.771107" lon="-119.217086">
        <name>man/5:30/5105</name>
      </trkpt>
      <trkpt lat="40.770441" lon="-119.217592">
        <name>man/5:30/5385</name>
      </trkpt>
      <trkpt lat="40.770014" lon="-119.217916">
        <name>man/5:30/5565</name>
      </trkpt>
      <trkpt lat="40.769562" lon="-119.218259">
        <name>man/5:30/5755</name>
      </trkpt>
      <trkpt lat="40.769110" lon="-119.218602">
        <name>man/5:30/5945</name>
      </trkpt>
      <trkpt lat="40.768968" lon="-119.218711">
        <name>man/5:30/6005</name>
      </trkpt>
      <trkpt lat="40.767969" lon="-119.219468">
        <name>man/5:30/6425</name>
      </trkpt>
    </trkseg>
    <trkseg>
      <trkpt lat="40.777455" lon="-119.212721" />
      <trkpt lat="40.777421" lon="-119.212726">
        <name>cc/1:30/776</name>
      </trkpt>
      <trkpt lat="40.777235" lon="-119.212737">
        <name>cc/1:40/776</name>
      </trkpt>
      <trkpt lat="40.777051" lon="-119.212769">
        <name>cc/1:50/776</name>
      </trkpt>
      <trkpt lat="40.776870" lon="-119.212822">
        <name>cc/2:00/776</name>
      </trkpt>
      <trkpt lat="40.776693" lon="-119.212895">
        <name>cc/2:10/776</name>
      </trkpt>
      <trkpt lat="40.776521" lon="-119.212989">
        <name>cc/2:20/776</name>
      </trkpt>
      <trkpt lat="40.776356" lon="-119.213102">
        <name>cc/2:30/776</name>
      </trkpt>
      <trkpt lat="40.776277" lon="-119.213165">
        <name>cc/2:35/776</name>
      </trkpt>
    </trkseg>
  </trk>
  <trk>
    <name>5:45</name>
    <trkseg>
      <trkpt lat="40.773345" lon="-119.217860">
        <name>man/5:45/4545</name>
      </trkpt>
      <trkpt lat="40.772735" lon="-119.218476">
        <name>man/5:45/4825</name>
      </trkpt>
      <trkpt lat="40.772125" lon="-119.219091">
        <name>man/5:45/5105</name>
      </trkpt>
      <trkpt lat="40.771515" lon="-119.219706">
        <name>man/5:45/5385</name>
      </trkpt>
      <trkpt lat="40.771123" lon="-119.220102">
        <name>man/5:45/5565</name>
      </trkpt>
      <trkpt lat="40.770710" lon="-119.220519">
        <name>man/5:45/5755</name>
      </trkpt>
    </trkseg>
  </trk>
  <trk>
    <name>6:00</name>
    <trkseg>
      <trkpt lat="40.776936" lon="-119.216166">
        <name>cc/6:00/250</name>
      </trkpt>
      <trkpt lat="40.776470" lon="-119.216779">
        <name>man/6:00/3495</name>
      </trkpt>
    </trkseg>
    <trkseg>
      <trkpt lat="40.776470" lon="-119.216779">
        <name>man/6:00/3495</name>
      </trkpt>
      <trkpt lat="40.775915" lon="-119.217509">
        <name>man/6:00/3775</name>
      </trkpt>
      <trkpt lat="40.775362" lon="-119.218236">
        <name>man/6:00/4060</name>
      </trkpt>
      <trkpt lat="40.774420" lon="-119.219474">
        <name>man/6:00/4545</name>
      </trkpt>
      <trkpt lat="40.773877" lon="-119.220189">
        <name>man/6:00/4825</name>
      </trkpt>
      <trkpt lat="40.773333" lon="-119.220904">
        <name>man/6:00/5105</name>
      </trkpt>
      <trkpt lat="40.772790" lon="-119.221618">
        <name>man/6:00/5385</name>
      </trkpt>
      <trkpt lat="40.772441" lon="-119.222078">
        <name>man/6:00/5565</name>
      </trkpt>
      <trkpt lat="40.772072" lon="-119.222563">
        <name>man/6:00/5755</name>
      </trkpt>
    </trkseg>
  </trk>
  <trk>
    <name>6:00</name>
    <trkseg>
      <trkpt lat="40.782427" lon="-119.208943">
        <name>man/6:00/420</name>
      </trkpt>
      <trkpt lat="40.778927" lon="-119.213547">
        <name>cc/12:00/776</name>
      </trkpt>
      <trkpt lat="40.778372" lon="-119.214277">
        <name>cc/12:00/490</name>
      </trkpt>
      <trkpt lat="40.777906" lon="-119.214890">
        <name>cc/12:00/250</name>
      </trkpt>
    </trkseg>
  </trk>
  <trk>
    <name>6:15</name>
    <trkseg>
      <trkpt lat="40.775647" lon="-119.220890">
        <name>man/6:15/4545</name>
      </trkpt>
      <trkpt lat="40.775179" lon="-119.221692">
        <name>man/6:15/4825</name>
      </trkpt>
      <trkpt lat="40.774711" lon="-119.222494">
        <name>man/6:15/5105</name>
      </trkpt>
      <trkpt lat="40.774243" lon="-119.223296">
        <name>man/6:15/5385</name>
      </trkpt>
      <trkpt lat="40.773942" lon="-119.223811">
        <name>man/6:15/5565</name>
      </trkpt>
      <trkpt lat="40.773625" lon="-119.224355">
        <name>man/6:15/5755</name>
      </trkpt>
    </trkseg>
  </trk>
  <trk>
    <name>6:30</name>
    <trkseg>
      <trkpt lat="40.779217" lon="-119.217033">
        <name>man/6:30/2935</name>
      </trkpt>
      <trkpt lat="40.778829" lon="-119.217924">
        <name>man/6:30/3215</name>
      </trkpt>
      <trkpt lat="40.778445" lon="-119.218800">
        <name>man/6:30/3495</name>
      </trkpt>
      <trkpt lat="40.778061" lon="-119.219675">
        <name>man/6:30/3775</name>
      </trkpt>
      <trkpt lat="40.777670" lon="-119.220566">
        <name>man/6:30/4060</name>
      </trkpt>
      <trkpt lat="40.777004" lon="-119.222083">
        <name>man/6:30/4545</name>
      </trkpt>
      <trkpt lat="40.776619" lon="-119.222958">
        <name>man/6:30/4825</name>
      </trkpt>
      <trkpt lat="40.776235" lon="-119.223833">
        <name>man/6:30/5105</name>
      </trkpt>
      <trkpt lat="40.775851" lon="-119.224709">
        <name>man/6:30/5385</name>
      </trkpt>
      <trkpt lat="40.775604" lon="-119.225272">
        <name>man/6:30/5565</name>
      </trkpt>
      <trkpt lat="40.775343" lon="-119.225866">
        <name>man/6:30/5755</name>
      </trkpt>
      <trkpt lat="40.775082" lon="-119.226460">
        <name>man/6:30/5945</name>
      </trkpt>
      <trkpt lat="40.774999" lon="-119.226647">
        <name>man/6:30/6005</name>
      </trkpt>
      <trkpt lat="40.774423" lon="-119.227960">
        <name>man/6:30/6425</name>
      </trkpt>
    </trkseg>
    <trkseg>
      <trkpt lat="40.779555" lon="-119.215484" />
      <trkpt lat="40.779551" lon="-119.215528">
        <name>cc/10:30/776</name>
      </trkpt>
      <trkpt lat="40.779543" lon="-119.215772">
        <name>cc/10:20/776</name>
      </trkpt>
      <trkpt lat="40.779519" lon="-119.216015">
        <name>cc/10:10/776</name>
      </trkpt>
      <trkpt lat="40.779478" lon="-119.216253">
        <name>cc/10:00/776</name>
      </trkpt>
      <trkpt lat="40.779422" lon="-119.216486">
        <name>cc/9:50/776</name>
      </trkpt>
      <trkpt lat="40.779351" lon="-119.216712">
        <name>cc/9:40/776</name>
      </trkpt>
      <trkpt lat="40.779266" lon="-119.216929">
        <name>cc/9:30/776</name>
      </trkpt>
      <trkpt lat="40.779217" lon="-119.217033">
        <name>cc/9:25/776</name>
      </trkpt>
    </trkseg>
  </trk>
  <trk>
    <name>6:45</name>
    <trkseg>
      <trkpt lat="40.778467" lon="-119.223032">
        <name>man/6:45/4545</name>
      </trkpt>
      <trkpt lat="40.778173" lon="-119.223966">
        <name>man/6:45/4825</name>
      </trkpt>
      <trkpt lat="40.777879" lon="-119.224900">
        <name>man/6:45/5105</name>
      </trkpt>
      <trkpt lat="40.777584" lon="-119.225834">
        <name>man/6:45/5385</name>
      </trkpt>
      <trkpt lat="40.777395" lon="-119.226435">
        <name>man/6:45/5565</name>
      </trkpt>
      <trkpt lat="40.777196" lon="-119.227068">
        <name>man/6:45/5755</name>
      </trkpt>
    </trkseg>
  </trk>
  <trk>
    <name>7:00</name>
    <trkseg>
      <trkpt lat="40.781466" lon="-119.216591">
        <name>man/7:00/2500</name>
      </trkpt>
      <trkpt lat="40.781157" lon="-119.218108">
        <name>man/7:00/2935</name>
      </trkpt>
      <trkpt lat="40.780958" lon="-119.219084">
        <name>man/7:00/3215</name>
      </trkpt>
      <trkpt lat="40.780759" lon="-119.220061">
        <name>man/7:00/3495</name>
      </trkpt>
      <trkpt lat="40.780560" lon="-119.221037">
        <name>man/7:00/3775</name>
      </trkpt>
      <trkpt lat="40.780357" lon="-119.222031">
        <name>man/7:00/4060</name>
      </trkpt>
      <trkpt lat="40.780012" lon="-119.223723">
        <name>man/7:00/4545</name>
      </trkpt>
      <trkpt lat="40.779813" lon="-119.224699">
        <name>man/7:00/4825</name>
      </trkpt>
      <trkpt lat="40.779614" lon="-119.225676">
        <name>man/7:00/5105</name>
      </trkpt>
      <trkpt lat="40.779415" lon="-119.226652">
        <name>man/7:00/5385</name>
      </trkpt>
      <trkpt lat="40.779287" lon="-119.227280">
        <name>man/7:00/5565</name>
      </trkpt>
      <trkpt lat="40.779152" lon="-119.227943">
        <name>man/7:00/5755</name>
      </trkpt>
    </trkseg>
  </trk>
  <trk>
    <name>7:15</name>
    <trkseg>
      <trkpt lat="40.781613" lon="-119.224142">
        <name>man/7:15/4545</name>
      </trkpt>
      <trkpt lat="40.781512" lon="-119.225144">
        <name>man/7:15/4825</name>
      </trkpt>
      <trkpt lat="40.781412" lon="-119.226147">
        <name>man/7:15/5105</name>
      </trkpt>
      <trkpt lat="40.781311" lon="-119.227149">
        <name>man/7:15/5385</name>
      </trkpt>
      <trkpt lat="40.781247" lon="-119.227793">
        <name>man/7:15/5565</name>
      </trkpt>
      <trkpt lat="40.781178" lon="-119.228474">
        <name>man/7:15/5755</name>
      </trkpt>
    </trkseg>
  </trk>
  <trk>
    <name>7:30</name>
    <trkseg>
      <trkpt lat="40.783242" lon="-119.216898">
        <name>man/7:30/2500</name>
      </trkpt>
      <trkpt lat="40.783242" lon="-119.218469">
        <name>man/7:30/2935</name>
      </trkpt>
      <trkpt lat="40.783241" lon="-119.219480">
        <name>man/7:30/3215</name>
      </trkpt>
      <trkpt lat="40.783241" lon="-119.220491">
        <name>man/7:30/3495</name>
      </trkpt>
      <trkpt lat="40.783241" lon="-119.221502">
        <name>man/7:30/3775</name>
      </trkpt>
      <trkpt lat="40.783241" lon="-119.222531">
        <name>man/7:30/4060</name>
      </trkpt>
      <trkpt lat="40.783241" lon="-119.224283">
        <name>man/7:30/4545</name>
      </trkpt>
      <trkpt lat="40.783241" lon="-119.225294">
        <name>man/7:30/4825</name>
      </trkpt>
      <trkpt lat="40.783241" lon="-119.226305">
        <name>man/7:30/5105</name>
      </trkpt>
      <trkpt lat="40.783240" lon="-119.227316">
        <name>man/7:30/5385</name>
      </trkpt>
      <trkpt lat="40.783240" lon="-119.227966">
        <name>man/7:30/5565</name>
      </trkpt>
      <trkpt lat="40.783240" lon="-119.228652">
        <name>man/7:30/5755</name>
      </trkpt>
    </trkseg>
  </trk>
  <trk>
    <name>7:45</name>
    <trkseg>
      <trkpt lat="40.784869" lon="-119.224143">
        <name>man/7:45/4545</name>
      </trkpt>
      <trkpt lat="40.784969" lon="-119.225145">
        <name>man/7:45/4825</name>
      </trkpt>
      <trkpt lat="40.785069" lon="-119.226148">
        <name>man/7:45/5105</name>
      </trkpt>
      <trkpt lat="40.785170" lon="-119.227150">
        <name>man/7:45/5385</name>
      </trkpt>
      <trkpt lat="40.785234" lon="-119.227795">
        <name>man/7:45/5565</name>
      </trkpt>
      <trkpt lat="40.785302" lon="-119.228475">
        <name>man/7:45/5755</name>
      </trkpt>
    </trkseg>
  </trk>
  <trk>
    <name>8:00</name>
    <trkseg>
      <trkpt lat="40.785018" lon="-119.216591">
        <name>man/8:00/2500</name>
      </trkpt>
      <trkpt lat="40.785327" lon="-119.218108">
        <name>man/8:00/2935</name>
      </trkpt>
      <trkpt lat="40.785525" lon="-119.219085">
        <name>man/8:00/3215</name>
      </trkpt>
      <trkpt lat="40.785724" lon="-119.220062">
        <name>man/8:00/3495</name>
      </trkpt>
      <trkpt lat="40.785923" lon="-119.221038">
        <name>man/8:00/3775</name>
      </trkpt>
      <trkpt lat="40.786125" lon="-119.222032">
        <name>man/8:00/4060</name>
      </trkpt>
      <trkpt lat="40.786470" lon="-119.223724">
        <name>man/8:00/4545</name>
      </trkpt>
      <trkpt lat="40.786668" lon="-119.224701">
        <name>man/8:00/4825</name>
      </trkpt>
      <trkpt lat="40.786867" lon="-119.225678">
        <name>man/8:00/5105</name>
      </trkpt>
      <trkpt lat="40.787066" lon="-119.226654">
        <name>man/8:00/5385</name>
      </trkpt>
      <trkpt lat="40.787194" lon="-119.227282">
        <name>man/8:00/5565</name>
      </trkpt>
      <trkpt lat="40.787329" lon="-119.227945">
        <name>man/8:00/5755</name>
      </trkpt>
    </trkseg>
  </trk>
  <trk>
    <name>8:15</name>
    <trkseg>
      <trkpt lat="40.788015" lon="-119.223035">
        <name>man/8:15/4545</name>
      </trkpt>
      <trkpt lat="40.788309" lon="-119.223969">
        <name>man/8:15/4825</name>
      </trkpt>
      <trkpt lat="40.788603" lon="-119.224903">
        <name>man/8:15/5105</name>
      </trkpt>
      <trkpt lat="40.788897" lon="-119.225837">
        <name>man/8:15/5385</name>
      </trkpt>
      <trkpt lat="40.789086" lon="-119.226438">
        <name>man/8:15/5565</name>
      </trkpt>
      <trkpt lat="40.789285" lon="-119.227072">
        <name>man/8:15/5755</name>
      </trkpt>
    </trkseg>
  </trk>
  <trk>
    <name>8:30</name>
    <trkseg>
      <trkpt lat="40.786673" lon="-119.215689">
        <name>man/8:30/2500</name>
      </trkpt>
      <trkpt lat="40.787270" lon="-119.217050">
        <name>man/8:30/2935</name>
      </trkpt>
      <trkpt lat="40.787654" lon="-119.217925">
        <name>man/8:30/3215</name>
      </trkpt>
      <trkpt lat="40.788038" lon="-119.218801">
        <name>man/8:30/3495</name>
      </trkpt>
      <trkpt lat="40.788422" lon="-119.219677">
        <name>man/8:30/3775</name>
      </trkpt>
      <trkpt lat="40.788813" lon="-119.220568">
        <name>man/8:30/4060</name>
      </trkpt>
      <trkpt lat="40.789478" lon="-119.222085">
        <name>man/8:30/4545</name>
      </trkpt>
      <trkpt lat="40.789863" lon="-119.222961">
        <name>man/8:30/4825</name>
      </trkpt>
      <trkpt lat="40.790247" lon="-119.223837">
        <name>man/8:30/5105</name>
      </trkpt>
      <trkpt lat="40.790631" lon="-119.224713">
        <name>man/8:30/5385</name>
      </trkpt>
      <trkpt lat="40.790878" lon="-119.225276">
        <name>man/8:30/5565</name>
      </trkpt>
      <trkpt lat="40.791139" lon="-119.225870">
        <name>man/8:30/5755</name>
      </trkpt>
    </trkseg>
  </trk>
  <trk>
    <name>8:45</name>
    <trkseg>
      <trkpt lat="40.790835" lon="-119.220893">
        <name>man/8:45/4545</name>
      </trkpt>
      <trkpt lat="40.791303" lon="-119.221695">
        <name>man/8:45/4825</name>
      </trkpt>
      <trkpt lat="40.791771" lon="-119.222497">
        <name>man/8:45/5105</name>
      </trkpt>
      <trkpt lat="40.792239" lon="-119.223300">
        <name>man/8:45/5385</name>
      </trkpt>
      <trkpt lat="40.792539" lon="-119.223816">
        <name>man/8:45/5565</name>
      </trkpt>
      <trkpt lat="40.792857" lon="-119.224360">
        <name>man/8:45/5755</name>
      </trkpt>
    </trkseg>
  </trk>
  <trk>
    <name>9:00</name>
    <trkseg>
      <trkpt lat="40.788094" lon="-119.214255">
        <name>man/9:00/2500</name>
      </trkpt>
      <trkpt lat="40.788938" lon="-119.215366">
        <name>man/9:00/2935</name>
      </trkpt>
      <trkpt lat="40.789481" lon="-119.216081">
        <name>man/9:00/3215</name>
      </trkpt>
      <trkpt lat="40.790025" lon="-119.216796">
        <name>man/9:00/3495</name>
      </trkpt>
      <trkpt lat="40.790568" lon="-119.217511">
        <name>man/9:00/3775</name>
      </trkpt>
      <trkpt lat="40.791121" lon="-119.218239">
        <name>man/9:00/4060</name>
      </trkpt>
      <trkpt lat="40.792062" lon="-119.219477">
        <name>man/9:00/4545</name>
      </trkpt>
      <trkpt lat="40.792606" lon="-119.220192">
        <name>man/9:00/4825</name>
      </trkpt>
      <trkpt lat="40.793149" lon="-119.220908">
        <name>man/9:00/5105</name>
      </trkpt>
      <trkpt lat="40.793692" lon="-119.221623">
        <name>man/9:00/5385</name>
      </trkpt>
      <trkpt lat="40.794042" lon="-119.222083">
        <name>man/9:00/5565</name>
      </trkpt>
      <trkpt lat="40.794410" lon="-119.222568">
        <name>man/9:00/5755</name>
      </trkpt>
    </trkseg>
  </trk>
  <trk>
    <name>9:00</name>
    <trkseg>
      <trkpt lat="40.784057" lon="-119.208943">
        <name>man/9:00/420</name>
      </trkpt>
      <trkpt lat="40.788094" lon="-119.214255">
        <name>man/9:00/2500</name>
      </trkpt>
    </trkseg>
  </trk>
  <trk>
    <name>9:15</name>
    <trkseg>
      <trkpt lat="40.793138" lon="-119.217863">
        <name>man/9:15/4545</name>
      </trkpt>
      <trkpt lat="40.793748" lon="-119.218479">
        <name>man/9:15/4825</name>
      </trkpt>
      <trkpt lat="40.794358" lon="-119.219095">
        <name>man/9:15/5105</name>
      </trkpt>
      <trkpt lat="40.794967" lon="-119.219710">
        <name>man/9:15/5385</name>
      </trkpt>
      <trkpt lat="40.795359" lon="-119.220106">
        <name>man/9:15/5565</name>
      </trkpt>
      <trkpt lat="40.795773" lon="-119.220524">
        <name>man/9:15/5755</name>
      </trkpt>
    </trkseg>
  </trk>
  <trk>
    <name>9:30</name>
    <trkseg>
      <trkpt lat="40.789184" lon="-119.212385">
        <name>man/9:30/2500</name>
      </trkpt>
      <trkpt lat="40.790218" lon="-119.213171">
        <name>man/9:30/2935</name>
      </trkpt>
      <trkpt lat="40.790884" lon="-119.213676">
        <name>man/9:30/3215</name>
      </trkpt>
      <trkpt lat="40.791549" lon="-119.214182">
        <name>man/9:30/3495</name>
      </trkpt>
      <trkpt lat="40.792215" lon="-119.214688">
        <name>man/9:30/3775</name>
      </trkpt>
      <trkpt lat="40.792892" lon="-119.215202">
        <name>man/9:30/4060</name>
      </trkpt>
      <trkpt lat="40.794045" lon="-119.216078">
        <name>man/9:30/4545</name>
      </trkpt>
      <trkpt lat="40.794711" lon="-119.216584">
        <name>man/9:30/4825</name>
      </trkpt>
      <trkpt lat="40.795376" lon="-119.217090">
        <name>man/9:30/5105</name>
      </trkpt>
      <trkpt lat="40.796042" lon="-119.217595">
        <name>man/9:30/5385</name>
      </trkpt>
      <trkpt lat="40.796470" lon="-119.217920">
        <name>man/9:30/5565</name>
      </trkpt>
      <trkpt lat="40.796921" lon="-119.218264">
        <name>man/9:30/5755</name>
      </trkpt>
      <trkpt lat="40.799405" lon="-119.220151">
        <name>man/9:30/6800</name>
      </trkpt>
    </trkseg>
  </trk>
  <trk>
    <name>9:45</name>
    <trkseg>
      <trkpt lat="40.794767" lon="-119.214153">
        <name>man/9:45/4545</name>
      </trkpt>
      <trkpt lat="40.795477" lon="-119.214540">
        <name>man/9:45/4825</name>
      </trkpt>
      <trkpt lat="40.796187" lon="-119.214927">
        <name>man/9:45/5105</name>
      </trkpt>
      <trkpt lat="40.796897" lon="-119.215314">
        <name>man/9:45/5385</name>
      </trkpt>
      <trkpt lat="40.797353" lon="-119.215563">
        <name>man/9:45/5565</name>
      </trkpt>
      <trkpt lat="40.797835" lon="-119.215825">
        <name>man/9:45/5755</name>
      </trkpt>
    </trkseg>
  </trk>
  <trk>
    <name>Ararat</name>
    <trkseg>
      <trkpt lat="40.781157" lon="-119.197634">
        <name>man/2:00/2935</name>
      </trkpt>
      <trkpt lat="40.780819" lon="-119.197764">
        <name>man/2:05/2935</name>
      </trkpt>
      <trkpt lat="40.780486" lon="-119.197912">
        <name>man/2:10/2935</name>
      </trkpt>
      <trkpt lat="40.780159" lon="-119.198080">
        <name>man/2:15/2935</name>
      </trkpt>
      <trkpt lat="40.779837" lon="-119.198266">
        <name>man/2:20/2935</name>
      </trkpt>
      <trkpt lat="40.779522" lon="-119.198471">
        <name>man/2:25/2935</name>
      </trkpt>
      <trkpt lat="40.779214" lon="-119.198693">
        <name>man/2:30/2935</name>
      </trkpt>
      <trkpt lat="40.778913" lon="-119.198933">
        <name>man/2:35/2935</name>
      </trkpt>
      <trkpt lat="40.778621" lon="-119.199190">
        <name>man/2:40/2935</name>
      </trkpt>
      <trkpt lat="40.778338" lon="-119.199464">
        <name>man/2:45/2935</name>
      </trkpt>
      <trkpt lat="40.778064" lon="-119.199753">
        <name>man/2:50/2935</name>
      </trkpt>
      <trkpt lat="40.777799" lon="-119.200058">
        <name>man/2:55/2935</name>
      </trkpt>
      <trkpt lat="40.777545" lon="-119.200378">
        <name>man/3:00/2935</name>
      </trkpt>
      <trkpt lat="40.777302" lon="-119.200712">
        <name>man/3:05/2935</name>
      </trkpt>
      <trkpt lat="40.777071" lon="-119.201059">
        <name>man/3:10/2935</name>
      </trkpt>
      <trkpt lat="40.776851" lon="-119.201420">
        <name>man/3:15/2935</name>
      </trkpt>
      <trkpt lat="40.776643" lon="-119.201793">
        <name>man/3:20/2935</name>
      </trkpt>
      <trkpt lat="40.776448" lon="-119.202177">
        <name>man/3:25/2935</name>
      </trkpt>
      <trkpt lat="40.776265" lon="-119.202573">
        <name>man/3:30/2935</name>
      </trkpt>
      <trkpt lat="40.776096" lon="-119.202978">
        <name>man/3:35/2935</name>
      </trkpt>
      <trkpt lat="40.775941" lon="-119.203393">
        <name>man/3:40/2935</name>
      </trkpt>
      <trkpt lat="40.775799" lon="-119.203816">
        <name>man/3:45/2935</name>
      </trkpt>
      <trkpt lat="40.775672" lon="-119.204247">
        <name>man/3:50/2935</name>
      </trkpt>
      <trkpt lat="40.775559" lon="-119.204684">
        <name>man/3:55/2935</name>
      </trkpt>
      <trkpt lat="40.775461" lon="-119.205128">
        <name>man/4:00/2935</name>
      </trkpt>
      <trkpt lat="40.775377" lon="-119.205577">
        <name>man/4:05/2935</name>
      </trkpt>
      <trkpt lat="40.775309" lon="-119.206031">
        <name>man/4:10/2935</name>
      </trkpt>
      <trkpt lat="40.775255" lon="-119.206488">
        <name>man/4:15/2935</name>
      </trkpt>
      <trkpt lat="40.775217" lon="-119.206947">
        <name>man/4:20/2935</name>
      </trkpt>
      <trkpt lat="40.775194" lon="-119.207409">
        <name>man/4:25/2935</name>
      </trkpt>
      <trkpt lat="40.775186" lon="-119.207871">
        <name>man/4:30/2935</name>
      </trkpt>
      <trkpt lat="40.775194" lon="-119.208333">
        <name>man/4:35/2935</name>
      </trkpt>
      <trkpt lat="40.775217" lon="-119.208795">
        <name>man/4:40/2935</name>
      </trkpt>
      <trkpt lat="40.775255" lon="-119.209254">
        <name>man/4:45/2935</name>
      </trkpt>
      <trkpt lat="40.775309" lon="-119.209711">
        <name>man/4:50/2935</name>
      </trkpt>
      <trkpt lat="40.775377" lon="-119.210165">
        <name>man/4:55/2935</name>
      </trkpt>
      <trkpt lat="40.775461" lon="-119.210614">
        <name>man/5:00/2935</name>
      </trkpt>
      <trkpt lat="40.775559" lon="-119.211058">
        <name>man/5:05/2935</name>
      </trkpt>
      <trkpt lat="40.775672" lon="-119.211495">
        <name>man/5:10/2935</name>
      </trkpt>
      <trkpt lat="40.775799" lon="-119.211926">
        <name>man/5:15/2935</name>
      </trkpt>
      <trkpt lat="40.775941" lon="-119.212349">
        <name>man/5:20/2935</name>
      </trkpt>
      <trkpt lat="40.776096" lon="-119.212764">
        <name>man/5:25/2935</name>
      </trkpt>
      <trkpt lat="40.776277" lon="-119.213165">
        <name>man/5:30/2935</name>
      </trkpt>
      <trkpt lat="40.776448" lon="-119.213565">
        <name>man/5:35/2935</name>
      </trkpt>
      <trkpt lat="40.776643" lon="-119.213949">
        <name>man/5:40/2935</name>
      </trkpt>
      <trkpt lat="40.776698" lon="-119.214036">
        <name>man/5:41/2935</name>
      </trkpt>
      <trkpt lat="40.776851" lon="-119.214322">
        <name>man/5:45/2935</name>
      </trkpt>
      <trkpt lat="40.777071" lon="-119.214683">
        <name>man/5:50/2935</name>
      </trkpt>
      <trkpt lat="40.777104" lon="-119.214727" />
    </trkseg>
    <trkseg>
      <trkpt lat="40.778030" lon="-119.215945" />
      <trkpt lat="40.778064" lon="-119.215989">
        <name>man/6:10/2935</name>
      </trkpt>
      <trkpt lat="40.778338" lon="-119.216278">
        <name>man/6:15/2935</name>
      </trkpt>
      <trkpt lat="40.778555" lon="-119.216479">
        <name>man/6:19/2935</name>
      </trkpt>
      <trkpt lat="40.778621" lon="-119.216552">
        <name>man/6:20/2935</name>
      </trkpt>
      <trkpt lat="40.778913" lon="-119.216809">
        <name>man/6:25/2935</name>
      </trkpt>
      <trkpt lat="40.779217" lon="-119.217033">
        <name>man/6:30/2935</name>
      </trkpt>
      <trkpt lat="40.779522" lon="-119.217271">
        <name>man/6:35/2935</name>
      </trkpt>
      <trkpt lat="40.779837" lon="-119.217476">
        <name>man/6:40/2935</name>
      </trkpt>
      <trkpt lat="40.780159" lon="-119.217662">
        <name>man/6:45/2935</name>
      </trkpt>
      <trkpt lat="40.780486" lon="-119.217830">
        <name>man/6:50/2935</name>
      </trkpt>
      <trkpt lat="40.780819" lon="-119.217978">
        <name>man/6:55/2935</name>
      </trkpt>
      <trkpt lat="40.781157" lon="-119.218108">
        <name>man/7:00/2935</name>
      </trkpt>
      <trkpt lat="40.781498" lon="-119.218218">
        <name>man/7:05/2935</name>
      </trkpt>
      <trkpt lat="40.781843" lon="-119.218308">
        <name>man/7:10/2935</name>
      </trkpt>
      <trkpt lat="40.782190" lon="-119.218378">
        <name>man/7:15/2935</name>
      </trkpt>
      <trkpt lat="40.782539" lon="-119.218429">
        <name>man/7:20/2935</name>
      </trkpt>
      <trkpt lat="40.782890" lon="-119.218459">
        <name>man/7:25/2935</name>
      </trkpt>
      <trkpt lat="40.783242" lon="-119.218469">
        <name>man/7:30/2935</name>
      </trkpt>
      <trkpt lat="40.783593" lon="-119.218459">
        <name>man/7:35/2935</name>
      </trkpt>
      <trkpt lat="40.783944" lon="-119.218429">
        <name>man/7:40/2935</name>
      </trkpt>
      <trkpt lat="40.784293" lon="-119.218379">
        <name>man/7:45/2935</name>
      </trkpt>
      <trkpt lat="40.784640" lon="-119.218308">
        <name>man/7:50/2935</name>
      </trkpt>
      <trkpt lat="40.784985" lon="-119.218218">
        <name>man/7:55/2935</name>
      </trkpt>
      <trkpt lat="40.785327" lon="-119.218108">
        <name>man/8:00/2935</name>
      </trkpt>
      <trkpt lat="40.785664" lon="-119.217979">
        <name>man/8:05/2935</name>
      </trkpt>
      <trkpt lat="40.785997" lon="-119.217830">
        <name>man/8:10/2935</name>
      </trkpt>
      <trkpt lat="40.786324" lon="-119.217663">
        <name>man/8:15/2935</name>
      </trkpt>
      <trkpt lat="40.786646" lon="-119.217477">
        <name>man/8:20/2935</name>
      </trkpt>
      <trkpt lat="40.786961" lon="-119.217272">
        <name>man/8:25/2935</name>
      </trkpt>
      <trkpt lat="40.787270" lon="-119.217050">
        <name>man/8:30/2935</name>
      </trkpt>
      <trkpt lat="40.787570" lon="-119.216810">
        <name>man/8:35/2935</name>
      </trkpt>
      <trkpt lat="40.787862" lon="-119.216553">
        <name>man/8:40/2935</name>
      </trkpt>
      <trkpt lat="40.788146" lon="-119.216280">
        <name>man/8:45/2935</name>
      </trkpt>
      <trkpt lat="40.788420" lon="-119.215990">
        <name>man/8:50/2935</name>
      </trkpt>
      <trkpt lat="40.788684" lon="-119.215685">
        <name>man/8:55/2935</name>
      </trkpt>
      <trkpt lat="40.788938" lon="-119.215366">
        <name>man/9:00/2935</name>
      </trkpt>
      <trkpt lat="40.789181" lon="-119.215032">
        <name>man/9:05/2935</name>
      </trkpt>
      <trkpt lat="40.789413" lon="-119.214684">
        <name>man/9:10/2935</name>
      </trkpt>
      <trkpt lat="40.789633" lon="-119.214323">
        <name>man/9:15/2935</name>
      </trkpt>
      <trkpt lat="40.789841" lon="-119.213950">
        <name>man/9:20/2935</name>
      </trkpt>
      <trkpt lat="40.790036" lon="-119.213566">
        <name>man/9:25/2935</name>
      </trkpt>
      <trkpt lat="40.790218" lon="-119.213171">
        <name>man/9:30/2935</name>
      </trkpt>
      <trkpt lat="40.790387" lon="-119.212765">
        <name>man/9:35/2935</name>
      </trkpt>
      <trkpt lat="40.790543" lon="-119.212350">
        <name>man/9:40/2935</name>
      </trkpt>
      <trkpt lat="40.790684" lon="-119.211927">
        <name>man/9:45/2935</name>
      </trkpt>
      <trkpt lat="40.790812" lon="-119.211496">
        <name>man/9:50/2935</name>
      </trkpt>
      <trkpt lat="40.790925" lon="-119.211058">
        <name>man/9:55/2935</name>
      </trkpt>
      <trkpt lat="40.791023" lon="-119.210614">
        <name>man/10:00/2935</name>
      </trkpt>
    </trkseg>
  </trk>
  <trk>
    <name>Airport Rd.</name>
    <trkseg>
      <trkpt lat="40.767984" lon="-119.213248">
        <name>man/5:00/5755</name>
      </trkpt>
      <trkpt lat="40.760776" lon="-119.212551">
        <name>Port of Entry</name>
      </trkpt>
    </trkseg>
  </trk>
  <trk>
    <name>Alley</name>
    <trkseg>
      <trkpt lat="40.778555" lon="-119.216479">
        <name>man/6:19/2935</name>
      </trkpt>
      <trkpt lat="40.778586" lon="-119.216413">
        <name>cc/9:30/490</name>
      </trkpt>
      <trkpt lat="40.778640" lon="-119.216276">
        <name>cc/9:40/490</name>
      </trkpt>
      <trkpt lat="40.778685" lon="-119.216133">
        <name>cc/9:50/490</name>
      </trkpt>
      <trkpt lat="40.778720" lon="-119.215986">
        <name>cc/10:00/490</name>
      </trkpt>
      <trkpt lat="40.778745" lon="-119.215835">
        <name>cc/10:10/490</name>
      </trkpt>
      <trkpt lat="40.778761" lon="-119.215682">
        <name>cc/10:20/490</name>
      </trkpt>
      <trkpt lat="40.778766" lon="-119.215528">
        <name>cc/10:30/490</name>
      </trkpt>
      <trkpt lat="40.778761" lon="-119.215374">
        <name>cc/10:40/490</name>
      </trkpt>
      <trkpt lat="40.778745" lon="-119.215221">
        <name>cc/10:50/490</name>
      </trkpt>
      <trkpt lat="40.778720" lon="-119.215070">
        <name>cc/11:00/490</name>
      </trkpt>
      <trkpt lat="40.778685" lon="-119.214923">
        <name>cc/11:10/490</name>
      </trkpt>
      <trkpt lat="40.778640" lon="-119.214780">
        <name>cc/11:20/490</name>
      </trkpt>
      <trkpt lat="40.778586" lon="-119.214643">
        <name>cc/11:30/490</name>
      </trkpt>
      <trkpt lat="40.778523" lon="-119.214513">
        <name>cc/11:40/490</name>
      </trkpt>
      <trkpt lat="40.778451" lon="-119.214391">
        <name>cc/11:50/490</name>
      </trkpt>
      <trkpt lat="40.778372" lon="-119.214277">
        <name>cc/12:00/490</name>
      </trkpt>
    </trkseg>
    <trkseg>
      <trkpt lat="40.778372" lon="-119.214277">
        <name>cc/12:00/490</name>
      </trkpt>
      <trkpt lat="40.778285" lon="-119.214173">
        <name>cc/12:10/490</name>
      </trkpt>
      <trkpt lat="40.778192" lon="-119.214079">
        <name>cc/12:20/490</name>
      </trkpt>
      <trkpt lat="40.778093" lon="-119.213996">
        <name>cc/12:30/490</name>
      </trkpt>
      <trkpt lat="40.777989" lon="-119.213925">
        <name>cc/12:40/490</name>
      </trkpt>
      <trkpt lat="40.777881" lon="-119.213865">
        <name>cc/12:50/490</name>
      </trkpt>
      <trkpt lat="40.777769" lon="-119.213819">
        <name>cc/1:00/490</name>
      </trkpt>
      <trkpt lat="40.777655" lon="-119.213786">
        <name>cc/1:10/490</name>
      </trkpt>
      <trkpt lat="40.777538" lon="-119.213766">
        <name>cc/1:20/490</name>
      </trkpt>
      <trkpt lat="40.777421" lon="-119.213759">
        <name>cc/1:30/490</name>
      </trkpt>
      <trkpt lat="40.777304" lon="-119.213766">
        <name>cc/1:40/490</name>
      </trkpt>
      <trkpt lat="40.777187" lon="-119.213786">
        <name>cc/1:50/490</name>
      </trkpt>
      <trkpt lat="40.777073" lon="-119.213819">
        <name>cc/2:00/490</name>
      </trkpt>
      <trkpt lat="40.776961" lon="-119.213866">
        <name>cc/2:10/490</name>
      </trkpt>
      <trkpt lat="40.776853" lon="-119.213925">
        <name>cc/2:20/490</name>
      </trkpt>
      <trkpt lat="40.776749" lon="-119.213996">
        <name>cc/2:30/490</name>
      </trkpt>
      <trkpt lat="40.776698" lon="-119.214036">
        <name>man/5:41/2935</name>
      </trkpt>
    </trkseg>
    <trkseg>
      <trkpt lat="40.776698" lon="-119.214036">
        <name>man/5:41/2935</name>
      </trkpt>
      <trkpt lat="40.776058" lon="-119.214612">
        <name>man/5:41/3215</name>
      </trkpt>
      <trkpt lat="40.775432" lon="-119.215199">
        <name>man/5:41/3495</name>
      </trkpt>
    </trkseg>
    <trkseg>
      <trkpt lat="40.778555" lon="-119.216479">
        <name>man/6:19/2935</name>
      </trkpt>
      <trkpt lat="40.778117" lon="-119.217321">
        <name>man/6:19/3215</name>
      </trkpt>
      <trkpt lat="40.777671" lon="-119.218144">
        <name>man/6:19/3495</name>
      </trkpt>
    </trkseg>
  </trk>
  <trk>
    <name>Bodhi</name>
    <trkseg>
      <trkpt lat="40.780958" lon="-119.196658">
        <name>man/2:00/3215</name>
      </trkpt>
      <trkpt lat="40.780588" lon="-119.196800">
        <name>man/2:05/3215</name>
      </trkpt>
      <trkpt lat="40.780223" lon="-119.196962">
        <name>man/2:10/3215</name>
      </trkpt>
      <trkpt lat="40.779865" lon="-119.197146">
        <name>man/2:15/3215</name>
      </trkpt>
      <trkpt lat="40.779512" lon="-119.197350">
        <name>man/2:20/3215</name>
      </trkpt>
      <trkpt lat="40.779167" lon="-119.197574">
        <name>man/2:25/3215</name>
      </trkpt>
      <trkpt lat="40.778829" lon="-119.197818">
        <name>man/2:30/3215</name>
      </trkpt>
      <trkpt lat="40.778500" lon="-119.198081">
        <name>man/2:35/3215</name>
      </trkpt>
      <trkpt lat="40.778180" lon="-119.198362">
        <name>man/2:40/3215</name>
      </trkpt>
      <trkpt lat="40.777870" lon="-119.198662">
        <name>man/2:45/3215</name>
      </trkpt>
      <trkpt lat="40.777570" lon="-119.198979">
        <name>man/2:50/3215</name>
      </trkpt>
      <trkpt lat="40.777280" lon="-119.199313">
        <name>man/2:55/3215</name>
      </trkpt>
      <trkpt lat="40.777002" lon="-119.199663">
        <name>man/3:00/3215</name>
      </trkpt>
      <trkpt lat="40.776736" lon="-119.200029">
        <name>man/3:05/3215</name>
      </trkpt>
      <trkpt lat="40.776482" lon="-119.200410">
        <name>man/3:10/3215</name>
      </trkpt>
      <trkpt lat="40.776241" lon="-119.200805">
        <name>man/3:15/3215</name>
      </trkpt>
      <trkpt lat="40.776013" lon="-119.201213">
        <name>man/3:20/3215</name>
      </trkpt>
      <trkpt lat="40.775800" lon="-119.201634">
        <name>man/3:25/3215</name>
      </trkpt>
      <trkpt lat="40.775600" lon="-119.202067">
        <name>man/3:30/3215</name>
      </trkpt>
      <trkpt lat="40.775415" lon="-119.202511">
        <name>man/3:35/3215</name>
      </trkpt>
      <trkpt lat="40.775244" lon="-119.202965">
        <name>man/3:40/3215</name>
      </trkpt>
      <trkpt lat="40.775089" lon="-119.203429">
        <name>man/3:45/3215</name>
      </trkpt>
      <trkpt lat="40.774950" lon="-119.203901">
        <name>man/3:50/3215</name>
      </trkpt>
      <trkpt lat="40.774826" lon="-119.204380">
        <name>man/3:55/3215</name>
      </trkpt>
      <trkpt lat="40.774718" lon="-119.204867">
        <name>man/4:00/3215</name>
      </trkpt>
      <trkpt lat="40.774627" lon="-119.205359">
        <name>man/4:05/3215</name>
      </trkpt>
      <trkpt lat="40.774552" lon="-119.205855">
        <name>man/4:10/3215</name>
      </trkpt>
      <trkpt lat="40.774493" lon="-119.206356">
        <name>man/4:15/3215</name>
      </trkpt>
      <trkpt lat="40.774451" lon="-119.206859">
        <name>man/4:20/3215</name>
      </trkpt>
      <trkpt lat="40.774426" lon="-119.207365">
        <name>man/4:25/3215</name>
      </trkpt>
      <trkpt lat="40.774418" lon="-119.207871">
        <name>man/4:30/3215</name>
      </trkpt>
      <trkpt lat="40.774426" lon="-119.208377">
        <name>man/4:35/3215</name>
      </trkpt>
      <trkpt lat="40.774451" lon="-119.208883">
        <name>man/4:40/3215</name>
      </trkpt>
      <trkpt lat="40.774493" lon="-119.209386">
        <name>man/4:45/3215</name>
      </trkpt>
      <trkpt lat="40.774552" lon="-119.209887">
        <name>man/4:50/3215</name>
      </trkpt>
      <trkpt lat="40.774627" lon="-119.210383">
        <name>man/4:55/3215</name>
      </trkpt>
      <trkpt lat="40.774718" lon="-119.210875">
        <name>man/5:00/3215</name>
      </trkpt>
      <trkpt lat="40.774826" lon="-119.211362">
        <name>man/5:05/3215</name>
      </trkpt>
      <trkpt lat="40.774950" lon="-119.211841">
        <name>man/5:10/3215</name>
      </trkpt>
      <trkpt lat="40.775089" lon="-119.212313">
        <name>man/5:15/3215</name>
      </trkpt>
      <trkpt lat="40.775244" lon="-119.212777">
        <name>man/5:20/3215</name>
      </trkpt>
      <trkpt lat="40.775415" lon="-119.213231">
        <name>man/5:25/3215</name>
      </trkpt>
      <trkpt lat="40.775600" lon="-119.213675">
        <name>man/5:30/3215</name>
      </trkpt>
      <trkpt lat="40.775800" lon="-119.214108">
        <name>man/5:35/3215</name>
      </trkpt>
      <trkpt lat="40.776013" lon="-119.214529">
        <name>man/5:40/3215</name>
      </trkpt>
      <trkpt lat="40.776058" lon="-119.214612">
        <name>man/5:41/3215</name>
      </trkpt>
      <trkpt lat="40.776241" lon="-119.214937">
        <name>man/5:45/3215</name>
      </trkpt>
      <trkpt lat="40.776482" lon="-119.215332">
        <name>man/5:50/3215</name>
      </trkpt>
      <trkpt lat="40.776751" lon="-119.215723">
        <name>man/5:55/3215</name>
      </trkpt>
    </trkseg>
    <trkseg>
      <trkpt lat="40.777272" lon="-119.216409">
        <name>man/6:05/3215</name>
      </trkpt>
      <trkpt lat="40.777570" lon="-119.216763">
        <name>man/6:10/3215</name>
      </trkpt>
      <trkpt lat="40.777870" lon="-119.217080">
        <name>man/6:15/3215</name>
      </trkpt>
      <trkpt lat="40.778117" lon="-119.217321">
        <name>man/6:19/3215</name>
      </trkpt>
      <trkpt lat="40.778180" lon="-119.217380">
        <name>man/6:20/3215</name>
      </trkpt>
      <trkpt lat="40.778500" lon="-119.217661">
        <name>man/6:25/3215</name>
      </trkpt>
      <trkpt lat="40.778829" lon="-119.217924">
        <name>man/6:30/3215</name>
      </trkpt>
      <trkpt lat="40.779167" lon="-119.218168">
        <name>man/6:35/3215</name>
      </trkpt>
      <trkpt lat="40.779512" lon="-119.218392">
        <name>man/6:40/3215</name>
      </trkpt>
      <trkpt lat="40.779865" lon="-119.218596">
        <name>man/6:45/3215</name>
      </trkpt>
      <trkpt lat="40.780223" lon="-119.218780">
        <name>man/6:50/3215</name>
      </trkpt>
      <trkpt lat="40.780588" lon="-119.218942">
        <name>man/6:55/3215</name>
      </trkpt>
      <trkpt lat="40.780958" lon="-119.219084">
        <name>man/7:00/3215</name>
      </trkpt>
      <trkpt lat="40.781332" lon="-119.219205">
        <name>man/7:05/3215</name>
      </trkpt>
      <trkpt lat="40.781709" lon="-119.219304">
        <name>man/7:10/3215</name>
      </trkpt>
      <trkpt lat="40.782090" lon="-119.219381">
        <name>man/7:15/3215</name>
      </trkpt>
      <trkpt lat="40.782472" lon="-119.219436">
        <name>man/7:20/3215</name>
      </trkpt>
      <trkpt lat="40.782857" lon="-119.219469">
        <name>man/7:25/3215</name>
      </trkpt>
      <trkpt lat="40.783241" lon="-119.219480">
        <name>man/7:30/3215</name>
      </trkpt>
      <trkpt lat="40.783626" lon="-119.219469">
        <name>man/7:35/3215</name>
      </trkpt>
      <trkpt lat="40.784011" lon="-119.219436">
        <name>man/7:40/3215</name>
      </trkpt>
      <trkpt lat="40.784393" lon="-119.219381">
        <name>man/7:45/3215</name>
      </trkpt>
      <trkpt lat="40.784774" lon="-119.219304">
        <name>man/7:50/3215</name>
      </trkpt>
      <trkpt lat="40.785151" lon="-119.219205">
        <name>man/7:55/3215</name>
      </trkpt>
      <trkpt lat="40.785525" lon="-119.219085">
        <name>man/8:00/3215</name>
      </trkpt>
      <trkpt lat="40.785895" lon="-119.218943">
        <name>man/8:05/3215</name>
      </trkpt>
      <trkpt lat="40.786260" lon="-119.218781">
        <name>man/8:10/3215</name>
      </trkpt>
      <trkpt lat="40.786618" lon="-119.218597">
        <name>man/8:15/3215</name>
      </trkpt>
      <trkpt lat="40.786971" lon="-119.218393">
        <name>man/8:20/3215</name>
      </trkpt>
      <trkpt lat="40.787316" lon="-119.218169">
        <name>man/8:25/3215</name>
      </trkpt>
      <trkpt lat="40.787654" lon="-119.217925">
        <name>man/8:30/3215</name>
      </trkpt>
      <trkpt lat="40.787983" lon="-119.217663">
        <name>man/8:35/3215</name>
      </trkpt>
      <trkpt lat="40.788303" lon="-119.217381">
        <name>man/8:40/3215</name>
      </trkpt>
      <trkpt lat="40.788614" lon="-119.217082">
        <name>man/8:45/3215</name>
      </trkpt>
      <trkpt lat="40.788914" lon="-119.216765">
        <name>man/8:50/3215</name>
      </trkpt>
      <trkpt lat="40.789203" lon="-119.216431">
        <name>man/8:55/3215</name>
      </trkpt>
      <trkpt lat="40.789481" lon="-119.216081">
        <name>man/9:00/3215</name>
      </trkpt>
      <trkpt lat="40.789748" lon="-119.215715">
        <name>man/9:05/3215</name>
      </trkpt>
      <trkpt lat="40.790002" lon="-119.215334">
        <name>man/9:10/3215</name>
      </trkpt>
      <trkpt lat="40.790243" lon="-119.214939">
        <name>man/9:15/3215</name>
      </trkpt>
      <trkpt lat="40.790470" lon="-119.214530">
        <name>man/9:20/3215</name>
      </trkpt>
      <trkpt lat="40.790684" lon="-119.214109">
        <name>man/9:25/3215</name>
      </trkpt>
      <trkpt lat="40.790884" lon="-119.213676">
        <name>man/9:30/3215</name>
      </trkpt>
      <trkpt lat="40.791069" lon="-119.213232">
        <name>man/9:35/3215</name>
      </trkpt>
      <trkpt lat="40.791239" lon="-119.212778">
        <name>man/9:40/3215</name>
      </trkpt>
      <trkpt lat="40.791394" lon="-119.212314">
        <name>man/9:45/3215</name>
      </trkpt>
      <trkpt lat="40.791534" lon="-119.211842">
        <name>man/9:50/3215</name>
      </trkpt>
      <trkpt lat="40.791658" lon="-119.211362">
        <name>man/9:55/3215</name>
      </trkpt>
      <trkpt lat="40.791766" lon="-119.210876">
        <name>man/10:00/3215</name>
      </trkpt>
    </trkseg>
  </trk>
  <trk>
    <name>Chomolungma</name>
    <trkseg>
      <trkpt lat="40.780759" lon="-119.195681">
        <name>man/2:00/3495</name>
      </trkpt>
      <trkpt lat="40.780357" lon="-119.195835">
        <name>man/2:05/3495</name>
      </trkpt>
      <trkpt lat="40.779960" lon="-119.196012">
        <name>man/2:10/3495</name>
      </trkpt>
      <trkpt lat="40.779570" lon="-119.196212">
        <name>man/2:15/3495</name>
      </trkpt>
      <trkpt lat="40.779187" lon="-119.196434">
        <name>man/2:20/3495</name>
      </trkpt>
      <trkpt lat="40.778812" lon="-119.196677">
        <name>man/2:25/3495</name>
      </trkpt>
      <trkpt lat="40.778445" lon="-119.196942">
        <name>man/2:30/3495</name>
      </trkpt>
      <trkpt lat="40.778087" lon="-119.197228">
        <name>man/2:35/3495</name>
      </trkpt>
      <trkpt lat="40.777739" lon="-119.197534">
        <name>man/2:40/3495</name>
      </trkpt>
      <trkpt lat="40.777402" lon="-119.197860">
        <name>man/2:45/3495</name>
      </trkpt>
      <trkpt lat="40.777075" lon="-119.198204">
        <name>man/2:50/3495</name>
      </trkpt>
      <trkpt lat="40.776761" lon="-119.198567">
        <name>man/2:55/3495</name>
      </trkpt>
      <trkpt lat="40.776459" lon="-119.198948">
        <name>man/3:00/3495</name>
      </trkpt>
      <trkpt lat="40.776169" lon="-119.199346">
        <name>man/3:05/3495</name>
      </trkpt>
      <trkpt lat="40.775893" lon="-119.199760">
        <name>man/3:10/3495</name>
      </trkpt>
      <trkpt lat="40.775631" lon="-119.200189">
        <name>man/3:15/3495</name>
      </trkpt>
      <trkpt lat="40.775384" lon="-119.200633">
        <name>man/3:20/3495</name>
      </trkpt>
      <trkpt lat="40.775151" lon="-119.201091">
        <name>man/3:25/3495</name>
      </trkpt>
      <trkpt lat="40.774934" lon="-119.201562">
        <name>man/3:30/3495</name>
      </trkpt>
      <trkpt lat="40.774733" lon="-119.202044">
        <name>man/3:35/3495</name>
      </trkpt>
      <trkpt lat="40.774548" lon="-119.202538">
        <name>man/3:40/3495</name>
      </trkpt>
      <trkpt lat="40.774379" lon="-119.203042">
        <name>man/3:45/3495</name>
      </trkpt>
      <trkpt lat="40.774228" lon="-119.203555">
        <name>man/3:50/3495</name>
      </trkpt>
      <trkpt lat="40.774093" lon="-119.204077">
        <name>man/3:55/3495</name>
      </trkpt>
      <trkpt lat="40.773976" lon="-119.204605">
        <name>man/4:00/3495</name>
      </trkpt>
      <trkpt lat="40.773877" lon="-119.205140">
        <name>man/4:05/3495</name>
      </trkpt>
      <trkpt lat="40.773795" lon="-119.205680">
        <name>man/4:10/3495</name>
      </trkpt>
      <trkpt lat="40.773731" lon="-119.206224">
        <name>man/4:15/3495</name>
      </trkpt>
      <trkpt lat="40.773686" lon="-119.206771">
        <name>man/4:20/3495</name>
      </trkpt>
      <trkpt lat="40.773658" lon="-119.207321">
        <name>man/4:25/3495</name>
      </trkpt>
      <trkpt lat="40.773649" lon="-119.207871">
        <name>man/4:30/3495</name>
      </trkpt>
      <trkpt lat="40.773658" lon="-119.208421">
        <name>man/4:35/3495</name>
      </trkpt>
      <trkpt lat="40.773686" lon="-119.208971">
        <name>man/4:40/3495</name>
      </trkpt>
      <trkpt lat="40.773731" lon="-119.209518">
        <name>man/4:45/3495</name>
      </trkpt>
      <trkpt lat="40.773795" lon="-119.210062">
        <name>man/4:50/3495</name>
      </trkpt>
      <trkpt lat="40.773877" lon="-119.210602">
        <name>man/4:55/3495</name>
      </trkpt>
      <trkpt lat="40.773976" lon="-119.211137">
        <name>man/5:00/3495</name>
      </trkpt>
      <trkpt lat="40.774093" lon="-119.211665">
        <name>man/5:05/3495</name>
      </trkpt>
      <trkpt lat="40.774228" lon="-119.212187">
        <name>man/5:10/3495</name>
      </trkpt>
      <trkpt lat="40.774379" lon="-119.212700">
        <name>man/5:15/3495</name>
      </trkpt>
      <trkpt lat="40.774548" lon="-119.213204">
        <name>man/5:20/3495</name>
      </trkpt>
      <trkpt lat="40.774733" lon="-119.213698">
        <name>man/5:25/3495</name>
      </trkpt>
      <trkpt lat="40.774934" lon="-119.214180">
        <name>man/5:30/3495</name>
      </trkpt>
      <trkpt lat="40.775151" lon="-119.214651">
        <name>man/5:35/3495</name>
      </trkpt>
      <trkpt lat="40.775384" lon="-119.215109">
        <name>man/5:40/3495</name>
      </trkpt>
      <trkpt lat="40.775432" lon="-119.215199">
        <name>man/5:41/3495</name>
      </trkpt>
      <trkpt lat="40.775631" lon="-119.215553">
        <name>man/5:45/3495</name>
      </trkpt>
      <trkpt lat="40.775893" lon="-119.215982">
        <name>man/5:50/3495</name>
      </trkpt>
      <trkpt lat="40.776169" lon="-119.216396">
        <name>man/5:55/3495</name>
      </trkpt>
      <trkpt lat="40.776470" lon="-119.216779">
        <name>man/6:00/3495</name>
      </trkpt>
    </trkseg>
    <trkseg>
      <trkpt lat="40.776470" lon="-119.216779">
        <name>man/6:00/3495</name>
      </trkpt>
      <trkpt lat="40.776761" lon="-119.217175">
        <name>man/6:05/3495</name>
      </trkpt>
      <trkpt lat="40.777075" lon="-119.217538">
        <name>man/6:10/3495</name>
      </trkpt>
      <trkpt lat="40.777402" lon="-119.217882">
        <name>man/6:15/3495</name>
      </trkpt>
      <trkpt lat="40.777671" lon="-119.218144">
        <name>man/6:19/3495</name>
      </trkpt>
      <trkpt lat="40.777739" lon="-119.218208">
        <name>man/6:20/3495</name>
      </trkpt>
      <trkpt lat="40.778087" lon="-119.218514">
        <name>man/6:25/3495</name>
      </trkpt>
      <trkpt lat="40.778445" lon="-119.218800">
        <name>man/6:30/3495</name>
      </trkpt>
      <trkpt lat="40.778812" lon="-119.219065">
        <name>man/6:35/3495</name>
      </trkpt>
      <trkpt lat="40.779187" lon="-119.219308">
        <name>man/6:40/3495</name>
      </trkpt>
      <trkpt lat="40.779570" lon="-119.219530">
        <name>man/6:45/3495</name>
      </trkpt>
      <trkpt lat="40.779960" lon="-119.219730">
        <name>man/6:50/3495</name>
      </trkpt>
      <trkpt lat="40.780357" lon="-119.219907">
        <name>man/6:55/3495</name>
      </trkpt>
      <trkpt lat="40.780759" lon="-119.220061">
        <name>man/7:00/3495</name>
      </trkpt>
      <trkpt lat="40.781165" lon="-119.220192">
        <name>man/7:05/3495</name>
      </trkpt>
      <trkpt lat="40.781576" lon="-119.220299">
        <name>man/7:10/3495</name>
      </trkpt>
      <trkpt lat="40.781989" lon="-119.220383">
        <name>man/7:15/3495</name>
      </trkpt>
      <trkpt lat="40.782405" lon="-119.220443">
        <name>man/7:20/3495</name>
      </trkpt>
      <trkpt lat="40.782823" lon="-119.220479">
        <name>man/7:25/3495</name>
      </trkpt>
      <trkpt lat="40.783241" lon="-119.220491">
        <name>man/7:30/3495</name>
      </trkpt>
      <trkpt lat="40.783660" lon="-119.220479">
        <name>man/7:35/3495</name>
      </trkpt>
      <trkpt lat="40.784077" lon="-119.220443">
        <name>man/7:40/3495</name>
      </trkpt>
      <trkpt lat="40.784493" lon="-119.220383">
        <name>man/7:45/3495</name>
      </trkpt>
      <trkpt lat="40.784907" lon="-119.220300">
        <name>man/7:50/3495</name>
      </trkpt>
      <trkpt lat="40.785318" lon="-119.220192">
        <name>man/7:55/3495</name>
      </trkpt>
      <trkpt lat="40.785724" lon="-119.220062">
        <name>man/8:00/3495</name>
      </trkpt>
      <trkpt lat="40.786126" lon="-119.219908">
        <name>man/8:05/3495</name>
      </trkpt>
      <trkpt lat="40.786522" lon="-119.219731">
        <name>man/8:10/3495</name>
      </trkpt>
      <trkpt lat="40.786912" lon="-119.219531">
        <name>man/8:15/3495</name>
      </trkpt>
      <trkpt lat="40.787296" lon="-119.219310">
        <name>man/8:20/3495</name>
      </trkpt>
      <trkpt lat="40.787671" lon="-119.219066">
        <name>man/8:25/3495</name>
      </trkpt>
      <trkpt lat="40.788038" lon="-119.218801">
        <name>man/8:30/3495</name>
      </trkpt>
      <trkpt lat="40.788396" lon="-119.218516">
        <name>man/8:35/3495</name>
      </trkpt>
      <trkpt lat="40.788744" lon="-119.218210">
        <name>man/8:40/3495</name>
      </trkpt>
      <trkpt lat="40.789081" lon="-119.217884">
        <name>man/8:45/3495</name>
      </trkpt>
      <trkpt lat="40.789408" lon="-119.217540">
        <name>man/8:50/3495</name>
      </trkpt>
      <trkpt lat="40.789722" lon="-119.217177">
        <name>man/8:55/3495</name>
      </trkpt>
      <trkpt lat="40.790025" lon="-119.216796">
        <name>man/9:00/3495</name>
      </trkpt>
      <trkpt lat="40.790314" lon="-119.216398">
        <name>man/9:05/3495</name>
      </trkpt>
      <trkpt lat="40.790590" lon="-119.215984">
        <name>man/9:10/3495</name>
      </trkpt>
      <trkpt lat="40.790852" lon="-119.215555">
        <name>man/9:15/3495</name>
      </trkpt>
      <trkpt lat="40.791100" lon="-119.215111">
        <name>man/9:20/3495</name>
      </trkpt>
      <trkpt lat="40.791332" lon="-119.214653">
        <name>man/9:25/3495</name>
      </trkpt>
      <trkpt lat="40.791549" lon="-119.214182">
        <name>man/9:30/3495</name>
      </trkpt>
      <trkpt lat="40.791751" lon="-119.213699">
        <name>man/9:35/3495</name>
      </trkpt>
      <trkpt lat="40.791936" lon="-119.213205">
        <name>man/9:40/3495</name>
      </trkpt>
      <trkpt lat="40.792104" lon="-119.212701">
        <name>man/9:45/3495</name>
      </trkpt>
      <trkpt lat="40.792256" lon="-119.212188">
        <name>man/9:50/3495</name>
      </trkpt>
      <trkpt lat="40.792391" lon="-119.211666">
        <name>man/9:55/3495</name>
      </trkpt>
      <trkpt lat="40.792508" lon="-119.211138">
        <name>man/10:00/3495</name>
      </trkpt>
    </trkseg>
  </trk>
  <trk>
    <!--6:00 Center Camp-->
    <name />
    <trkseg>
      <trkpt lat="40.777906" lon="-119.214890">
        <name>cc/12:00/250</name>
      </trkpt>
      <trkpt lat="40.777862" lon="-119.214837">
        <name>cc/12:10/250</name>
      </trkpt>
      <trkpt lat="40.777815" lon="-119.214789">
        <name>cc/12:20/250</name>
      </trkpt>
      <trkpt lat="40.777764" lon="-119.214746">
        <name>cc/12:30/250</name>
      </trkpt>
      <trkpt lat="40.777711" lon="-119.214710">
        <name>cc/12:40/250</name>
      </trkpt>
      <trkpt lat="40.777656" lon="-119.214680">
        <name>cc/12:50/250</name>
      </trkpt>
      <trkpt lat="40.777599" lon="-119.214656">
        <name>cc/1:00/250</name>
      </trkpt>
      <trkpt lat="40.777540" lon="-119.214639">
        <name>cc/1:10/250</name>
      </trkpt>
      <trkpt lat="40.777481" lon="-119.214629">
        <name>cc/1:20/250</name>
      </trkpt>
      <trkpt lat="40.777421" lon="-119.214625">
        <name>cc/1:30/250</name>
      </trkpt>
      <trkpt lat="40.777361" lon="-119.214629">
        <name>cc/1:40/250</name>
      </trkpt>
      <trkpt lat="40.777302" lon="-119.214639">
        <name>cc/1:50/250</name>
      </trkpt>
      <trkpt lat="40.777243" lon="-119.214656">
        <name>cc/2:00/250</name>
      </trkpt>
      <trkpt lat="40.777186" lon="-119.214680">
        <name>cc/2:10/250</name>
      </trkpt>
      <trkpt lat="40.777131" lon="-119.214710">
        <name>cc/2:20/250</name>
      </trkpt>
      <trkpt lat="40.777104" lon="-119.214727" />
      <trkpt lat="40.777078" lon="-119.214746">
        <name>cc/2:30/250</name>
      </trkpt>
      <trkpt lat="40.777027" lon="-119.214789">
        <name>cc/2:40/250</name>
      </trkpt>
      <trkpt lat="40.776980" lon="-119.214837">
        <name>cc/2:50/250</name>
      </trkpt>
      <trkpt lat="40.776936" lon="-119.214890">
        <name>cc/3:00/250</name>
      </trkpt>
      <trkpt lat="40.776895" lon="-119.214948">
        <name>cc/3:10/250</name>
      </trkpt>
      <trkpt lat="40.776859" lon="-119.215010">
        <name>cc/3:20/250</name>
      </trkpt>
      <trkpt lat="40.776827" lon="-119.215077">
        <name>cc/3:30/250</name>
      </trkpt>
      <trkpt lat="40.776799" lon="-119.215147">
        <name>cc/3:40/250</name>
      </trkpt>
      <trkpt lat="40.776776" lon="-119.215219">
        <name>cc/3:50/250</name>
      </trkpt>
      <trkpt lat="40.776758" lon="-119.215294">
        <name>cc/4:00/250</name>
      </trkpt>
      <trkpt lat="40.776745" lon="-119.215371">
        <name>cc/4:10/250</name>
      </trkpt>
      <trkpt lat="40.776737" lon="-119.215449">
        <name>cc/4:20/250</name>
      </trkpt>
      <trkpt lat="40.776735" lon="-119.215528">
        <name>cc/4:30/250</name>
      </trkpt>
      <trkpt lat="40.776737" lon="-119.215607">
        <name>cc/4:40/250</name>
      </trkpt>
      <trkpt lat="40.776745" lon="-119.215685">
        <name>cc/4:50/250</name>
      </trkpt>
      <trkpt lat="40.776751" lon="-119.215723" />
      <trkpt lat="40.776758" lon="-119.215762">
        <name>cc/5:00/250</name>
      </trkpt>
      <trkpt lat="40.776776" lon="-119.215837">
        <name>cc/5:10/250</name>
      </trkpt>
      <trkpt lat="40.776799" lon="-119.215909">
        <name>cc/5:20/250</name>
      </trkpt>
      <trkpt lat="40.776827" lon="-119.215979">
        <name>cc/5:30/250</name>
      </trkpt>
      <trkpt lat="40.776859" lon="-119.216046">
        <name>cc/5:40/250</name>
      </trkpt>
      <trkpt lat="40.776895" lon="-119.216108">
        <name>cc/5:50/250</name>
      </trkpt>
      <trkpt lat="40.776936" lon="-119.216166">
        <name>cc/6:00/250</name>
      </trkpt>
    </trkseg>
    <trkseg>
      <trkpt lat="40.776936" lon="-119.216166">
        <name>cc/6:00/250</name>
      </trkpt>
      <trkpt lat="40.776980" lon="-119.216219">
        <name>cc/6:10/250</name>
      </trkpt>
      <trkpt lat="40.777027" lon="-119.216267">
        <name>cc/6:20/250</name>
      </trkpt>
      <trkpt lat="40.777078" lon="-119.216310">
        <name>cc/6:30/250</name>
      </trkpt>
      <trkpt lat="40.777131" lon="-119.216346">
        <name>cc/6:40/250</name>
      </trkpt>
      <trkpt lat="40.777186" lon="-119.216376">
        <name>cc/6:50/250</name>
      </trkpt>
      <trkpt lat="40.777243" lon="-119.216400">
        <name>cc/7:00/250</name>
      </trkpt>
      <trkpt lat="40.777272" lon="-119.216409" />
      <trkpt lat="40.777302" lon="-119.216417">
        <name>cc/7:10/250</name>
      </trkpt>
      <trkpt lat="40.777361" lon="-119.216427">
        <name>cc/7:20/250</name>
      </trkpt>
      <trkpt lat="40.777421" lon="-119.216431">
        <name>cc/7:30/250</name>
      </trkpt>
      <trkpt lat="40.777481" lon="-119.216427">
        <name>cc/7:40/250</name>
      </trkpt>
      <trkpt lat="40.777540" lon="-119.216417">
        <name>cc/7:50/250</name>
      </trkpt>
      <trkpt lat="40.777599" lon="-119.216400">
        <name>cc/8:00/250</name>
      </trkpt>
      <trkpt lat="40.777656" lon="-119.216376">
        <name>cc/8:10/250</name>
      </trkpt>
      <trkpt lat="40.777711" lon="-119.216346">
        <name>cc/8:20/250</name>
      </trkpt>
      <trkpt lat="40.777764" lon="-119.216310">
        <name>cc/8:30/250</name>
      </trkpt>
      <trkpt lat="40.777815" lon="-119.216267">
        <name>cc/8:40/250</name>
      </trkpt>
      <trkpt lat="40.777862" lon="-119.216219">
        <name>cc/8:50/250</name>
      </trkpt>
      <trkpt lat="40.777906" lon="-119.216166">
        <name>cc/9:00/250</name>
      </trkpt>
      <trkpt lat="40.777947" lon="-119.216108">
        <name>cc/9:10/250</name>
      </trkpt>
      <trkpt lat="40.777983" lon="-119.216046">
        <name>cc/9:20/250</name>
      </trkpt>
      <trkpt lat="40.778015" lon="-119.215979">
        <name>cc/9:30/250</name>
      </trkpt>
      <trkpt lat="40.778030" lon="-119.215945" />
      <trkpt lat="40.778043" lon="-119.215909">
        <name>cc/9:40/250</name>
      </trkpt>
      <trkpt lat="40.778066" lon="-119.215837">
        <name>cc/9:50/250</name>
      </trkpt>
      <trkpt lat="40.778084" lon="-119.215762">
        <name>cc/10:00/250</name>
      </trkpt>
      <trkpt lat="40.778097" lon="-119.215685">
        <name>cc/10:10/250</name>
      </trkpt>
      <trkpt lat="40.778105" lon="-119.215607">
        <name>cc/10:20/250</name>
      </trkpt>
      <trkpt lat="40.778107" lon="-119.215528">
        <name>cc/10:30/250</name>
      </trkpt>
      <trkpt lat="40.778105" lon="-119.215449">
        <name>cc/10:40/250</name>
      </trkpt>
      <trkpt lat="40.778097" lon="-119.215371">
        <name>cc/10:50/250</name>
      </trkpt>
      <trkpt lat="40.778084" lon="-119.215294">
        <name>cc/11:00/250</name>
      </trkpt>
      <trkpt lat="40.778066" lon="-119.215219">
        <name>cc/11:10/250</name>
      </trkpt>
      <trkpt lat="40.778043" lon="-119.215147">
        <name>cc/11:20/250</name>
      </trkpt>
      <trkpt lat="40.778015" lon="-119.215077">
        <name>cc/11:30/250</name>
      </trkpt>
      <trkpt lat="40.777983" lon="-119.215010">
        <name>cc/11:40/250</name>
      </trkpt>
      <trkpt lat="40.777947" lon="-119.214948">
        <name>cc/11:50/250</name>
      </trkpt>
      <trkpt lat="40.777906" lon="-119.214890">
        <name>cc/12:00/250</name>
      </trkpt>
    </trkseg>
  </trk>
  <trk>
    <name>Delphi</name>
    <trkseg>
      <trkpt lat="40.780560" lon="-119.194705">
        <name>man/2:00/3775</name>
      </trkpt>
      <trkpt lat="40.780126" lon="-119.194871">
        <name>man/2:05/3775</name>
      </trkpt>
      <trkpt lat="40.779698" lon="-119.195062">
        <name>man/2:10/3775</name>
      </trkpt>
      <trkpt lat="40.779276" lon="-119.195278">
        <name>man/2:15/3775</name>
      </trkpt>
      <trkpt lat="40.778862" lon="-119.195518">
        <name>man/2:20/3775</name>
      </trkpt>
      <trkpt lat="40.778457" lon="-119.195781">
        <name>man/2:25/3775</name>
      </trkpt>
      <trkpt lat="40.778061" lon="-119.196067">
        <name>man/2:30/3775</name>
      </trkpt>
      <trkpt lat="40.777674" lon="-119.196375">
        <name>man/2:35/3775</name>
      </trkpt>
      <trkpt lat="40.777298" lon="-119.196706">
        <name>man/2:40/3775</name>
      </trkpt>
      <trkpt lat="40.776934" lon="-119.197058">
        <name>man/2:45/3775</name>
      </trkpt>
      <trkpt lat="40.776581" lon="-119.197430">
        <name>man/2:50/3775</name>
      </trkpt>
      <trkpt lat="40.776242" lon="-119.197822">
        <name>man/2:55/3775</name>
      </trkpt>
      <trkpt lat="40.775915" lon="-119.198233">
        <name>man/3:00/3775</name>
      </trkpt>
      <trkpt lat="40.775602" lon="-119.198663">
        <name>man/3:05/3775</name>
      </trkpt>
      <trkpt lat="40.775304" lon="-119.199110">
        <name>man/3:10/3775</name>
      </trkpt>
      <trkpt lat="40.775022" lon="-119.199574">
        <name>man/3:15/3775</name>
      </trkpt>
      <trkpt lat="40.774754" lon="-119.200053">
        <name>man/3:20/3775</name>
      </trkpt>
      <trkpt lat="40.774503" lon="-119.200548">
        <name>man/3:25/3775</name>
      </trkpt>
      <trkpt lat="40.774269" lon="-119.201056">
        <name>man/3:30/3775</name>
      </trkpt>
      <trkpt lat="40.774051" lon="-119.201578">
        <name>man/3:35/3775</name>
      </trkpt>
      <trkpt lat="40.773851" lon="-119.202111">
        <name>man/3:40/3775</name>
      </trkpt>
      <trkpt lat="40.773669" lon="-119.202655">
        <name>man/3:45/3775</name>
      </trkpt>
      <trkpt lat="40.773505" lon="-119.203210">
        <name>man/3:50/3775</name>
      </trkpt>
      <trkpt lat="40.773360" lon="-119.203773">
        <name>man/3:55/3775</name>
      </trkpt>
      <trkpt lat="40.773234" lon="-119.204343">
        <name>man/4:00/3775</name>
      </trkpt>
      <trkpt lat="40.773126" lon="-119.204921">
        <name>man/4:05/3775</name>
      </trkpt>
      <trkpt lat="40.773038" lon="-119.205504">
        <name>man/4:10/3775</name>
      </trkpt>
      <trkpt lat="40.772969" lon="-119.206092">
        <name>man/4:15/3775</name>
      </trkpt>
      <trkpt lat="40.772920" lon="-119.206683">
        <name>man/4:20/3775</name>
      </trkpt>
      <trkpt lat="40.772891" lon="-119.207277">
        <name>man/4:25/3775</name>
      </trkpt>
      <trkpt lat="40.772881" lon="-119.207871">
        <name>man/4:30/3775</name>
      </trkpt>
      <trkpt lat="40.772891" lon="-119.208465">
        <name>man/4:35/3775</name>
      </trkpt>
      <trkpt lat="40.772920" lon="-119.209059">
        <name>man/4:40/3775</name>
      </trkpt>
      <trkpt lat="40.772969" lon="-119.209650">
        <name>man/4:45/3775</name>
      </trkpt>
      <trkpt lat="40.773038" lon="-119.210238">
        <name>man/4:50/3775</name>
      </trkpt>
      <trkpt lat="40.773126" lon="-119.210821">
        <name>man/4:55/3775</name>
      </trkpt>
      <trkpt lat="40.773234" lon="-119.211399">
        <name>man/5:00/3775</name>
      </trkpt>
      <trkpt lat="40.773360" lon="-119.211969">
        <name>man/5:05/3775</name>
      </trkpt>
      <trkpt lat="40.773505" lon="-119.212532">
        <name>man/5:10/3775</name>
      </trkpt>
      <trkpt lat="40.773669" lon="-119.213087">
        <name>man/5:15/3775</name>
      </trkpt>
      <trkpt lat="40.773851" lon="-119.213631">
        <name>man/5:20/3775</name>
      </trkpt>
      <trkpt lat="40.774051" lon="-119.214164">
        <name>man/5:25/3775</name>
      </trkpt>
      <trkpt lat="40.774269" lon="-119.214686">
        <name>man/5:30/3775</name>
      </trkpt>
      <trkpt lat="40.774503" lon="-119.215194">
        <name>man/5:35/3775</name>
      </trkpt>
      <trkpt lat="40.774754" lon="-119.215689">
        <name>man/5:40/3775</name>
      </trkpt>
      <trkpt lat="40.775022" lon="-119.216168">
        <name>man/5:45/3775</name>
      </trkpt>
      <trkpt lat="40.775304" lon="-119.216632">
        <name>man/5:50/3775</name>
      </trkpt>
      <trkpt lat="40.775602" lon="-119.217079">
        <name>man/5:55/3775</name>
      </trkpt>
      <trkpt lat="40.775915" lon="-119.217509">
        <name>man/6:00/3775</name>
      </trkpt>
    </trkseg>
    <trkseg>
      <trkpt lat="40.775915" lon="-119.217509">
        <name>man/6:00/3775</name>
      </trkpt>
      <trkpt lat="40.776242" lon="-119.217920">
        <name>man/6:05/3775</name>
      </trkpt>
      <trkpt lat="40.776581" lon="-119.218312">
        <name>man/6:10/3775</name>
      </trkpt>
      <trkpt lat="40.776934" lon="-119.218684">
        <name>man/6:15/3775</name>
      </trkpt>
      <trkpt lat="40.777298" lon="-119.219036">
        <name>man/6:20/3775</name>
      </trkpt>
      <trkpt lat="40.777674" lon="-119.219367">
        <name>man/6:25/3775</name>
      </trkpt>
      <trkpt lat="40.778061" lon="-119.219675">
        <name>man/6:30/3775</name>
      </trkpt>
      <trkpt lat="40.778457" lon="-119.219961">
        <name>man/6:35/3775</name>
      </trkpt>
      <trkpt lat="40.778862" lon="-119.220224">
        <name>man/6:40/3775</name>
      </trkpt>
      <trkpt lat="40.779276" lon="-119.220464">
        <name>man/6:45/3775</name>
      </trkpt>
      <trkpt lat="40.779698" lon="-119.220680">
        <name>man/6:50/3775</name>
      </trkpt>
      <trkpt lat="40.780126" lon="-119.220871">
        <name>man/6:55/3775</name>
      </trkpt>
      <trkpt lat="40.780560" lon="-119.221037">
        <name>man/7:00/3775</name>
      </trkpt>
      <trkpt lat="40.780999" lon="-119.221179">
        <name>man/7:05/3775</name>
      </trkpt>
      <trkpt lat="40.781442" lon="-119.221295">
        <name>man/7:10/3775</name>
      </trkpt>
      <trkpt lat="40.781889" lon="-119.221385">
        <name>man/7:15/3775</name>
      </trkpt>
      <trkpt lat="40.782338" lon="-119.221450">
        <name>man/7:20/3775</name>
      </trkpt>
      <trkpt lat="40.782789" lon="-119.221489">
        <name>man/7:25/3775</name>
      </trkpt>
      <trkpt lat="40.783241" lon="-119.221502">
        <name>man/7:30/3775</name>
      </trkpt>
      <trkpt lat="40.783693" lon="-119.221489">
        <name>man/7:35/3775</name>
      </trkpt>
      <trkpt lat="40.784144" lon="-119.221451">
        <name>man/7:40/3775</name>
      </trkpt>
      <trkpt lat="40.784594" lon="-119.221386">
        <name>man/7:45/3775</name>
      </trkpt>
      <trkpt lat="40.785040" lon="-119.221296">
        <name>man/7:50/3775</name>
      </trkpt>
      <trkpt lat="40.785484" lon="-119.221180">
        <name>man/7:55/3775</name>
      </trkpt>
      <trkpt lat="40.785923" lon="-119.221038">
        <name>man/8:00/3775</name>
      </trkpt>
      <trkpt lat="40.786357" lon="-119.220872">
        <name>man/8:05/3775</name>
      </trkpt>
      <trkpt lat="40.786785" lon="-119.220681">
        <name>man/8:10/3775</name>
      </trkpt>
      <trkpt lat="40.787206" lon="-119.220465">
        <name>man/8:15/3775</name>
      </trkpt>
      <trkpt lat="40.787620" lon="-119.220226">
        <name>man/8:20/3775</name>
      </trkpt>
      <trkpt lat="40.788026" lon="-119.219963">
        <name>man/8:25/3775</name>
      </trkpt>
      <trkpt lat="40.788422" lon="-119.219677">
        <name>man/8:30/3775</name>
      </trkpt>
      <trkpt lat="40.788809" lon="-119.219368">
        <name>man/8:35/3775</name>
      </trkpt>
      <trkpt lat="40.789184" lon="-119.219038">
        <name>man/8:40/3775</name>
      </trkpt>
      <trkpt lat="40.789549" lon="-119.218686">
        <name>man/8:45/3775</name>
      </trkpt>
      <trkpt lat="40.789902" lon="-119.218314">
        <name>man/8:50/3775</name>
      </trkpt>
      <trkpt lat="40.790242" lon="-119.217922">
        <name>man/8:55/3775</name>
      </trkpt>
      <trkpt lat="40.790568" lon="-119.217511">
        <name>man/9:00/3775</name>
      </trkpt>
      <trkpt lat="40.790881" lon="-119.217081">
        <name>man/9:05/3775</name>
      </trkpt>
      <trkpt lat="40.791179" lon="-119.216634">
        <name>man/9:10/3775</name>
      </trkpt>
      <trkpt lat="40.791462" lon="-119.216170">
        <name>man/9:15/3775</name>
      </trkpt>
      <trkpt lat="40.791729" lon="-119.215691">
        <name>man/9:20/3775</name>
      </trkpt>
      <trkpt lat="40.791980" lon="-119.215196">
        <name>man/9:25/3775</name>
      </trkpt>
      <trkpt lat="40.792215" lon="-119.214688">
        <name>man/9:30/3775</name>
      </trkpt>
      <trkpt lat="40.792432" lon="-119.214166">
        <name>man/9:35/3775</name>
      </trkpt>
      <trkpt lat="40.792632" lon="-119.213633">
        <name>man/9:40/3775</name>
      </trkpt>
      <trkpt lat="40.792814" lon="-119.213088">
        <name>man/9:45/3775</name>
      </trkpt>
      <trkpt lat="40.792978" lon="-119.212534">
        <name>man/9:50/3775</name>
      </trkpt>
      <trkpt lat="40.793124" lon="-119.211971">
        <name>man/9:55/3775</name>
      </trkpt>
      <trkpt lat="40.793250" lon="-119.211400">
        <name>man/10:00/3775</name>
      </trkpt>
    </trkseg>
  </trk>
  <trk>
    <name>Eternal</name>
    <trkseg>
      <trkpt lat="40.780357" lon="-119.193711">
        <name>man/2:00/4060</name>
      </trkpt>
      <trkpt lat="40.779890" lon="-119.193890">
        <name>man/2:05/4060</name>
      </trkpt>
      <trkpt lat="40.779430" lon="-119.194096">
        <name>man/2:10/4060</name>
      </trkpt>
      <trkpt lat="40.778977" lon="-119.194327">
        <name>man/2:15/4060</name>
      </trkpt>
      <trkpt lat="40.778532" lon="-119.194585">
        <name>man/2:20/4060</name>
      </trkpt>
      <trkpt lat="40.778096" lon="-119.194868">
        <name>man/2:25/4060</name>
      </trkpt>
      <trkpt lat="40.777670" lon="-119.195176">
        <name>man/2:30/4060</name>
      </trkpt>
      <trkpt lat="40.777254" lon="-119.195508">
        <name>man/2:35/4060</name>
      </trkpt>
      <trkpt lat="40.776850" lon="-119.195863">
        <name>man/2:40/4060</name>
      </trkpt>
      <trkpt lat="40.776458" lon="-119.196241">
        <name>man/2:45/4060</name>
      </trkpt>
      <trkpt lat="40.776079" lon="-119.196642">
        <name>man/2:50/4060</name>
      </trkpt>
      <trkpt lat="40.775713" lon="-119.197063">
        <name>man/2:55/4060</name>
      </trkpt>
      <trkpt lat="40.775362" lon="-119.197506">
        <name>man/3:00/4060</name>
      </trkpt>
      <trkpt lat="40.775026" lon="-119.197968">
        <name>man/3:05/4060</name>
      </trkpt>
      <trkpt lat="40.774705" lon="-119.198449">
        <name>man/3:10/4060</name>
      </trkpt>
      <trkpt lat="40.774401" lon="-119.198947">
        <name>man/3:15/4060</name>
      </trkpt>
      <trkpt lat="40.774113" lon="-119.199463">
        <name>man/3:20/4060</name>
      </trkpt>
      <trkpt lat="40.773843" lon="-119.199995">
        <name>man/3:25/4060</name>
      </trkpt>
      <trkpt lat="40.773591" lon="-119.200542">
        <name>man/3:30/4060</name>
      </trkpt>
      <trkpt lat="40.773357" lon="-119.201103">
        <name>man/3:35/4060</name>
      </trkpt>
      <trkpt lat="40.773142" lon="-119.201676">
        <name>man/3:40/4060</name>
      </trkpt>
      <trkpt lat="40.772947" lon="-119.202262">
        <name>man/3:45/4060</name>
      </trkpt>
      <trkpt lat="40.772770" lon="-119.202858">
        <name>man/3:50/4060</name>
      </trkpt>
      <trkpt lat="40.772614" lon="-119.203463">
        <name>man/3:55/4060</name>
      </trkpt>
      <trkpt lat="40.772478" lon="-119.204077">
        <name>man/4:00/4060</name>
      </trkpt>
      <trkpt lat="40.772363" lon="-119.204698">
        <name>man/4:05/4060</name>
      </trkpt>
      <trkpt lat="40.772268" lon="-119.205326">
        <name>man/4:10/4060</name>
      </trkpt>
      <trkpt lat="40.772194" lon="-119.205958">
        <name>man/4:15/4060</name>
      </trkpt>
      <trkpt lat="40.772141" lon="-119.206593">
        <name>man/4:20/4060</name>
      </trkpt>
      <trkpt lat="40.772109" lon="-119.207232">
        <name>man/4:25/4060</name>
      </trkpt>
      <trkpt lat="40.772098" lon="-119.207871">
        <name>man/4:30/4060</name>
      </trkpt>
      <trkpt lat="40.772109" lon="-119.208510">
        <name>man/4:35/4060</name>
      </trkpt>
      <trkpt lat="40.772141" lon="-119.209149">
        <name>man/4:40/4060</name>
      </trkpt>
      <trkpt lat="40.772194" lon="-119.209784">
        <name>man/4:45/4060</name>
      </trkpt>
      <trkpt lat="40.772268" lon="-119.210416">
        <name>man/4:50/4060</name>
      </trkpt>
      <trkpt lat="40.772363" lon="-119.211044">
        <name>man/4:55/4060</name>
      </trkpt>
      <trkpt lat="40.772478" lon="-119.211665">
        <name>man/5:00/4060</name>
      </trkpt>
      <trkpt lat="40.772614" lon="-119.212279">
        <name>man/5:05/4060</name>
      </trkpt>
      <trkpt lat="40.772770" lon="-119.212884">
        <name>man/5:10/4060</name>
      </trkpt>
      <trkpt lat="40.772947" lon="-119.213480">
        <name>man/5:15/4060</name>
      </trkpt>
      <trkpt lat="40.773142" lon="-119.214066">
        <name>man/5:20/4060</name>
      </trkpt>
      <trkpt lat="40.773357" lon="-119.214639">
        <name>man/5:25/4060</name>
      </trkpt>
      <trkpt lat="40.773591" lon="-119.215200">
        <name>man/5:30/4060</name>
      </trkpt>
      <trkpt lat="40.773843" lon="-119.215747">
        <name>man/5:35/4060</name>
      </trkpt>
      <trkpt lat="40.774113" lon="-119.216279">
        <name>man/5:40/4060</name>
      </trkpt>
      <trkpt lat="40.774401" lon="-119.216795">
        <name>man/5:45/4060</name>
      </trkpt>
      <trkpt lat="40.774705" lon="-119.217293">
        <name>man/5:50/4060</name>
      </trkpt>
      <trkpt lat="40.775026" lon="-119.217774">
        <name>man/5:55/4060</name>
      </trkpt>
      <trkpt lat="40.775362" lon="-119.218236">
        <name>man/6:00/4060</name>
      </trkpt>
    </trkseg>
    <trkseg>
      <trkpt lat="40.775362" lon="-119.218236">
        <name>man/6:00/4060</name>
      </trkpt>
      <trkpt lat="40.775713" lon="-119.218679">
        <name>man/6:05/4060</name>
      </trkpt>
      <trkpt lat="40.776079" lon="-119.219100">
        <name>man/6:10/4060</name>
      </trkpt>
      <trkpt lat="40.776458" lon="-119.219501">
        <name>man/6:15/4060</name>
      </trkpt>
      <trkpt lat="40.776850" lon="-119.219879">
        <name>man/6:20/4060</name>
      </trkpt>
      <trkpt lat="40.777254" lon="-119.220234">
        <name>man/6:25/4060</name>
      </trkpt>
      <trkpt lat="40.777670" lon="-119.220566">
        <name>man/6:30/4060</name>
      </trkpt>
      <trkpt lat="40.778096" lon="-119.220874">
        <name>man/6:35/4060</name>
      </trkpt>
      <trkpt lat="40.778532" lon="-119.221157">
        <name>man/6:40/4060</name>
      </trkpt>
      <trkpt lat="40.778977" lon="-119.221415">
        <name>man/6:45/4060</name>
      </trkpt>
      <trkpt lat="40.779430" lon="-119.221646">
        <name>man/6:50/4060</name>
      </trkpt>
      <trkpt lat="40.779890" lon="-119.221852">
        <name>man/6:55/4060</name>
      </trkpt>
      <trkpt lat="40.780357" lon="-119.222031">
        <name>man/7:00/4060</name>
      </trkpt>
      <trkpt lat="40.780829" lon="-119.222183">
        <name>man/7:05/4060</name>
      </trkpt>
      <trkpt lat="40.781306" lon="-119.222308">
        <name>man/7:10/4060</name>
      </trkpt>
      <trkpt lat="40.781787" lon="-119.222406">
        <name>man/7:15/4060</name>
      </trkpt>
      <trkpt lat="40.782270" lon="-119.222475">
        <name>man/7:20/4060</name>
      </trkpt>
      <trkpt lat="40.782755" lon="-119.222517">
        <name>man/7:25/4060</name>
      </trkpt>
      <trkpt lat="40.783241" lon="-119.222531">
        <name>man/7:30/4060</name>
      </trkpt>
      <trkpt lat="40.783727" lon="-119.222518">
        <name>man/7:35/4060</name>
      </trkpt>
      <trkpt lat="40.784212" lon="-119.222476">
        <name>man/7:40/4060</name>
      </trkpt>
      <trkpt lat="40.784696" lon="-119.222406">
        <name>man/7:45/4060</name>
      </trkpt>
      <trkpt lat="40.785176" lon="-119.222309">
        <name>man/7:50/4060</name>
      </trkpt>
      <trkpt lat="40.785653" lon="-119.222184">
        <name>man/7:55/4060</name>
      </trkpt>
      <trkpt lat="40.786125" lon="-119.222032">
        <name>man/8:00/4060</name>
      </trkpt>
      <trkpt lat="40.786592" lon="-119.221854">
        <name>man/8:05/4060</name>
      </trkpt>
      <trkpt lat="40.787052" lon="-119.221648">
        <name>man/8:10/4060</name>
      </trkpt>
      <trkpt lat="40.787506" lon="-119.221416">
        <name>man/8:15/4060</name>
      </trkpt>
      <trkpt lat="40.787951" lon="-119.221159">
        <name>man/8:20/4060</name>
      </trkpt>
      <trkpt lat="40.788387" lon="-119.220876">
        <name>man/8:25/4060</name>
      </trkpt>
      <trkpt lat="40.788813" lon="-119.220568">
        <name>man/8:30/4060</name>
      </trkpt>
      <trkpt lat="40.789229" lon="-119.220237">
        <name>man/8:35/4060</name>
      </trkpt>
      <trkpt lat="40.789633" lon="-119.219881">
        <name>man/8:40/4060</name>
      </trkpt>
      <trkpt lat="40.790025" lon="-119.219503">
        <name>man/8:45/4060</name>
      </trkpt>
      <trkpt lat="40.790404" lon="-119.219103">
        <name>man/8:50/4060</name>
      </trkpt>
      <trkpt lat="40.790770" lon="-119.218681">
        <name>man/8:55/4060</name>
      </trkpt>
      <trkpt lat="40.791121" lon="-119.218239">
        <name>man/9:00/4060</name>
      </trkpt>
      <trkpt lat="40.791457" lon="-119.217777">
        <name>man/9:05/4060</name>
      </trkpt>
      <trkpt lat="40.791778" lon="-119.217296">
        <name>man/9:10/4060</name>
      </trkpt>
      <trkpt lat="40.792082" lon="-119.216797">
        <name>man/9:15/4060</name>
      </trkpt>
      <trkpt lat="40.792370" lon="-119.216281">
        <name>man/9:20/4060</name>
      </trkpt>
      <trkpt lat="40.792640" lon="-119.215749">
        <name>man/9:25/4060</name>
      </trkpt>
      <trkpt lat="40.792892" lon="-119.215202">
        <name>man/9:30/4060</name>
      </trkpt>
      <trkpt lat="40.793126" lon="-119.214641">
        <name>man/9:35/4060</name>
      </trkpt>
      <trkpt lat="40.793341" lon="-119.214068">
        <name>man/9:40/4060</name>
      </trkpt>
      <trkpt lat="40.793537" lon="-119.213482">
        <name>man/9:45/4060</name>
      </trkpt>
      <trkpt lat="40.793713" lon="-119.212886">
        <name>man/9:50/4060</name>
      </trkpt>
      <trkpt lat="40.793870" lon="-119.212280">
        <name>man/9:55/4060</name>
      </trkpt>
      <trkpt lat="40.794006" lon="-119.211666">
        <name>man/10:00/4060</name>
      </trkpt>
    </trkseg>
  </trk>
  <trk>
    <name>Enterence Rd</name>
    <trkseg>
      <trkpt lat="40.770237" lon="-119.224975" />
      <trkpt lat="40.770722" lon="-119.224337" />
      <trkpt lat="40.774181" lon="-119.224891" />
    </trkseg>
    <trkseg>
      <trkpt lat="40.770722" lon="-119.224337" />
      <trkpt lat="40.770302" lon="-119.219788" />
    </trkseg>
  </trk>
  <trk>
    <name>Esplanade</name>
    <trkseg>
      <trkpt lat="40.781466" lon="-119.199151">
        <name>man/2:00/2500</name>
      </trkpt>
      <trkpt lat="40.781178" lon="-119.199262">
        <name>man/2:05/2500</name>
      </trkpt>
      <trkpt lat="40.780895" lon="-119.199388">
        <name>man/2:10/2500</name>
      </trkpt>
      <trkpt lat="40.780616" lon="-119.199531">
        <name>man/2:15/2500</name>
      </trkpt>
      <trkpt lat="40.780342" lon="-119.199690">
        <name>man/2:20/2500</name>
      </trkpt>
      <trkpt lat="40.780073" lon="-119.199864">
        <name>man/2:25/2500</name>
      </trkpt>
      <trkpt lat="40.779811" lon="-119.200053">
        <name>man/2:30/2500</name>
      </trkpt>
      <trkpt lat="40.779555" lon="-119.200258">
        <name>man/2:35/2500</name>
      </trkpt>
      <trkpt lat="40.779306" lon="-119.200477">
        <name>man/2:40/2500</name>
      </trkpt>
      <trkpt lat="40.779065" lon="-119.200710">
        <name>man/2:45/2500</name>
      </trkpt>
      <trkpt lat="40.778831" lon="-119.200956">
        <name>man/2:50/2500</name>
      </trkpt>
      <trkpt lat="40.778606" lon="-119.201216">
        <name>man/2:55/2500</name>
      </trkpt>
      <trkpt lat="40.778390" lon="-119.201488">
        <name>man/3:00/2500</name>
      </trkpt>
      <trkpt lat="40.778183" lon="-119.201773">
        <name>man/3:05/2500</name>
      </trkpt>
      <trkpt lat="40.777985" lon="-119.202069">
        <name>man/3:10/2500</name>
      </trkpt>
      <trkpt lat="40.777798" lon="-119.202376">
        <name>man/3:15/2500</name>
      </trkpt>
      <trkpt lat="40.777621" lon="-119.202694">
        <name>man/3:20/2500</name>
      </trkpt>
      <trkpt lat="40.777455" lon="-119.203021">
        <name>man/3:25/2500</name>
      </trkpt>
      <trkpt lat="40.777299" lon="-119.203358">
        <name>man/3:30/2500</name>
      </trkpt>
      <trkpt lat="40.777155" lon="-119.203703">
        <name>man/3:35/2500</name>
      </trkpt>
      <trkpt lat="40.777023" lon="-119.204056">
        <name>man/3:40/2500</name>
      </trkpt>
      <trkpt lat="40.776902" lon="-119.204417">
        <name>man/3:45/2500</name>
      </trkpt>
      <trkpt lat="40.776794" lon="-119.204784">
        <name>man/3:50/2500</name>
      </trkpt>
      <trkpt lat="40.776698" lon="-119.205157">
        <name>man/3:55/2500</name>
      </trkpt>
      <trkpt lat="40.776614" lon="-119.205535">
        <name>man/4:00/2500</name>
      </trkpt>
      <trkpt lat="40.776543" lon="-119.205917">
        <name>man/4:05/2500</name>
      </trkpt>
      <trkpt lat="40.776484" lon="-119.206304">
        <name>man/4:10/2500</name>
      </trkpt>
      <trkpt lat="40.776439" lon="-119.206693">
        <name>man/4:15/2500</name>
      </trkpt>
      <trkpt lat="40.776406" lon="-119.207084">
        <name>man/4:20/2500</name>
      </trkpt>
      <trkpt lat="40.776387" lon="-119.207477">
        <name>man/4:25/2500</name>
      </trkpt>
      <trkpt lat="40.776380" lon="-119.207871">
        <name>man/4:30/2500</name>
      </trkpt>
      <trkpt lat="40.776387" lon="-119.208265">
        <name>man/4:35/2500</name>
      </trkpt>
      <trkpt lat="40.776406" lon="-119.208658">
        <name>man/4:40/2500</name>
      </trkpt>
      <trkpt lat="40.776439" lon="-119.209049">
        <name>man/4:45/2500</name>
      </trkpt>
      <trkpt lat="40.776484" lon="-119.209438">
        <name>man/4:50/2500</name>
      </trkpt>
      <trkpt lat="40.776543" lon="-119.209825">
        <name>man/4:55/2500</name>
      </trkpt>
      <trkpt lat="40.776614" lon="-119.210207">
        <name>man/5:00/2500</name>
      </trkpt>
      <trkpt lat="40.776698" lon="-119.210585">
        <name>man/5:05/2500</name>
      </trkpt>
      <trkpt lat="40.776794" lon="-119.210958">
        <name>man/5:10/2500</name>
      </trkpt>
      <trkpt lat="40.776902" lon="-119.211325">
        <name>man/5:15/2500</name>
      </trkpt>
      <trkpt lat="40.777023" lon="-119.211686">
        <name>man/5:20/2500</name>
      </trkpt>
      <trkpt lat="40.777155" lon="-119.212039">
        <name>man/5:25/2500</name>
      </trkpt>
      <trkpt lat="40.777299" lon="-119.212384">
        <name>man/5:30/2500</name>
      </trkpt>
      <trkpt lat="40.777455" lon="-119.212721">
        <name>man/5:35/2500</name>
      </trkpt>
    </trkseg>
    <trkseg>
      <trkpt lat="40.777455" lon="-119.212721" />
      <trkpt lat="40.777607" lon="-119.212737">
        <name>cc/1:20/776</name>
      </trkpt>
      <trkpt lat="40.777791" lon="-119.212769">
        <name>cc/1:10/776</name>
      </trkpt>
      <trkpt lat="40.777972" lon="-119.212822">
        <name>cc/1:00/776</name>
      </trkpt>
      <trkpt lat="40.778149" lon="-119.212895">
        <name>cc/12:50/776</name>
      </trkpt>
      <trkpt lat="40.778321" lon="-119.212989">
        <name>cc/12:40/776</name>
      </trkpt>
      <trkpt lat="40.778486" lon="-119.213101">
        <name>cc/12:30/776</name>
      </trkpt>
      <trkpt lat="40.778643" lon="-119.213233">
        <name>cc/12:20/776</name>
      </trkpt>
      <trkpt lat="40.778790" lon="-119.213382">
        <name>cc/12:10/776</name>
      </trkpt>
      <trkpt lat="40.778927" lon="-119.213547">
        <name>cc/12:00/776</name>
      </trkpt>
      <trkpt lat="40.779053" lon="-119.213727">
        <name>cc/11:50/776</name>
      </trkpt>
      <trkpt lat="40.779166" lon="-119.213921">
        <name>cc/11:40/776</name>
      </trkpt>
      <trkpt lat="40.779266" lon="-119.214127">
        <name>cc/11:30/776</name>
      </trkpt>
      <trkpt lat="40.779351" lon="-119.214344">
        <name>cc/11:20/776</name>
      </trkpt>
      <trkpt lat="40.779422" lon="-119.214570">
        <name>cc/11:10/776</name>
      </trkpt>
      <trkpt lat="40.779478" lon="-119.214803">
        <name>cc/11:00/776</name>
      </trkpt>
      <trkpt lat="40.779519" lon="-119.215041">
        <name>cc/10:50/776</name>
      </trkpt>
      <trkpt lat="40.779543" lon="-119.215284">
        <name>cc/10:40/776</name>
      </trkpt>
      <trkpt lat="40.779555" lon="-119.215484" />
    </trkseg>
    <trkseg>
      <trkpt lat="40.779555" lon="-119.215484">
        <name>man/6:25/2500</name>
      </trkpt>
      <trkpt lat="40.779811" lon="-119.215689">
        <name>man/6:30/2500</name>
      </trkpt>
      <trkpt lat="40.780073" lon="-119.215878">
        <name>man/6:35/2500</name>
      </trkpt>
      <trkpt lat="40.780342" lon="-119.216052">
        <name>man/6:40/2500</name>
      </trkpt>
      <trkpt lat="40.780616" lon="-119.216211">
        <name>man/6:45/2500</name>
      </trkpt>
      <trkpt lat="40.780895" lon="-119.216354">
        <name>man/6:50/2500</name>
      </trkpt>
      <trkpt lat="40.781178" lon="-119.216480">
        <name>man/6:55/2500</name>
      </trkpt>
      <trkpt lat="40.781466" lon="-119.216591">
        <name>man/7:00/2500</name>
      </trkpt>
      <trkpt lat="40.781756" lon="-119.216684">
        <name>man/7:05/2500</name>
      </trkpt>
      <trkpt lat="40.782050" lon="-119.216761">
        <name>man/7:10/2500</name>
      </trkpt>
      <trkpt lat="40.782346" lon="-119.216821">
        <name>man/7:15/2500</name>
      </trkpt>
      <trkpt lat="40.782644" lon="-119.216864">
        <name>man/7:20/2500</name>
      </trkpt>
      <trkpt lat="40.782942" lon="-119.216890">
        <name>man/7:25/2500</name>
      </trkpt>
      <trkpt lat="40.783242" lon="-119.216898">
        <name>man/7:30/2500</name>
      </trkpt>
      <trkpt lat="40.783541" lon="-119.216890">
        <name>man/7:35/2500</name>
      </trkpt>
      <trkpt lat="40.783840" lon="-119.216864">
        <name>man/7:40/2500</name>
      </trkpt>
      <trkpt lat="40.784137" lon="-119.216821">
        <name>man/7:45/2500</name>
      </trkpt>
      <trkpt lat="40.784433" lon="-119.216761">
        <name>man/7:50/2500</name>
      </trkpt>
      <trkpt lat="40.784727" lon="-119.216685">
        <name>man/7:55/2500</name>
      </trkpt>
      <trkpt lat="40.785018" lon="-119.216591">
        <name>man/8:00/2500</name>
      </trkpt>
      <trkpt lat="40.785305" lon="-119.216481">
        <name>man/8:05/2500</name>
      </trkpt>
      <trkpt lat="40.785589" lon="-119.216354">
        <name>man/8:10/2500</name>
      </trkpt>
      <trkpt lat="40.785868" lon="-119.216212">
        <name>man/8:15/2500</name>
      </trkpt>
      <trkpt lat="40.786142" lon="-119.216053">
        <name>man/8:20/2500</name>
      </trkpt>
      <trkpt lat="40.786410" lon="-119.215879">
        <name>man/8:25/2500</name>
      </trkpt>
      <trkpt lat="40.786673" lon="-119.215689">
        <name>man/8:30/2500</name>
      </trkpt>
      <trkpt lat="40.786929" lon="-119.215485">
        <name>man/8:35/2500</name>
      </trkpt>
      <trkpt lat="40.787178" lon="-119.215266">
        <name>man/8:40/2500</name>
      </trkpt>
      <trkpt lat="40.787419" lon="-119.215033">
        <name>man/8:45/2500</name>
      </trkpt>
      <trkpt lat="40.787652" lon="-119.214787">
        <name>man/8:50/2500</name>
      </trkpt>
      <trkpt lat="40.787878" lon="-119.214527">
        <name>man/8:55/2500</name>
      </trkpt>
      <trkpt lat="40.788094" lon="-119.214255">
        <name>man/9:00/2500</name>
      </trkpt>
      <trkpt lat="40.788301" lon="-119.213970">
        <name>man/9:05/2500</name>
      </trkpt>
      <trkpt lat="40.788498" lon="-119.213674">
        <name>man/9:10/2500</name>
      </trkpt>
      <trkpt lat="40.788686" lon="-119.213367">
        <name>man/9:15/2500</name>
      </trkpt>
      <trkpt lat="40.788863" lon="-119.213049">
        <name>man/9:20/2500</name>
      </trkpt>
      <trkpt lat="40.789029" lon="-119.212722">
        <name>man/9:25/2500</name>
      </trkpt>
      <trkpt lat="40.789184" lon="-119.212385">
        <name>man/9:30/2500</name>
      </trkpt>
      <trkpt lat="40.789328" lon="-119.212040">
        <name>man/9:35/2500</name>
      </trkpt>
      <trkpt lat="40.789461" lon="-119.211686">
        <name>man/9:40/2500</name>
      </trkpt>
      <trkpt lat="40.789581" lon="-119.211326">
        <name>man/9:45/2500</name>
      </trkpt>
      <trkpt lat="40.789690" lon="-119.210959">
        <name>man/9:50/2500</name>
      </trkpt>
      <trkpt lat="40.789786" lon="-119.210586">
        <name>man/9:55/2500</name>
      </trkpt>
      <trkpt lat="40.789870" lon="-119.210208">
        <name>man/10:00/2500</name>
      </trkpt>
    </trkseg>
  </trk>
  <trk>
    <name>Fulcrum</name>
    <trkseg>
      <trkpt lat="40.780012" lon="-119.192019">
        <name>man/2:00/4545</name>
      </trkpt>
      <trkpt lat="40.779490" lon="-119.192220">
        <name>man/2:05/4545</name>
      </trkpt>
      <trkpt lat="40.778974" lon="-119.192450">
        <name>man/2:10/4545</name>
      </trkpt>
      <trkpt lat="40.778467" lon="-119.192710">
        <name>man/2:15/4545</name>
      </trkpt>
      <trkpt lat="40.777969" lon="-119.192998">
        <name>man/2:20/4545</name>
      </trkpt>
      <trkpt lat="40.777481" lon="-119.193315">
        <name>man/2:25/4545</name>
      </trkpt>
      <trkpt lat="40.777004" lon="-119.193659">
        <name>man/2:30/4545</name>
      </trkpt>
      <trkpt lat="40.776538" lon="-119.194031">
        <name>man/2:35/4545</name>
      </trkpt>
      <trkpt lat="40.776086" lon="-119.194429">
        <name>man/2:40/4545</name>
      </trkpt>
      <trkpt lat="40.775647" lon="-119.194852">
        <name>man/2:45/4545</name>
      </trkpt>
      <trkpt lat="40.775223" lon="-119.195300">
        <name>man/2:50/4545</name>
      </trkpt>
      <trkpt lat="40.774814" lon="-119.195773">
        <name>man/2:55/4545</name>
      </trkpt>
      <trkpt lat="40.774420" lon="-119.196268">
        <name>man/3:00/4545</name>
      </trkpt>
      <trkpt lat="40.774044" lon="-119.196785">
        <name>man/3:05/4545</name>
      </trkpt>
      <trkpt lat="40.773685" lon="-119.197323">
        <name>man/3:10/4545</name>
      </trkpt>
      <trkpt lat="40.773345" lon="-119.197882">
        <name>man/3:15/4545</name>
      </trkpt>
      <trkpt lat="40.773023" lon="-119.198459">
        <name>man/3:20/4545</name>
      </trkpt>
      <trkpt lat="40.772721" lon="-119.199054">
        <name>man/3:25/4545</name>
      </trkpt>
      <trkpt lat="40.772438" lon="-119.199666">
        <name>man/3:30/4545</name>
      </trkpt>
      <trkpt lat="40.772177" lon="-119.200294">
        <name>man/3:35/4545</name>
      </trkpt>
      <trkpt lat="40.771936" lon="-119.200936">
        <name>man/3:40/4545</name>
      </trkpt>
      <trkpt lat="40.771717" lon="-119.201592">
        <name>man/3:45/4545</name>
      </trkpt>
      <trkpt lat="40.771519" lon="-119.202259">
        <name>man/3:50/4545</name>
      </trkpt>
      <trkpt lat="40.771345" lon="-119.202937">
        <name>man/3:55/4545</name>
      </trkpt>
      <trkpt lat="40.771192" lon="-119.203624">
        <name>man/4:00/4545</name>
      </trkpt>
      <trkpt lat="40.771063" lon="-119.204320">
        <name>man/4:05/4545</name>
      </trkpt>
      <trkpt lat="40.770957" lon="-119.205022">
        <name>man/4:10/4545</name>
      </trkpt>
      <trkpt lat="40.770874" lon="-119.205729">
        <name>man/4:15/4545</name>
      </trkpt>
      <trkpt lat="40.770815" lon="-119.206441">
        <name>man/4:20/4545</name>
      </trkpt>
      <trkpt lat="40.770779" lon="-119.207155">
        <name>man/4:25/4545</name>
      </trkpt>
      <trkpt lat="40.770767" lon="-119.207871">
        <name>man/4:30/4545</name>
      </trkpt>
      <trkpt lat="40.770779" lon="-119.208587">
        <name>man/4:35/4545</name>
      </trkpt>
      <trkpt lat="40.770815" lon="-119.209301">
        <name>man/4:40/4545</name>
      </trkpt>
      <trkpt lat="40.770874" lon="-119.210013">
        <name>man/4:45/4545</name>
      </trkpt>
      <trkpt lat="40.770957" lon="-119.210720">
        <name>man/4:50/4545</name>
      </trkpt>
      <trkpt lat="40.771063" lon="-119.211422">
        <name>man/4:55/4545</name>
      </trkpt>
      <trkpt lat="40.771192" lon="-119.212118">
        <name>man/5:00/4545</name>
      </trkpt>
      <trkpt lat="40.771345" lon="-119.212805">
        <name>man/5:05/4545</name>
      </trkpt>
      <trkpt lat="40.771519" lon="-119.213483">
        <name>man/5:10/4545</name>
      </trkpt>
      <trkpt lat="40.771717" lon="-119.214150">
        <name>man/5:15/4545</name>
      </trkpt>
      <trkpt lat="40.771936" lon="-119.214806">
        <name>man/5:20/4545</name>
      </trkpt>
      <trkpt lat="40.772177" lon="-119.215448">
        <name>man/5:25/4545</name>
      </trkpt>
      <trkpt lat="40.772438" lon="-119.216076">
        <name>man/5:30/4545</name>
      </trkpt>
      <trkpt lat="40.772721" lon="-119.216688">
        <name>man/5:35/4545</name>
      </trkpt>
      <trkpt lat="40.773023" lon="-119.217283">
        <name>man/5:40/4545</name>
      </trkpt>
      <trkpt lat="40.773345" lon="-119.217860">
        <name>man/5:45/4545</name>
      </trkpt>
      <trkpt lat="40.773685" lon="-119.218419">
        <name>man/5:50/4545</name>
      </trkpt>
      <trkpt lat="40.774044" lon="-119.218957">
        <name>man/5:55/4545</name>
      </trkpt>
      <trkpt lat="40.774420" lon="-119.219474">
        <name>man/6:00/4545</name>
      </trkpt>
    </trkseg>
    <trkseg>
      <trkpt lat="40.774420" lon="-119.219474">
        <name>man/6:00/4545</name>
      </trkpt>
      <trkpt lat="40.774814" lon="-119.219969">
        <name>man/6:05/4545</name>
      </trkpt>
      <trkpt lat="40.775223" lon="-119.220442">
        <name>man/6:10/4545</name>
      </trkpt>
      <trkpt lat="40.775647" lon="-119.220890">
        <name>man/6:15/4545</name>
      </trkpt>
      <trkpt lat="40.776086" lon="-119.221313">
        <name>man/6:20/4545</name>
      </trkpt>
      <trkpt lat="40.776538" lon="-119.221711">
        <name>man/6:25/4545</name>
      </trkpt>
      <trkpt lat="40.777004" lon="-119.222083">
        <name>man/6:30/4545</name>
      </trkpt>
      <trkpt lat="40.777481" lon="-119.222427">
        <name>man/6:35/4545</name>
      </trkpt>
      <trkpt lat="40.777969" lon="-119.222744">
        <name>man/6:40/4545</name>
      </trkpt>
      <trkpt lat="40.778467" lon="-119.223032">
        <name>man/6:45/4545</name>
      </trkpt>
      <trkpt lat="40.778974" lon="-119.223292">
        <name>man/6:50/4545</name>
      </trkpt>
      <trkpt lat="40.779490" lon="-119.223522">
        <name>man/6:55/4545</name>
      </trkpt>
      <trkpt lat="40.780012" lon="-119.223723">
        <name>man/7:00/4545</name>
      </trkpt>
      <trkpt lat="40.780541" lon="-119.223893">
        <name>man/7:05/4545</name>
      </trkpt>
      <trkpt lat="40.781075" lon="-119.224033">
        <name>man/7:10/4545</name>
      </trkpt>
      <trkpt lat="40.781613" lon="-119.224142">
        <name>man/7:15/4545</name>
      </trkpt>
      <trkpt lat="40.782154" lon="-119.224220">
        <name>man/7:20/4545</name>
      </trkpt>
      <trkpt lat="40.782697" lon="-119.224267">
        <name>man/7:25/4545</name>
      </trkpt>
      <trkpt lat="40.783241" lon="-119.224283">
        <name>man/7:30/4545</name>
      </trkpt>
      <trkpt lat="40.783785" lon="-119.224267">
        <name>man/7:35/4545</name>
      </trkpt>
      <trkpt lat="40.784328" lon="-119.224221">
        <name>man/7:40/4545</name>
      </trkpt>
      <trkpt lat="40.784869" lon="-119.224143">
        <name>man/7:45/4545</name>
      </trkpt>
      <trkpt lat="40.785407" lon="-119.224034">
        <name>man/7:50/4545</name>
      </trkpt>
      <trkpt lat="40.785941" lon="-119.223894">
        <name>man/7:55/4545</name>
      </trkpt>
      <trkpt lat="40.786470" lon="-119.223724">
        <name>man/8:00/4545</name>
      </trkpt>
      <trkpt lat="40.786992" lon="-119.223524">
        <name>man/8:05/4545</name>
      </trkpt>
      <trkpt lat="40.787508" lon="-119.223294">
        <name>man/8:10/4545</name>
      </trkpt>
      <trkpt lat="40.788015" lon="-119.223035">
        <name>man/8:15/4545</name>
      </trkpt>
      <trkpt lat="40.788513" lon="-119.222746">
        <name>man/8:20/4545</name>
      </trkpt>
      <trkpt lat="40.789001" lon="-119.222430">
        <name>man/8:25/4545</name>
      </trkpt>
      <trkpt lat="40.789478" lon="-119.222085">
        <name>man/8:30/4545</name>
      </trkpt>
      <trkpt lat="40.789944" lon="-119.221714">
        <name>man/8:35/4545</name>
      </trkpt>
      <trkpt lat="40.790396" lon="-119.221316">
        <name>man/8:40/4545</name>
      </trkpt>
      <trkpt lat="40.790835" lon="-119.220893">
        <name>man/8:45/4545</name>
      </trkpt>
      <trkpt lat="40.791260" lon="-119.220445">
        <name>man/8:50/4545</name>
      </trkpt>
      <trkpt lat="40.791669" lon="-119.219973">
        <name>man/8:55/4545</name>
      </trkpt>
      <trkpt lat="40.792062" lon="-119.219477">
        <name>man/9:00/4545</name>
      </trkpt>
      <trkpt lat="40.792439" lon="-119.218960">
        <name>man/9:05/4545</name>
      </trkpt>
      <trkpt lat="40.792798" lon="-119.218422">
        <name>man/9:10/4545</name>
      </trkpt>
      <trkpt lat="40.793138" lon="-119.217863">
        <name>man/9:15/4545</name>
      </trkpt>
      <trkpt lat="40.793460" lon="-119.217286">
        <name>man/9:20/4545</name>
      </trkpt>
      <trkpt lat="40.793763" lon="-119.216690">
        <name>man/9:25/4545</name>
      </trkpt>
      <trkpt lat="40.794045" lon="-119.216078">
        <name>man/9:30/4545</name>
      </trkpt>
      <trkpt lat="40.794307" lon="-119.215450">
        <name>man/9:35/4545</name>
      </trkpt>
      <trkpt lat="40.794548" lon="-119.214808">
        <name>man/9:40/4545</name>
      </trkpt>
      <trkpt lat="40.794767" lon="-119.214153">
        <name>man/9:45/4545</name>
      </trkpt>
      <trkpt lat="40.794964" lon="-119.213485">
        <name>man/9:50/4545</name>
      </trkpt>
      <trkpt lat="40.795139" lon="-119.212807">
        <name>man/9:55/4545</name>
      </trkpt>
      <trkpt lat="40.795292" lon="-119.212119">
        <name>man/10:00/4545</name>
      </trkpt>
    </trkseg>
  </trk>
  <trk>
    <name>Great Oak</name>
    <trkseg>
      <trkpt lat="40.779813" lon="-119.191043">
        <name>man/2:00/4825</name>
      </trkpt>
      <trkpt lat="40.779258" lon="-119.191256">
        <name>man/2:05/4825</name>
      </trkpt>
      <trkpt lat="40.778711" lon="-119.191500">
        <name>man/2:10/4825</name>
      </trkpt>
      <trkpt lat="40.778173" lon="-119.191776">
        <name>man/2:15/4825</name>
      </trkpt>
      <trkpt lat="40.777644" lon="-119.192082">
        <name>man/2:20/4825</name>
      </trkpt>
      <trkpt lat="40.777126" lon="-119.192418">
        <name>man/2:25/4825</name>
      </trkpt>
      <trkpt lat="40.776619" lon="-119.192784">
        <name>man/2:30/4825</name>
      </trkpt>
      <trkpt lat="40.776125" lon="-119.193178">
        <name>man/2:35/4825</name>
      </trkpt>
      <trkpt lat="40.775645" lon="-119.193601">
        <name>man/2:40/4825</name>
      </trkpt>
      <trkpt lat="40.775179" lon="-119.194050">
        <name>man/2:45/4825</name>
      </trkpt>
      <trkpt lat="40.774729" lon="-119.194526">
        <name>man/2:50/4825</name>
      </trkpt>
      <trkpt lat="40.774294" lon="-119.195027">
        <name>man/2:55/4825</name>
      </trkpt>
      <trkpt lat="40.773877" lon="-119.195553">
        <name>man/3:00/4825</name>
      </trkpt>
      <trkpt lat="40.773477" lon="-119.196102">
        <name>man/3:05/4825</name>
      </trkpt>
      <trkpt lat="40.773097" lon="-119.196674">
        <name>man/3:10/4825</name>
      </trkpt>
      <trkpt lat="40.772735" lon="-119.197266">
        <name>man/3:15/4825</name>
      </trkpt>
      <trkpt lat="40.772393" lon="-119.197879">
        <name>man/3:20/4825</name>
      </trkpt>
      <trkpt lat="40.772072" lon="-119.198511">
        <name>man/3:25/4825</name>
      </trkpt>
      <trkpt lat="40.771773" lon="-119.199161">
        <name>man/3:30/4825</name>
      </trkpt>
      <trkpt lat="40.771495" lon="-119.199827">
        <name>man/3:35/4825</name>
      </trkpt>
      <trkpt lat="40.771239" lon="-119.200509">
        <name>man/3:40/4825</name>
      </trkpt>
      <trkpt lat="40.771007" lon="-119.201205">
        <name>man/3:45/4825</name>
      </trkpt>
      <trkpt lat="40.770797" lon="-119.201913">
        <name>man/3:50/4825</name>
      </trkpt>
      <trkpt lat="40.770612" lon="-119.202633">
        <name>man/3:55/4825</name>
      </trkpt>
      <trkpt lat="40.770450" lon="-119.203363">
        <name>man/4:00/4825</name>
      </trkpt>
      <trkpt lat="40.770313" lon="-119.204101">
        <name>man/4:05/4825</name>
      </trkpt>
      <trkpt lat="40.770200" lon="-119.204846">
        <name>man/4:10/4825</name>
      </trkpt>
      <trkpt lat="40.770112" lon="-119.205597">
        <name>man/4:15/4825</name>
      </trkpt>
      <trkpt lat="40.770049" lon="-119.206353">
        <name>man/4:20/4825</name>
      </trkpt>
      <trkpt lat="40.770011" lon="-119.207111">
        <name>man/4:25/4825</name>
      </trkpt>
      <trkpt lat="40.769999" lon="-119.207871">
        <name>man/4:30/4825</name>
      </trkpt>
      <trkpt lat="40.770011" lon="-119.208631">
        <name>man/4:35/4825</name>
      </trkpt>
      <trkpt lat="40.770049" lon="-119.209389">
        <name>man/4:40/4825</name>
      </trkpt>
      <trkpt lat="40.770112" lon="-119.210145">
        <name>man/4:45/4825</name>
      </trkpt>
      <trkpt lat="40.770200" lon="-119.210896">
        <name>man/4:50/4825</name>
      </trkpt>
      <trkpt lat="40.770313" lon="-119.211641">
        <name>man/4:55/4825</name>
      </trkpt>
      <trkpt lat="40.770450" lon="-119.212379">
        <name>man/5:00/4825</name>
      </trkpt>
      <trkpt lat="40.770612" lon="-119.213109">
        <name>man/5:05/4825</name>
      </trkpt>
      <trkpt lat="40.770797" lon="-119.213829">
        <name>man/5:10/4825</name>
      </trkpt>
      <trkpt lat="40.771007" lon="-119.214537">
        <name>man/5:15/4825</name>
      </trkpt>
      <trkpt lat="40.771239" lon="-119.215233">
        <name>man/5:20/4825</name>
      </trkpt>
      <trkpt lat="40.771495" lon="-119.215915">
        <name>man/5:25/4825</name>
      </trkpt>
      <trkpt lat="40.771773" lon="-119.216581">
        <name>man/5:30/4825</name>
      </trkpt>
      <trkpt lat="40.772072" lon="-119.217231">
        <name>man/5:35/4825</name>
      </trkpt>
      <trkpt lat="40.772393" lon="-119.217863">
        <name>man/5:40/4825</name>
      </trkpt>
      <trkpt lat="40.772735" lon="-119.218476">
        <name>man/5:45/4825</name>
      </trkpt>
      <trkpt lat="40.773097" lon="-119.219068">
        <name>man/5:50/4825</name>
      </trkpt>
      <trkpt lat="40.773477" lon="-119.219640">
        <name>man/5:55/4825</name>
      </trkpt>
      <trkpt lat="40.773877" lon="-119.220189">
        <name>man/6:00/4825</name>
      </trkpt>
    </trkseg>
    <trkseg>
      <trkpt lat="40.773877" lon="-119.220189">
        <name>man/6:00/4825</name>
      </trkpt>
      <trkpt lat="40.774294" lon="-119.220715">
        <name>man/6:05/4825</name>
      </trkpt>
      <trkpt lat="40.774729" lon="-119.221216">
        <name>man/6:10/4825</name>
      </trkpt>
      <trkpt lat="40.775179" lon="-119.221692">
        <name>man/6:15/4825</name>
      </trkpt>
      <trkpt lat="40.775645" lon="-119.222141">
        <name>man/6:20/4825</name>
      </trkpt>
      <trkpt lat="40.776125" lon="-119.222564">
        <name>man/6:25/4825</name>
      </trkpt>
      <trkpt lat="40.776619" lon="-119.222958">
        <name>man/6:30/4825</name>
      </trkpt>
      <trkpt lat="40.777126" lon="-119.223324">
        <name>man/6:35/4825</name>
      </trkpt>
      <trkpt lat="40.777644" lon="-119.223660">
        <name>man/6:40/4825</name>
      </trkpt>
      <trkpt lat="40.778173" lon="-119.223966">
        <name>man/6:45/4825</name>
      </trkpt>
      <trkpt lat="40.778711" lon="-119.224242">
        <name>man/6:50/4825</name>
      </trkpt>
      <trkpt lat="40.779258" lon="-119.224486">
        <name>man/6:55/4825</name>
      </trkpt>
      <trkpt lat="40.779813" lon="-119.224699">
        <name>man/7:00/4825</name>
      </trkpt>
      <trkpt lat="40.780374" lon="-119.224880">
        <name>man/7:05/4825</name>
      </trkpt>
      <trkpt lat="40.780941" lon="-119.225028">
        <name>man/7:10/4825</name>
      </trkpt>
      <trkpt lat="40.781512" lon="-119.225144">
        <name>man/7:15/4825</name>
      </trkpt>
      <trkpt lat="40.782086" lon="-119.225227">
        <name>man/7:20/4825</name>
      </trkpt>
      <trkpt lat="40.782663" lon="-119.225277">
        <name>man/7:25/4825</name>
      </trkpt>
      <trkpt lat="40.783241" lon="-119.225294">
        <name>man/7:30/4825</name>
      </trkpt>
      <trkpt lat="40.783818" lon="-119.225277">
        <name>man/7:35/4825</name>
      </trkpt>
      <trkpt lat="40.784395" lon="-119.225228">
        <name>man/7:40/4825</name>
      </trkpt>
      <trkpt lat="40.784969" lon="-119.225145">
        <name>man/7:45/4825</name>
      </trkpt>
      <trkpt lat="40.785540" lon="-119.225030">
        <name>man/7:50/4825</name>
      </trkpt>
      <trkpt lat="40.786107" lon="-119.224882">
        <name>man/7:55/4825</name>
      </trkpt>
      <trkpt lat="40.786668" lon="-119.224701">
        <name>man/8:00/4825</name>
      </trkpt>
      <trkpt lat="40.787223" lon="-119.224488">
        <name>man/8:05/4825</name>
      </trkpt>
      <trkpt lat="40.787770" lon="-119.224244">
        <name>man/8:10/4825</name>
      </trkpt>
      <trkpt lat="40.788309" lon="-119.223969">
        <name>man/8:15/4825</name>
      </trkpt>
      <trkpt lat="40.788838" lon="-119.223663">
        <name>man/8:20/4825</name>
      </trkpt>
      <trkpt lat="40.789356" lon="-119.223327">
        <name>man/8:25/4825</name>
      </trkpt>
      <trkpt lat="40.789863" lon="-119.222961">
        <name>man/8:30/4825</name>
      </trkpt>
      <trkpt lat="40.790357" lon="-119.222567">
        <name>man/8:35/4825</name>
      </trkpt>
      <trkpt lat="40.790837" lon="-119.222145">
        <name>man/8:40/4825</name>
      </trkpt>
      <trkpt lat="40.791303" lon="-119.221695">
        <name>man/8:45/4825</name>
      </trkpt>
      <trkpt lat="40.791754" lon="-119.221219">
        <name>man/8:50/4825</name>
      </trkpt>
      <trkpt lat="40.792188" lon="-119.220718">
        <name>man/8:55/4825</name>
      </trkpt>
      <trkpt lat="40.792606" lon="-119.220192">
        <name>man/9:00/4825</name>
      </trkpt>
      <trkpt lat="40.793005" lon="-119.219643">
        <name>man/9:05/4825</name>
      </trkpt>
      <trkpt lat="40.793386" lon="-119.219072">
        <name>man/9:10/4825</name>
      </trkpt>
      <trkpt lat="40.793748" lon="-119.218479">
        <name>man/9:15/4825</name>
      </trkpt>
      <trkpt lat="40.794090" lon="-119.217866">
        <name>man/9:20/4825</name>
      </trkpt>
      <trkpt lat="40.794411" lon="-119.217234">
        <name>man/9:25/4825</name>
      </trkpt>
      <trkpt lat="40.794711" lon="-119.216584">
        <name>man/9:30/4825</name>
      </trkpt>
      <trkpt lat="40.794989" lon="-119.215917">
        <name>man/9:35/4825</name>
      </trkpt>
      <trkpt lat="40.795244" lon="-119.215236">
        <name>man/9:40/4825</name>
      </trkpt>
      <trkpt lat="40.795477" lon="-119.214540">
        <name>man/9:45/4825</name>
      </trkpt>
      <trkpt lat="40.795686" lon="-119.213831">
        <name>man/9:50/4825</name>
      </trkpt>
      <trkpt lat="40.795872" lon="-119.213111">
        <name>man/9:55/4825</name>
      </trkpt>
      <trkpt lat="40.796034" lon="-119.212381">
        <name>man/10:00/4825</name>
      </trkpt>
    </trkseg>
  </trk>
  <trk>
    <name>Heiau</name>
    <trkseg>
      <trkpt lat="40.779614" lon="-119.190066">
        <name>man/2:00/5105</name>
      </trkpt>
      <trkpt lat="40.779027" lon="-119.190291">
        <name>man/2:05/5105</name>
      </trkpt>
      <trkpt lat="40.778448" lon="-119.190550">
        <name>man/2:10/5105</name>
      </trkpt>
      <trkpt lat="40.777879" lon="-119.190842">
        <name>man/2:15/5105</name>
      </trkpt>
      <trkpt lat="40.777319" lon="-119.191166">
        <name>man/2:20/5105</name>
      </trkpt>
      <trkpt lat="40.776771" lon="-119.191522">
        <name>man/2:25/5105</name>
      </trkpt>
      <trkpt lat="40.776235" lon="-119.191909">
        <name>man/2:30/5105</name>
      </trkpt>
      <trkpt lat="40.775712" lon="-119.192326">
        <name>man/2:35/5105</name>
      </trkpt>
      <trkpt lat="40.775204" lon="-119.192773">
        <name>man/2:40/5105</name>
      </trkpt>
      <trkpt lat="40.774711" lon="-119.193248">
        <name>man/2:45/5105</name>
      </trkpt>
      <trkpt lat="40.774235" lon="-119.193752">
        <name>man/2:50/5105</name>
      </trkpt>
      <trkpt lat="40.773775" lon="-119.194282">
        <name>man/2:55/5105</name>
      </trkpt>
      <trkpt lat="40.773333" lon="-119.194838">
        <name>man/3:00/5105</name>
      </trkpt>
      <trkpt lat="40.772911" lon="-119.195419">
        <name>man/3:05/5105</name>
      </trkpt>
      <trkpt lat="40.772508" lon="-119.196024">
        <name>man/3:10/5105</name>
      </trkpt>
      <trkpt lat="40.772125" lon="-119.196651">
        <name>man/3:15/5105</name>
      </trkpt>
      <trkpt lat="40.771764" lon="-119.197300">
        <name>man/3:20/5105</name>
      </trkpt>
      <trkpt lat="40.771424" lon="-119.197968">
        <name>man/3:25/5105</name>
      </trkpt>
      <trkpt lat="40.771107" lon="-119.198656">
        <name>man/3:30/5105</name>
      </trkpt>
      <trkpt lat="40.770813" lon="-119.199361">
        <name>man/3:35/5105</name>
      </trkpt>
      <trkpt lat="40.770543" lon="-119.200082">
        <name>man/3:40/5105</name>
      </trkpt>
      <trkpt lat="40.770297" lon="-119.200818">
        <name>man/3:45/5105</name>
      </trkpt>
      <trkpt lat="40.770075" lon="-119.201568">
        <name>man/3:50/5105</name>
      </trkpt>
      <trkpt lat="40.769879" lon="-119.202329">
        <name>man/3:55/5105</name>
      </trkpt>
      <trkpt lat="40.769708" lon="-119.203101">
        <name>man/4:00/5105</name>
      </trkpt>
      <trkpt lat="40.769562" lon="-119.203882">
        <name>man/4:05/5105</name>
      </trkpt>
      <trkpt lat="40.769443" lon="-119.204671">
        <name>man/4:10/5105</name>
      </trkpt>
      <trkpt lat="40.769350" lon="-119.205465">
        <name>man/4:15/5105</name>
      </trkpt>
      <trkpt lat="40.769284" lon="-119.206265">
        <name>man/4:20/5105</name>
      </trkpt>
      <trkpt lat="40.769244" lon="-119.207067">
        <name>man/4:25/5105</name>
      </trkpt>
      <trkpt lat="40.769230" lon="-119.207871">
        <name>man/4:30/5105</name>
      </trkpt>
      <trkpt lat="40.769244" lon="-119.208675">
        <name>man/4:35/5105</name>
      </trkpt>
      <trkpt lat="40.769284" lon="-119.209477">
        <name>man/4:40/5105</name>
      </trkpt>
      <trkpt lat="40.769350" lon="-119.210277">
        <name>man/4:45/5105</name>
      </trkpt>
      <trkpt lat="40.769443" lon="-119.211071">
        <name>man/4:50/5105</name>
      </trkpt>
      <trkpt lat="40.769562" lon="-119.211860">
        <name>man/4:55/5105</name>
      </trkpt>
      <trkpt lat="40.769708" lon="-119.212641">
        <name>man/5:00/5105</name>
      </trkpt>
      <trkpt lat="40.769879" lon="-119.213413">
        <name>man/5:05/5105</name>
      </trkpt>
      <trkpt lat="40.770075" lon="-119.214174">
        <name>man/5:10/5105</name>
      </trkpt>
      <trkpt lat="40.770297" lon="-119.214924">
        <name>man/5:15/5105</name>
      </trkpt>
      <trkpt lat="40.770543" lon="-119.215660">
        <name>man/5:20/5105</name>
      </trkpt>
      <trkpt lat="40.770813" lon="-119.216381">
        <name>man/5:25/5105</name>
      </trkpt>
      <trkpt lat="40.771107" lon="-119.217086">
        <name>man/5:30/5105</name>
      </trkpt>
      <trkpt lat="40.771424" lon="-119.217774">
        <name>man/5:35/5105</name>
      </trkpt>
      <trkpt lat="40.771764" lon="-119.218442">
        <name>man/5:40/5105</name>
      </trkpt>
      <trkpt lat="40.772125" lon="-119.219091">
        <name>man/5:45/5105</name>
      </trkpt>
      <trkpt lat="40.772508" lon="-119.219718">
        <name>man/5:50/5105</name>
      </trkpt>
      <trkpt lat="40.772911" lon="-119.220323">
        <name>man/5:55/5105</name>
      </trkpt>
      <trkpt lat="40.773333" lon="-119.220904">
        <name>man/6:00/5105</name>
      </trkpt>
    </trkseg>
    <trkseg>
      <trkpt lat="40.773333" lon="-119.220904">
        <name>man/6:00/5105</name>
      </trkpt>
      <trkpt lat="40.773775" lon="-119.221460">
        <name>man/6:05/5105</name>
      </trkpt>
      <trkpt lat="40.774235" lon="-119.221990">
        <name>man/6:10/5105</name>
      </trkpt>
      <trkpt lat="40.774711" lon="-119.222494">
        <name>man/6:15/5105</name>
      </trkpt>
      <trkpt lat="40.775204" lon="-119.222969">
        <name>man/6:20/5105</name>
      </trkpt>
      <trkpt lat="40.775712" lon="-119.223416">
        <name>man/6:25/5105</name>
      </trkpt>
      <trkpt lat="40.776235" lon="-119.223833">
        <name>man/6:30/5105</name>
      </trkpt>
      <trkpt lat="40.776771" lon="-119.224220">
        <name>man/6:35/5105</name>
      </trkpt>
      <trkpt lat="40.777319" lon="-119.224576">
        <name>man/6:40/5105</name>
      </trkpt>
      <trkpt lat="40.777879" lon="-119.224900">
        <name>man/6:45/5105</name>
      </trkpt>
      <trkpt lat="40.778448" lon="-119.225192">
        <name>man/6:50/5105</name>
      </trkpt>
      <trkpt lat="40.779027" lon="-119.225451">
        <name>man/6:55/5105</name>
      </trkpt>
      <trkpt lat="40.779614" lon="-119.225676">
        <name>man/7:00/5105</name>
      </trkpt>
      <trkpt lat="40.780208" lon="-119.225867">
        <name>man/7:05/5105</name>
      </trkpt>
      <trkpt lat="40.780807" lon="-119.226024">
        <name>man/7:10/5105</name>
      </trkpt>
      <trkpt lat="40.781412" lon="-119.226147">
        <name>man/7:15/5105</name>
      </trkpt>
      <trkpt lat="40.782019" lon="-119.226234">
        <name>man/7:20/5105</name>
      </trkpt>
      <trkpt lat="40.782629" lon="-119.226287">
        <name>man/7:25/5105</name>
      </trkpt>
      <trkpt lat="40.783241" lon="-119.226305">
        <name>man/7:30/5105</name>
      </trkpt>
      <trkpt lat="40.783852" lon="-119.226287">
        <name>man/7:35/5105</name>
      </trkpt>
      <trkpt lat="40.784462" lon="-119.226235">
        <name>man/7:40/5105</name>
      </trkpt>
      <trkpt lat="40.785069" lon="-119.226148">
        <name>man/7:45/5105</name>
      </trkpt>
      <trkpt lat="40.785674" lon="-119.226025">
        <name>man/7:50/5105</name>
      </trkpt>
      <trkpt lat="40.786273" lon="-119.225869">
        <name>man/7:55/5105</name>
      </trkpt>
      <trkpt lat="40.786867" lon="-119.225678">
        <name>man/8:00/5105</name>
      </trkpt>
      <trkpt lat="40.787454" lon="-119.225453">
        <name>man/8:05/5105</name>
      </trkpt>
      <trkpt lat="40.788033" lon="-119.225194">
        <name>man/8:10/5105</name>
      </trkpt>
      <trkpt lat="40.788603" lon="-119.224903">
        <name>man/8:15/5105</name>
      </trkpt>
      <trkpt lat="40.789162" lon="-119.224579">
        <name>man/8:20/5105</name>
      </trkpt>
      <trkpt lat="40.789711" lon="-119.224224">
        <name>man/8:25/5105</name>
      </trkpt>
      <trkpt lat="40.790247" lon="-119.223837">
        <name>man/8:30/5105</name>
      </trkpt>
      <trkpt lat="40.790769" lon="-119.223420">
        <name>man/8:35/5105</name>
      </trkpt>
      <trkpt lat="40.791278" lon="-119.222973">
        <name>man/8:40/5105</name>
      </trkpt>
      <trkpt lat="40.791771" lon="-119.222497">
        <name>man/8:45/5105</name>
      </trkpt>
      <trkpt lat="40.792248" lon="-119.221994">
        <name>man/8:50/5105</name>
      </trkpt>
      <trkpt lat="40.792707" lon="-119.221464">
        <name>man/8:55/5105</name>
      </trkpt>
      <trkpt lat="40.793149" lon="-119.220908">
        <name>man/9:00/5105</name>
      </trkpt>
      <trkpt lat="40.793572" lon="-119.220327">
        <name>man/9:05/5105</name>
      </trkpt>
      <trkpt lat="40.793975" lon="-119.219722">
        <name>man/9:10/5105</name>
      </trkpt>
      <trkpt lat="40.794358" lon="-119.219095">
        <name>man/9:15/5105</name>
      </trkpt>
      <trkpt lat="40.794719" lon="-119.218446">
        <name>man/9:20/5105</name>
      </trkpt>
      <trkpt lat="40.795059" lon="-119.217777">
        <name>man/9:25/5105</name>
      </trkpt>
      <trkpt lat="40.795376" lon="-119.217090">
        <name>man/9:30/5105</name>
      </trkpt>
      <trkpt lat="40.795670" lon="-119.216384">
        <name>man/9:35/5105</name>
      </trkpt>
      <trkpt lat="40.795941" lon="-119.215663">
        <name>man/9:40/5105</name>
      </trkpt>
      <trkpt lat="40.796187" lon="-119.214927">
        <name>man/9:45/5105</name>
      </trkpt>
      <trkpt lat="40.796409" lon="-119.214177">
        <name>man/9:50/5105</name>
      </trkpt>
      <trkpt lat="40.796605" lon="-119.213415">
        <name>man/9:55/5105</name>
      </trkpt>
      <trkpt lat="40.796776" lon="-119.212643">
        <name>man/10:00/5105</name>
      </trkpt>
    </trkseg>
  </trk>
  <trk>
    <name>Iroko</name>
    <trkseg>
      <trkpt lat="40.779415" lon="-119.189090">
        <name>man/2:00/5385</name>
      </trkpt>
      <trkpt lat="40.778796" lon="-119.189327">
        <name>man/2:05/5385</name>
      </trkpt>
      <trkpt lat="40.778185" lon="-119.189600">
        <name>man/2:10/5385</name>
      </trkpt>
      <trkpt lat="40.777584" lon="-119.189908">
        <name>man/2:15/5385</name>
      </trkpt>
      <trkpt lat="40.776994" lon="-119.190250">
        <name>man/2:20/5385</name>
      </trkpt>
      <trkpt lat="40.776416" lon="-119.190625">
        <name>man/2:25/5385</name>
      </trkpt>
      <trkpt lat="40.775851" lon="-119.191033">
        <name>man/2:30/5385</name>
      </trkpt>
      <trkpt lat="40.775299" lon="-119.191473">
        <name>man/2:35/5385</name>
      </trkpt>
      <trkpt lat="40.774763" lon="-119.191945">
        <name>man/2:40/5385</name>
      </trkpt>
      <trkpt lat="40.774243" lon="-119.192446">
        <name>man/2:45/5385</name>
      </trkpt>
      <trkpt lat="40.773740" lon="-119.192977">
        <name>man/2:50/5385</name>
      </trkpt>
      <trkpt lat="40.773256" lon="-119.193537">
        <name>man/2:55/5385</name>
      </trkpt>
      <trkpt lat="40.772790" lon="-119.194124">
        <name>man/3:00/5385</name>
      </trkpt>
      <trkpt lat="40.772344" lon="-119.194736">
        <name>man/3:05/5385</name>
      </trkpt>
      <trkpt lat="40.771919" lon="-119.195374">
        <name>man/3:10/5385</name>
      </trkpt>
      <trkpt lat="40.771515" lon="-119.196036">
        <name>man/3:15/5385</name>
      </trkpt>
      <trkpt lat="40.771134" lon="-119.196720">
        <name>man/3:20/5385</name>
      </trkpt>
      <trkpt lat="40.770776" lon="-119.197425">
        <name>man/3:25/5385</name>
      </trkpt>
      <trkpt lat="40.770441" lon="-119.198150">
        <name>man/3:30/5385</name>
      </trkpt>
      <trkpt lat="40.770131" lon="-119.198894">
        <name>man/3:35/5385</name>
      </trkpt>
      <trkpt lat="40.769846" lon="-119.199655">
        <name>man/3:40/5385</name>
      </trkpt>
      <trkpt lat="40.769587" lon="-119.200431">
        <name>man/3:45/5385</name>
      </trkpt>
      <trkpt lat="40.769353" lon="-119.201222">
        <name>man/3:50/5385</name>
      </trkpt>
      <trkpt lat="40.769146" lon="-119.202025">
        <name>man/3:55/5385</name>
      </trkpt>
      <trkpt lat="40.768965" lon="-119.202839">
        <name>man/4:00/5385</name>
      </trkpt>
      <trkpt lat="40.768812" lon="-119.203663">
        <name>man/4:05/5385</name>
      </trkpt>
      <trkpt lat="40.768686" lon="-119.204495">
        <name>man/4:10/5385</name>
      </trkpt>
      <trkpt lat="40.768588" lon="-119.205333">
        <name>man/4:15/5385</name>
      </trkpt>
      <trkpt lat="40.768518" lon="-119.206177">
        <name>man/4:20/5385</name>
      </trkpt>
      <trkpt lat="40.768476" lon="-119.207023">
        <name>man/4:25/5385</name>
      </trkpt>
      <trkpt lat="40.768462" lon="-119.207871">
        <name>man/4:30/5385</name>
      </trkpt>
      <trkpt lat="40.768476" lon="-119.208719">
        <name>man/4:35/5385</name>
      </trkpt>
      <trkpt lat="40.768518" lon="-119.209565">
        <name>man/4:40/5385</name>
      </trkpt>
      <trkpt lat="40.768588" lon="-119.210409">
        <name>man/4:45/5385</name>
      </trkpt>
      <trkpt lat="40.768686" lon="-119.211247">
        <name>man/4:50/5385</name>
      </trkpt>
      <trkpt lat="40.768812" lon="-119.212079">
        <name>man/4:55/5385</name>
      </trkpt>
      <trkpt lat="40.768965" lon="-119.212903">
        <name>man/5:00/5385</name>
      </trkpt>
      <trkpt lat="40.769146" lon="-119.213717">
        <name>man/5:05/5385</name>
      </trkpt>
      <trkpt lat="40.769353" lon="-119.214520">
        <name>man/5:10/5385</name>
      </trkpt>
      <trkpt lat="40.769587" lon="-119.215311">
        <name>man/5:15/5385</name>
      </trkpt>
      <trkpt lat="40.769846" lon="-119.216087">
        <name>man/5:20/5385</name>
      </trkpt>
      <trkpt lat="40.770131" lon="-119.216848">
        <name>man/5:25/5385</name>
      </trkpt>
      <trkpt lat="40.770441" lon="-119.217592">
        <name>man/5:30/5385</name>
      </trkpt>
      <trkpt lat="40.770776" lon="-119.218317">
        <name>man/5:35/5385</name>
      </trkpt>
      <trkpt lat="40.771134" lon="-119.219022">
        <name>man/5:40/5385</name>
      </trkpt>
      <trkpt lat="40.771515" lon="-119.219706">
        <name>man/5:45/5385</name>
      </trkpt>
      <trkpt lat="40.771919" lon="-119.220368">
        <name>man/5:50/5385</name>
      </trkpt>
      <trkpt lat="40.772344" lon="-119.221006">
        <name>man/5:55/5385</name>
      </trkpt>
      <trkpt lat="40.772790" lon="-119.221618">
        <name>man/6:00/5385</name>
      </trkpt>
    </trkseg>
    <trkseg>
      <trkpt lat="40.772790" lon="-119.221618">
        <name>man/6:00/5385</name>
      </trkpt>
      <trkpt lat="40.773256" lon="-119.222205">
        <name>man/6:05/5385</name>
      </trkpt>
      <trkpt lat="40.773740" lon="-119.222765">
        <name>man/6:10/5385</name>
      </trkpt>
      <trkpt lat="40.774243" lon="-119.223296">
        <name>man/6:15/5385</name>
      </trkpt>
      <trkpt lat="40.774763" lon="-119.223797">
        <name>man/6:20/5385</name>
      </trkpt>
      <trkpt lat="40.775299" lon="-119.224269">
        <name>man/6:25/5385</name>
      </trkpt>
      <trkpt lat="40.775851" lon="-119.224709">
        <name>man/6:30/5385</name>
      </trkpt>
      <trkpt lat="40.776416" lon="-119.225117">
        <name>man/6:35/5385</name>
      </trkpt>
      <trkpt lat="40.776994" lon="-119.225492">
        <name>man/6:40/5385</name>
      </trkpt>
      <trkpt lat="40.777584" lon="-119.225834">
        <name>man/6:45/5385</name>
      </trkpt>
      <trkpt lat="40.778185" lon="-119.226142">
        <name>man/6:50/5385</name>
      </trkpt>
      <trkpt lat="40.778796" lon="-119.226415">
        <name>man/6:55/5385</name>
      </trkpt>
      <trkpt lat="40.779415" lon="-119.226652">
        <name>man/7:00/5385</name>
      </trkpt>
      <trkpt lat="40.780041" lon="-119.226854">
        <name>man/7:05/5385</name>
      </trkpt>
      <trkpt lat="40.780674" lon="-119.227020">
        <name>man/7:10/5385</name>
      </trkpt>
      <trkpt lat="40.781311" lon="-119.227149">
        <name>man/7:15/5385</name>
      </trkpt>
      <trkpt lat="40.781952" lon="-119.227242">
        <name>man/7:20/5385</name>
      </trkpt>
      <trkpt lat="40.782596" lon="-119.227297">
        <name>man/7:25/5385</name>
      </trkpt>
      <trkpt lat="40.783240" lon="-119.227316">
        <name>man/7:30/5385</name>
      </trkpt>
      <trkpt lat="40.783885" lon="-119.227298">
        <name>man/7:35/5385</name>
      </trkpt>
      <trkpt lat="40.784529" lon="-119.227242">
        <name>man/7:40/5385</name>
      </trkpt>
      <trkpt lat="40.785170" lon="-119.227150">
        <name>man/7:45/5385</name>
      </trkpt>
      <trkpt lat="40.785807" lon="-119.227021">
        <name>man/7:50/5385</name>
      </trkpt>
      <trkpt lat="40.786439" lon="-119.226856">
        <name>man/7:55/5385</name>
      </trkpt>
      <trkpt lat="40.787066" lon="-119.226654">
        <name>man/8:00/5385</name>
      </trkpt>
      <trkpt lat="40.787685" lon="-119.226417">
        <name>man/8:05/5385</name>
      </trkpt>
      <trkpt lat="40.788296" lon="-119.226145">
        <name>man/8:10/5385</name>
      </trkpt>
      <trkpt lat="40.788897" lon="-119.225837">
        <name>man/8:15/5385</name>
      </trkpt>
      <trkpt lat="40.789487" lon="-119.225496">
        <name>man/8:20/5385</name>
      </trkpt>
      <trkpt lat="40.790065" lon="-119.225121">
        <name>man/8:25/5385</name>
      </trkpt>
      <trkpt lat="40.790631" lon="-119.224713">
        <name>man/8:30/5385</name>
      </trkpt>
      <trkpt lat="40.791182" lon="-119.224273">
        <name>man/8:35/5385</name>
      </trkpt>
      <trkpt lat="40.791719" lon="-119.223801">
        <name>man/8:40/5385</name>
      </trkpt>
      <trkpt lat="40.792239" lon="-119.223300">
        <name>man/8:45/5385</name>
      </trkpt>
      <trkpt lat="40.792742" lon="-119.222769">
        <name>man/8:50/5385</name>
      </trkpt>
      <trkpt lat="40.793227" lon="-119.222209">
        <name>man/8:55/5385</name>
      </trkpt>
      <trkpt lat="40.793692" lon="-119.221623">
        <name>man/9:00/5385</name>
      </trkpt>
      <trkpt lat="40.794138" lon="-119.221010">
        <name>man/9:05/5385</name>
      </trkpt>
      <trkpt lat="40.794564" lon="-119.220372">
        <name>man/9:10/5385</name>
      </trkpt>
      <trkpt lat="40.794967" lon="-119.219710">
        <name>man/9:15/5385</name>
      </trkpt>
      <trkpt lat="40.795349" lon="-119.219026">
        <name>man/9:20/5385</name>
      </trkpt>
      <trkpt lat="40.795707" lon="-119.218321">
        <name>man/9:25/5385</name>
      </trkpt>
      <trkpt lat="40.796042" lon="-119.217595">
        <name>man/9:30/5385</name>
      </trkpt>
      <trkpt lat="40.796352" lon="-119.216851">
        <name>man/9:35/5385</name>
      </trkpt>
      <trkpt lat="40.796637" lon="-119.216090">
        <name>man/9:40/5385</name>
      </trkpt>
      <trkpt lat="40.796897" lon="-119.215314">
        <name>man/9:45/5385</name>
      </trkpt>
      <trkpt lat="40.797131" lon="-119.214523">
        <name>man/9:50/5385</name>
      </trkpt>
      <trkpt lat="40.797338" lon="-119.213719">
        <name>man/9:55/5385</name>
      </trkpt>
      <trkpt lat="40.797519" lon="-119.212905">
        <name>man/10:00/5385</name>
      </trkpt>
    </trkseg>
  </trk>
  <trk>
    <name>Jiba</name>
    <trkseg>
      <trkpt lat="40.775604" lon="-119.190470">
        <name>man/2:30/5565</name>
      </trkpt>
      <trkpt lat="40.775034" lon="-119.190925">
        <name>man/2:35/5565</name>
      </trkpt>
      <trkpt lat="40.774480" lon="-119.191412">
        <name>man/2:40/5565</name>
      </trkpt>
      <trkpt lat="40.773942" lon="-119.191931">
        <name>man/2:45/5565</name>
      </trkpt>
      <trkpt lat="40.773423" lon="-119.192480">
        <name>man/2:50/5565</name>
      </trkpt>
      <trkpt lat="40.772922" lon="-119.193058">
        <name>man/2:55/5565</name>
      </trkpt>
      <trkpt lat="40.772441" lon="-119.193664">
        <name>man/3:00/5565</name>
      </trkpt>
      <trkpt lat="40.771980" lon="-119.194297">
        <name>man/3:05/5565</name>
      </trkpt>
      <trkpt lat="40.771540" lon="-119.194957">
        <name>man/3:10/5565</name>
      </trkpt>
      <trkpt lat="40.771123" lon="-119.195640">
        <name>man/3:15/5565</name>
      </trkpt>
      <trkpt lat="40.770729" lon="-119.196347">
        <name>man/3:20/5565</name>
      </trkpt>
      <trkpt lat="40.770359" lon="-119.197076">
        <name>man/3:25/5565</name>
      </trkpt>
      <trkpt lat="40.770014" lon="-119.197826">
        <name>man/3:30/5565</name>
      </trkpt>
      <trkpt lat="40.769693" lon="-119.198594">
        <name>man/3:35/5565</name>
      </trkpt>
      <trkpt lat="40.769398" lon="-119.199380">
        <name>man/3:40/5565</name>
      </trkpt>
      <trkpt lat="40.769130" lon="-119.200183">
        <name>man/3:45/5565</name>
      </trkpt>
      <trkpt lat="40.768889" lon="-119.201000">
        <name>man/3:50/5565</name>
      </trkpt>
      <trkpt lat="40.768674" lon="-119.201830">
        <name>man/3:55/5565</name>
      </trkpt>
      <trkpt lat="40.768488" lon="-119.202671">
        <name>man/4:00/5565</name>
      </trkpt>
      <trkpt lat="40.768330" lon="-119.203523">
        <name>man/4:05/5565</name>
      </trkpt>
      <trkpt lat="40.768200" lon="-119.204382">
        <name>man/4:10/5565</name>
      </trkpt>
      <trkpt lat="40.768098" lon="-119.205249">
        <name>man/4:15/5565</name>
      </trkpt>
      <trkpt lat="40.768026" lon="-119.206120">
        <name>man/4:20/5565</name>
      </trkpt>
      <trkpt lat="40.767982" lon="-119.206995">
        <name>man/4:25/5565</name>
      </trkpt>
      <trkpt lat="40.767968" lon="-119.207871">
        <name>man/4:30/5565</name>
      </trkpt>
      <trkpt lat="40.767982" lon="-119.208747">
        <name>man/4:35/5565</name>
      </trkpt>
      <trkpt lat="40.768026" lon="-119.209622">
        <name>man/4:40/5565</name>
      </trkpt>
      <trkpt lat="40.768098" lon="-119.210493">
        <name>man/4:45/5565</name>
      </trkpt>
      <trkpt lat="40.768200" lon="-119.211360">
        <name>man/4:50/5565</name>
      </trkpt>
      <trkpt lat="40.768330" lon="-119.212219">
        <name>man/4:55/5565</name>
      </trkpt>
      <trkpt lat="40.768488" lon="-119.213071">
        <name>man/5:00/5565</name>
      </trkpt>
      <trkpt lat="40.768674" lon="-119.213912">
        <name>man/5:05/5565</name>
      </trkpt>
      <trkpt lat="40.768889" lon="-119.214742">
        <name>man/5:10/5565</name>
      </trkpt>
      <trkpt lat="40.769130" lon="-119.215559">
        <name>man/5:15/5565</name>
      </trkpt>
      <trkpt lat="40.769398" lon="-119.216362">
        <name>man/5:20/5565</name>
      </trkpt>
      <trkpt lat="40.769693" lon="-119.217148">
        <name>man/5:25/5565</name>
      </trkpt>
      <trkpt lat="40.770014" lon="-119.217916">
        <name>man/5:30/5565</name>
      </trkpt>
      <trkpt lat="40.770359" lon="-119.218666">
        <name>man/5:35/5565</name>
      </trkpt>
      <trkpt lat="40.770729" lon="-119.219395">
        <name>man/5:40/5565</name>
      </trkpt>
      <trkpt lat="40.771123" lon="-119.220102">
        <name>man/5:45/5565</name>
      </trkpt>
      <trkpt lat="40.771540" lon="-119.220785">
        <name>man/5:50/5565</name>
      </trkpt>
      <trkpt lat="40.771980" lon="-119.221445">
        <name>man/5:55/5565</name>
      </trkpt>
      <trkpt lat="40.772441" lon="-119.222078">
        <name>man/6:00/5565</name>
      </trkpt>
    </trkseg>
    <trkseg>
      <trkpt lat="40.772441" lon="-119.222078">
        <name>man/6:00/5565</name>
      </trkpt>
      <trkpt lat="40.772922" lon="-119.222684">
        <name>man/6:05/5565</name>
      </trkpt>
      <trkpt lat="40.773423" lon="-119.223262">
        <name>man/6:10/5565</name>
      </trkpt>
      <trkpt lat="40.773942" lon="-119.223811">
        <name>man/6:15/5565</name>
      </trkpt>
      <trkpt lat="40.774480" lon="-119.224330">
        <name>man/6:20/5565</name>
      </trkpt>
      <trkpt lat="40.775034" lon="-119.224817">
        <name>man/6:25/5565</name>
      </trkpt>
      <trkpt lat="40.775604" lon="-119.225272">
        <name>man/6:30/5565</name>
      </trkpt>
      <trkpt lat="40.776188" lon="-119.225693">
        <name>man/6:35/5565</name>
      </trkpt>
      <trkpt lat="40.776785" lon="-119.226081">
        <name>man/6:40/5565</name>
      </trkpt>
      <trkpt lat="40.777395" lon="-119.226435">
        <name>man/6:45/5565</name>
      </trkpt>
      <trkpt lat="40.778016" lon="-119.226753">
        <name>man/6:50/5565</name>
      </trkpt>
      <trkpt lat="40.778647" lon="-119.227034">
        <name>man/6:55/5565</name>
      </trkpt>
      <trkpt lat="40.779287" lon="-119.227280">
        <name>man/7:00/5565</name>
      </trkpt>
      <trkpt lat="40.779934" lon="-119.227489">
        <name>man/7:05/5565</name>
      </trkpt>
      <trkpt lat="40.780588" lon="-119.227660">
        <name>man/7:10/5565</name>
      </trkpt>
      <trkpt lat="40.781247" lon="-119.227793">
        <name>man/7:15/5565</name>
      </trkpt>
      <trkpt lat="40.781909" lon="-119.227889">
        <name>man/7:20/5565</name>
      </trkpt>
      <trkpt lat="40.782574" lon="-119.227947">
        <name>man/7:25/5565</name>
      </trkpt>
      <trkpt lat="40.783240" lon="-119.227966">
        <name>man/7:30/5565</name>
      </trkpt>
      <trkpt lat="40.783907" lon="-119.227947">
        <name>man/7:35/5565</name>
      </trkpt>
      <trkpt lat="40.784572" lon="-119.227890">
        <name>man/7:40/5565</name>
      </trkpt>
      <trkpt lat="40.785234" lon="-119.227795">
        <name>man/7:45/5565</name>
      </trkpt>
      <trkpt lat="40.785893" lon="-119.227661">
        <name>man/7:50/5565</name>
      </trkpt>
      <trkpt lat="40.786546" lon="-119.227491">
        <name>man/7:55/5565</name>
      </trkpt>
      <trkpt lat="40.787194" lon="-119.227282">
        <name>man/8:00/5565</name>
      </trkpt>
      <trkpt lat="40.787833" lon="-119.227037">
        <name>man/8:05/5565</name>
      </trkpt>
      <trkpt lat="40.788465" lon="-119.226755">
        <name>man/8:10/5565</name>
      </trkpt>
      <trkpt lat="40.789086" lon="-119.226438">
        <name>man/8:15/5565</name>
      </trkpt>
      <trkpt lat="40.789696" lon="-119.226085">
        <name>man/8:20/5565</name>
      </trkpt>
      <trkpt lat="40.790294" lon="-119.225697">
        <name>man/8:25/5565</name>
      </trkpt>
      <trkpt lat="40.790878" lon="-119.225276">
        <name>man/8:30/5565</name>
      </trkpt>
      <trkpt lat="40.791448" lon="-119.224821">
        <name>man/8:35/5565</name>
      </trkpt>
      <trkpt lat="40.792002" lon="-119.224334">
        <name>man/8:40/5565</name>
      </trkpt>
      <trkpt lat="40.792539" lon="-119.223816">
        <name>man/8:45/5565</name>
      </trkpt>
      <trkpt lat="40.793059" lon="-119.223267">
        <name>man/8:50/5565</name>
      </trkpt>
      <trkpt lat="40.793560" lon="-119.222689">
        <name>man/8:55/5565</name>
      </trkpt>
      <trkpt lat="40.794042" lon="-119.222083">
        <name>man/9:00/5565</name>
      </trkpt>
      <trkpt lat="40.794503" lon="-119.221449">
        <name>man/9:05/5565</name>
      </trkpt>
      <trkpt lat="40.794942" lon="-119.220790">
        <name>man/9:10/5565</name>
      </trkpt>
      <trkpt lat="40.795359" lon="-119.220106">
        <name>man/9:15/5565</name>
      </trkpt>
      <trkpt lat="40.795753" lon="-119.219399">
        <name>man/9:20/5565</name>
      </trkpt>
      <trkpt lat="40.796124" lon="-119.218670">
        <name>man/9:25/5565</name>
      </trkpt>
      <trkpt lat="40.796470" lon="-119.217920">
        <name>man/9:30/5565</name>
      </trkpt>
    </trkseg>
  </trk>
  <trk>
    <name>Kundalini</name>
    <trkseg>
      <trkpt lat="40.779152" lon="-119.187799">
        <name>man/2:00/5755</name>
      </trkpt>
      <trkpt lat="40.778490" lon="-119.188053">
        <name>man/2:05/5755</name>
      </trkpt>
      <trkpt lat="40.777838" lon="-119.188345">
        <name>man/2:10/5755</name>
      </trkpt>
      <trkpt lat="40.777196" lon="-119.188674">
        <name>man/2:15/5755</name>
      </trkpt>
      <trkpt lat="40.776565" lon="-119.189039">
        <name>man/2:20/5755</name>
      </trkpt>
      <trkpt lat="40.775947" lon="-119.189440">
        <name>man/2:25/5755</name>
      </trkpt>
      <trkpt lat="40.775343" lon="-119.189876">
        <name>man/2:30/5755</name>
      </trkpt>
      <trkpt lat="40.774754" lon="-119.190347">
        <name>man/2:35/5755</name>
      </trkpt>
      <trkpt lat="40.774181" lon="-119.190851">
        <name>man/2:40/5755</name>
      </trkpt>
      <trkpt lat="40.773625" lon="-119.191387">
        <name>man/2:45/5755</name>
      </trkpt>
      <trkpt lat="40.773088" lon="-119.191954">
        <name>man/2:50/5755</name>
      </trkpt>
      <trkpt lat="40.772569" lon="-119.192552">
        <name>man/2:55/5755</name>
      </trkpt>
      <trkpt lat="40.772072" lon="-119.193179">
        <name>man/3:00/5755</name>
      </trkpt>
      <trkpt lat="40.771595" lon="-119.193834">
        <name>man/3:05/5755</name>
      </trkpt>
      <trkpt lat="40.771141" lon="-119.194516">
        <name>man/3:10/5755</name>
      </trkpt>
      <trkpt lat="40.770710" lon="-119.195223">
        <name>man/3:15/5755</name>
      </trkpt>
      <trkpt lat="40.770302" lon="-119.195954">
        <name>man/3:20/5755</name>
      </trkpt>
      <trkpt lat="40.769919" lon="-119.196708">
        <name>man/3:25/5755</name>
      </trkpt>
      <trkpt lat="40.769562" lon="-119.197483">
        <name>man/3:30/5755</name>
      </trkpt>
      <trkpt lat="40.769230" lon="-119.198277">
        <name>man/3:35/5755</name>
      </trkpt>
      <trkpt lat="40.768926" lon="-119.199090">
        <name>man/3:40/5755</name>
      </trkpt>
      <trkpt lat="40.768648" lon="-119.199920">
        <name>man/3:45/5755</name>
      </trkpt>
      <trkpt lat="40.768399" lon="-119.200765">
        <name>man/3:50/5755</name>
      </trkpt>
      <trkpt lat="40.768177" lon="-119.201623">
        <name>man/3:55/5755</name>
      </trkpt>
      <trkpt lat="40.767984" lon="-119.202494">
        <name>man/4:00/5755</name>
      </trkpt>
      <trkpt lat="40.767820" lon="-119.203374">
        <name>man/4:05/5755</name>
      </trkpt>
      <trkpt lat="40.767686" lon="-119.204263">
        <name>man/4:10/5755</name>
      </trkpt>
      <trkpt lat="40.767581" lon="-119.205159">
        <name>man/4:15/5755</name>
      </trkpt>
      <trkpt lat="40.767506" lon="-119.206060">
        <name>man/4:20/5755</name>
      </trkpt>
      <trkpt lat="40.767461" lon="-119.206965">
        <name>man/4:25/5755</name>
      </trkpt>
      <trkpt lat="40.767446" lon="-119.207871">
        <name>man/4:30/5755</name>
      </trkpt>
      <trkpt lat="40.767461" lon="-119.208777">
        <name>man/4:35/5755</name>
      </trkpt>
      <trkpt lat="40.767506" lon="-119.209682">
        <name>man/4:40/5755</name>
      </trkpt>
      <trkpt lat="40.767581" lon="-119.210583">
        <name>man/4:45/5755</name>
      </trkpt>
      <trkpt lat="40.767686" lon="-119.211479">
        <name>man/4:50/5755</name>
      </trkpt>
      <trkpt lat="40.767820" lon="-119.212368">
        <name>man/4:55/5755</name>
      </trkpt>
      <trkpt lat="40.767984" lon="-119.213248">
        <name>man/5:00/5755</name>
      </trkpt>
      <trkpt lat="40.768177" lon="-119.214119">
        <name>man/5:05/5755</name>
      </trkpt>
      <trkpt lat="40.768399" lon="-119.214977">
        <name>man/5:10/5755</name>
      </trkpt>
      <trkpt lat="40.768648" lon="-119.215822">
        <name>man/5:15/5755</name>
      </trkpt>
      <trkpt lat="40.768926" lon="-119.216652">
        <name>man/5:20/5755</name>
      </trkpt>
      <trkpt lat="40.769230" lon="-119.217465">
        <name>man/5:25/5755</name>
      </trkpt>
      <trkpt lat="40.769562" lon="-119.218259">
        <name>man/5:30/5755</name>
      </trkpt>
      <trkpt lat="40.769919" lon="-119.219034">
        <name>man/5:35/5755</name>
      </trkpt>
      <trkpt lat="40.770302" lon="-119.219788">
        <name>man/5:40/5755</name>
      </trkpt>
      <trkpt lat="40.770710" lon="-119.220519">
        <name>man/5:45/5755</name>
      </trkpt>
      <trkpt lat="40.771141" lon="-119.221226">
        <name>man/5:50/5755</name>
      </trkpt>
      <trkpt lat="40.771595" lon="-119.221908">
        <name>man/5:55/5755</name>
      </trkpt>
      <trkpt lat="40.772072" lon="-119.222563">
        <name>man/6:00/5755</name>
      </trkpt>
    </trkseg>
    <trkseg>
      <trkpt lat="40.772072" lon="-119.222563">
        <name>man/6:00/5755</name>
      </trkpt>
      <trkpt lat="40.772569" lon="-119.223190">
        <name>man/6:05/5755</name>
      </trkpt>
      <trkpt lat="40.773088" lon="-119.223788">
        <name>man/6:10/5755</name>
      </trkpt>
      <trkpt lat="40.773625" lon="-119.224355">
        <name>man/6:15/5755</name>
      </trkpt>
      <trkpt lat="40.774181" lon="-119.224891">
        <name>man/6:20/5755</name>
      </trkpt>
      <trkpt lat="40.774754" lon="-119.225395">
        <name>man/6:25/5755</name>
      </trkpt>
      <trkpt lat="40.775343" lon="-119.225866">
        <name>man/6:30/5755</name>
      </trkpt>
      <trkpt lat="40.775947" lon="-119.226302">
        <name>man/6:35/5755</name>
      </trkpt>
      <trkpt lat="40.776565" lon="-119.226703">
        <name>man/6:40/5755</name>
      </trkpt>
      <trkpt lat="40.777196" lon="-119.227068">
        <name>man/6:45/5755</name>
      </trkpt>
      <trkpt lat="40.777838" lon="-119.227397">
        <name>man/6:50/5755</name>
      </trkpt>
      <trkpt lat="40.778490" lon="-119.227689">
        <name>man/6:55/5755</name>
      </trkpt>
      <trkpt lat="40.779152" lon="-119.227943">
        <name>man/7:00/5755</name>
      </trkpt>
      <trkpt lat="40.779821" lon="-119.228158">
        <name>man/7:05/5755</name>
      </trkpt>
      <trkpt lat="40.780497" lon="-119.228335">
        <name>man/7:10/5755</name>
      </trkpt>
      <trkpt lat="40.781178" lon="-119.228474">
        <name>man/7:15/5755</name>
      </trkpt>
      <trkpt lat="40.781863" lon="-119.228572">
        <name>man/7:20/5755</name>
      </trkpt>
      <trkpt lat="40.782551" lon="-119.228632">
        <name>man/7:25/5755</name>
      </trkpt>
      <trkpt lat="40.783240" lon="-119.228652">
        <name>man/7:30/5755</name>
      </trkpt>
      <trkpt lat="40.783929" lon="-119.228632">
        <name>man/7:35/5755</name>
      </trkpt>
      <trkpt lat="40.784617" lon="-119.228573">
        <name>man/7:40/5755</name>
      </trkpt>
      <trkpt lat="40.785302" lon="-119.228475">
        <name>man/7:45/5755</name>
      </trkpt>
      <trkpt lat="40.785983" lon="-119.228337">
        <name>man/7:50/5755</name>
      </trkpt>
      <trkpt lat="40.786659" lon="-119.228160">
        <name>man/7:55/5755</name>
      </trkpt>
      <trkpt lat="40.787329" lon="-119.227945">
        <name>man/8:00/5755</name>
      </trkpt>
      <trkpt lat="40.787990" lon="-119.227692">
        <name>man/8:05/5755</name>
      </trkpt>
      <trkpt lat="40.788643" lon="-119.227400">
        <name>man/8:10/5755</name>
      </trkpt>
      <trkpt lat="40.789285" lon="-119.227072">
        <name>man/8:15/5755</name>
      </trkpt>
      <trkpt lat="40.789916" lon="-119.226707">
        <name>man/8:20/5755</name>
      </trkpt>
      <trkpt lat="40.790534" lon="-119.226306">
        <name>man/8:25/5755</name>
      </trkpt>
      <trkpt lat="40.791139" lon="-119.225870">
        <name>man/8:30/5755</name>
      </trkpt>
      <trkpt lat="40.791728" lon="-119.225400">
        <name>man/8:35/5755</name>
      </trkpt>
      <trkpt lat="40.792301" lon="-119.224896">
        <name>man/8:40/5755</name>
      </trkpt>
      <trkpt lat="40.792857" lon="-119.224360">
        <name>man/8:45/5755</name>
      </trkpt>
      <trkpt lat="40.793394" lon="-119.223793">
        <name>man/8:50/5755</name>
      </trkpt>
      <trkpt lat="40.793912" lon="-119.223195">
        <name>man/8:55/5755</name>
      </trkpt>
      <trkpt lat="40.794410" lon="-119.222568">
        <name>man/9:00/5755</name>
      </trkpt>
      <trkpt lat="40.794887" lon="-119.221913">
        <name>man/9:05/5755</name>
      </trkpt>
      <trkpt lat="40.795342" lon="-119.221231">
        <name>man/9:10/5755</name>
      </trkpt>
      <trkpt lat="40.795773" lon="-119.220524">
        <name>man/9:15/5755</name>
      </trkpt>
      <trkpt lat="40.796181" lon="-119.219793">
        <name>man/9:20/5755</name>
      </trkpt>
      <trkpt lat="40.796564" lon="-119.219039">
        <name>man/9:25/5755</name>
      </trkpt>
      <trkpt lat="40.796921" lon="-119.218264">
        <name>man/9:30/5755</name>
      </trkpt>
      <trkpt lat="40.797253" lon="-119.217469">
        <name>man/9:35/5755</name>
      </trkpt>
      <trkpt lat="40.797558" lon="-119.216655">
        <name>man/9:40/5755</name>
      </trkpt>
      <trkpt lat="40.797835" lon="-119.215825">
        <name>man/9:45/5755</name>
      </trkpt>
      <trkpt lat="40.798085" lon="-119.214980">
        <name>man/9:50/5755</name>
      </trkpt>
      <trkpt lat="40.798307" lon="-119.214121">
        <name>man/9:55/5755</name>
      </trkpt>
      <trkpt lat="40.798499" lon="-119.213251">
        <name>man/10:00/5755</name>
      </trkpt>
    </trkseg>
  </trk>
  <trk>
    <!--12:00 Man-->
    <name />
    <trkseg>
      <trkpt lat="40.784057" lon="-119.206799">
        <name>man/12:00/420</name>
      </trkpt>
      <trkpt lat="40.783983" lon="-119.206709">
        <name>man/12:10/420</name>
      </trkpt>
      <trkpt lat="40.783903" lon="-119.206629">
        <name>man/12:20/420</name>
      </trkpt>
      <trkpt lat="40.783818" lon="-119.206558">
        <name>man/12:30/420</name>
      </trkpt>
      <trkpt lat="40.783729" lon="-119.206496">
        <name>man/12:40/420</name>
      </trkpt>
      <trkpt lat="40.783636" lon="-119.206446">
        <name>man/12:50/420</name>
      </trkpt>
      <trkpt lat="40.783540" lon="-119.206406">
        <name>man/1:00/420</name>
      </trkpt>
      <trkpt lat="40.783442" lon="-119.206377">
        <name>man/1:10/420</name>
      </trkpt>
      <trkpt lat="40.783342" lon="-119.206360">
        <name>man/1:20/420</name>
      </trkpt>
      <trkpt lat="40.783242" lon="-119.206354">
        <name>man/1:30/420</name>
      </trkpt>
      <trkpt lat="40.783142" lon="-119.206360">
        <name>man/1:40/420</name>
      </trkpt>
      <trkpt lat="40.783042" lon="-119.206377">
        <name>man/1:50/420</name>
      </trkpt>
      <trkpt lat="40.782944" lon="-119.206406">
        <name>man/2:00/420</name>
      </trkpt>
      <trkpt lat="40.782848" lon="-119.206446">
        <name>man/2:10/420</name>
      </trkpt>
      <trkpt lat="40.782755" lon="-119.206497">
        <name>man/2:20/420</name>
      </trkpt>
      <trkpt lat="40.782666" lon="-119.206558">
        <name>man/2:30/420</name>
      </trkpt>
      <trkpt lat="40.782581" lon="-119.206629">
        <name>man/2:40/420</name>
      </trkpt>
      <trkpt lat="40.782501" lon="-119.206709">
        <name>man/2:50/420</name>
      </trkpt>
      <trkpt lat="40.782427" lon="-119.206799">
        <name>man/3:00/420</name>
      </trkpt>
      <trkpt lat="40.782359" lon="-119.206896">
        <name>man/3:10/420</name>
      </trkpt>
      <trkpt lat="40.782298" lon="-119.207001">
        <name>man/3:20/420</name>
      </trkpt>
      <trkpt lat="40.782244" lon="-119.207113">
        <name>man/3:30/420</name>
      </trkpt>
      <trkpt lat="40.782197" lon="-119.207230">
        <name>man/3:40/420</name>
      </trkpt>
      <trkpt lat="40.782159" lon="-119.207352">
        <name>man/3:50/420</name>
      </trkpt>
      <trkpt lat="40.782128" lon="-119.207478">
        <name>man/4:00/420</name>
      </trkpt>
      <trkpt lat="40.782107" lon="-119.207608">
        <name>man/4:10/420</name>
      </trkpt>
      <trkpt lat="40.782094" lon="-119.207739">
        <name>man/4:20/420</name>
      </trkpt>
      <trkpt lat="40.782089" lon="-119.207871">
        <name>man/4:30/420</name>
      </trkpt>
      <trkpt lat="40.782094" lon="-119.208003">
        <name>man/4:40/420</name>
      </trkpt>
      <trkpt lat="40.782107" lon="-119.208134">
        <name>man/4:50/420</name>
      </trkpt>
      <trkpt lat="40.782128" lon="-119.208264">
        <name>man/5:00/420</name>
      </trkpt>
      <trkpt lat="40.782159" lon="-119.208390">
        <name>man/5:10/420</name>
      </trkpt>
      <trkpt lat="40.782197" lon="-119.208512">
        <name>man/5:20/420</name>
      </trkpt>
      <trkpt lat="40.782244" lon="-119.208629">
        <name>man/5:30/420</name>
      </trkpt>
      <trkpt lat="40.782298" lon="-119.208741">
        <name>man/5:40/420</name>
      </trkpt>
      <trkpt lat="40.782359" lon="-119.208846">
        <name>man/5:50/420</name>
      </trkpt>
      <trkpt lat="40.782427" lon="-119.208943">
        <name>man/6:00/420</name>
      </trkpt>
    </trkseg>
    <trkseg>
      <trkpt lat="40.782427" lon="-119.208943">
        <name>man/6:00/420</name>
      </trkpt>
      <trkpt lat="40.782501" lon="-119.209033">
        <name>man/6:10/420</name>
      </trkpt>
      <trkpt lat="40.782581" lon="-119.209113">
        <name>man/6:20/420</name>
      </trkpt>
      <trkpt lat="40.782666" lon="-119.209184">
        <name>man/6:30/420</name>
      </trkpt>
      <trkpt lat="40.782755" lon="-119.209245">
        <name>man/6:40/420</name>
      </trkpt>
      <trkpt lat="40.782848" lon="-119.209296">
        <name>man/6:50/420</name>
      </trkpt>
      <trkpt lat="40.782944" lon="-119.209336">
        <name>man/7:00/420</name>
      </trkpt>
      <trkpt lat="40.783042" lon="-119.209365">
        <name>man/7:10/420</name>
      </trkpt>
      <trkpt lat="40.783142" lon="-119.209382">
        <name>man/7:20/420</name>
      </trkpt>
      <trkpt lat="40.783242" lon="-119.209388">
        <name>man/7:30/420</name>
      </trkpt>
      <trkpt lat="40.783342" lon="-119.209382">
        <name>man/7:40/420</name>
      </trkpt>
      <trkpt lat="40.783442" lon="-119.209365">
        <name>man/7:50/420</name>
      </trkpt>
      <trkpt lat="40.783540" lon="-119.209336">
        <name>man/8:00/420</name>
      </trkpt>
      <trkpt lat="40.783636" lon="-119.209296">
        <name>man/8:10/420</name>
      </trkpt>
      <trkpt lat="40.783729" lon="-119.209246">
        <name>man/8:20/420</name>
      </trkpt>
      <trkpt lat="40.783818" lon="-119.209184">
        <name>man/8:30/420</name>
      </trkpt>
      <trkpt lat="40.783903" lon="-119.209113">
        <name>man/8:40/420</name>
      </trkpt>
      <trkpt lat="40.783983" lon="-119.209033">
        <name>man/8:50/420</name>
      </trkpt>
      <trkpt lat="40.784057" lon="-119.208943">
        <name>man/9:00/420</name>
      </trkpt>
      <trkpt lat="40.784125" lon="-119.208846">
        <name>man/9:10/420</name>
      </trkpt>
      <trkpt lat="40.784186" lon="-119.208741">
        <name>man/9:20/420</name>
      </trkpt>
      <trkpt lat="40.784240" lon="-119.208629">
        <name>man/9:30/420</name>
      </trkpt>
      <trkpt lat="40.784287" lon="-119.208512">
        <name>man/9:40/420</name>
      </trkpt>
      <trkpt lat="40.784325" lon="-119.208390">
        <name>man/9:50/420</name>
      </trkpt>
      <trkpt lat="40.784356" lon="-119.208264">
        <name>man/10:00/420</name>
      </trkpt>
      <trkpt lat="40.784377" lon="-119.208134">
        <name>man/10:10/420</name>
      </trkpt>
      <trkpt lat="40.784390" lon="-119.208003">
        <name>man/10:20/420</name>
      </trkpt>
      <trkpt lat="40.784395" lon="-119.207871">
        <name>man/10:30/420</name>
      </trkpt>
      <trkpt lat="40.784390" lon="-119.207739">
        <name>man/10:40/420</name>
      </trkpt>
      <trkpt lat="40.784377" lon="-119.207608">
        <name>man/10:50/420</name>
      </trkpt>
      <trkpt lat="40.784356" lon="-119.207478">
        <name>man/11:00/420</name>
      </trkpt>
      <trkpt lat="40.784325" lon="-119.207352">
        <name>man/11:10/420</name>
      </trkpt>
      <trkpt lat="40.784287" lon="-119.207230">
        <name>man/11:20/420</name>
      </trkpt>
      <trkpt lat="40.784240" lon="-119.207113">
        <name>man/11:30/420</name>
      </trkpt>
      <trkpt lat="40.784186" lon="-119.207001">
        <name>man/11:40/420</name>
      </trkpt>
      <trkpt lat="40.784125" lon="-119.206896">
        <name>man/11:50/420</name>
      </trkpt>
      <trkpt lat="40.784057" lon="-119.206799">
        <name>man/12:00/420</name>
      </trkpt>
    </trkseg>
  </trk>
  <trk>
    <name>Point 1 Rd.</name>
    <trkseg>
      <trkpt lat="40.779152" lon="-119.227943">
        <name>man/7:00/5755</name>
      </trkpt>
      <trkpt lat="40.779680" lon="-119.237425">
        <name>Fence Post 216</name>
      </trkpt>
    </trkseg>
  </trk>
  <trk>
    <name>3:00 Civic Plaza</name>
    <trkseg>
      <trkpt lat="40.777276" lon="-119.199663" />
      <trkpt lat="40.777274" lon="-119.199616" />
      <trkpt lat="40.777267" lon="-119.199570" />
      <trkpt lat="40.777256" lon="-119.199525" />
      <trkpt lat="40.777240" lon="-119.199482" />
      <trkpt lat="40.777220" lon="-119.199443" />
      <trkpt lat="40.777196" lon="-119.199408" />
      <trkpt lat="40.777169" lon="-119.199377" />
      <trkpt lat="40.777139" lon="-119.199350" />
      <trkpt lat="40.777107" lon="-119.199329" />
      <trkpt lat="40.777073" lon="-119.199314" />
      <trkpt lat="40.777038" lon="-119.199305" />
      <trkpt lat="40.777002" lon="-119.199302" />
      <trkpt lat="40.776966" lon="-119.199305" />
      <trkpt lat="40.776931" lon="-119.199314" />
      <trkpt lat="40.776897" lon="-119.199329" />
      <trkpt lat="40.776865" lon="-119.199350" />
      <trkpt lat="40.776835" lon="-119.199377" />
      <trkpt lat="40.776808" lon="-119.199408" />
      <trkpt lat="40.776784" lon="-119.199443" />
      <trkpt lat="40.776764" lon="-119.199482" />
      <trkpt lat="40.776748" lon="-119.199525" />
      <trkpt lat="40.776737" lon="-119.199570" />
      <trkpt lat="40.776730" lon="-119.199616" />
      <trkpt lat="40.776728" lon="-119.199663" />
      <trkpt lat="40.776730" lon="-119.199710" />
      <trkpt lat="40.776737" lon="-119.199756" />
      <trkpt lat="40.776748" lon="-119.199801" />
      <trkpt lat="40.776764" lon="-119.199844" />
      <trkpt lat="40.776784" lon="-119.199883" />
      <trkpt lat="40.776808" lon="-119.199918" />
      <trkpt lat="40.776835" lon="-119.199949" />
      <trkpt lat="40.776865" lon="-119.199976" />
      <trkpt lat="40.776897" lon="-119.199997" />
      <trkpt lat="40.776931" lon="-119.200012" />
      <trkpt lat="40.776966" lon="-119.200021" />
      <trkpt lat="40.777002" lon="-119.200024" />
      <trkpt lat="40.777038" lon="-119.200021" />
      <trkpt lat="40.777073" lon="-119.200012" />
      <trkpt lat="40.777107" lon="-119.199997" />
      <trkpt lat="40.777139" lon="-119.199976" />
      <trkpt lat="40.777169" lon="-119.199949" />
      <trkpt lat="40.777196" lon="-119.199918" />
      <trkpt lat="40.777220" lon="-119.199883" />
      <trkpt lat="40.777240" lon="-119.199844" />
      <trkpt lat="40.777256" lon="-119.199801" />
      <trkpt lat="40.777267" lon="-119.199756" />
      <trkpt lat="40.777274" lon="-119.199710" />
      <trkpt lat="40.777276" lon="-119.199663" />
    </trkseg>
  </trk>
  <trk>
    <name>4:30 Civic Plaza</name>
    <trkseg>
      <trkpt lat="40.774692" lon="-119.207871" />
      <trkpt lat="40.774690" lon="-119.207824" />
      <trkpt lat="40.774683" lon="-119.207778" />
      <trkpt lat="40.774672" lon="-119.207733" />
      <trkpt lat="40.774656" lon="-119.207690" />
      <trkpt lat="40.774636" lon="-119.207651" />
      <trkpt lat="40.774612" lon="-119.207616" />
      <trkpt lat="40.774585" lon="-119.207585" />
      <trkpt lat="40.774555" lon="-119.207558" />
      <trkpt lat="40.774523" lon="-119.207537" />
      <trkpt lat="40.774489" lon="-119.207522" />
      <trkpt lat="40.774454" lon="-119.207513" />
      <trkpt lat="40.774418" lon="-119.207510" />
      <trkpt lat="40.774382" lon="-119.207513" />
      <trkpt lat="40.774347" lon="-119.207522" />
      <trkpt lat="40.774313" lon="-119.207537" />
      <trkpt lat="40.774281" lon="-119.207558" />
      <trkpt lat="40.774251" lon="-119.207585" />
      <trkpt lat="40.774224" lon="-119.207616" />
      <trkpt lat="40.774200" lon="-119.207651" />
      <trkpt lat="40.774180" lon="-119.207690" />
      <trkpt lat="40.774164" lon="-119.207733" />
      <trkpt lat="40.774153" lon="-119.207778" />
      <trkpt lat="40.774146" lon="-119.207824" />
      <trkpt lat="40.774144" lon="-119.207871" />
      <trkpt lat="40.774146" lon="-119.207918" />
      <trkpt lat="40.774153" lon="-119.207964" />
      <trkpt lat="40.774164" lon="-119.208009" />
      <trkpt lat="40.774180" lon="-119.208052" />
      <trkpt lat="40.774200" lon="-119.208091" />
      <trkpt lat="40.774224" lon="-119.208126" />
      <trkpt lat="40.774251" lon="-119.208157" />
      <trkpt lat="40.774281" lon="-119.208184" />
      <trkpt lat="40.774313" lon="-119.208205" />
      <trkpt lat="40.774347" lon="-119.208220" />
      <trkpt lat="40.774382" lon="-119.208229" />
      <trkpt lat="40.774418" lon="-119.208232" />
      <trkpt lat="40.774454" lon="-119.208229" />
      <trkpt lat="40.774489" lon="-119.208220" />
      <trkpt lat="40.774523" lon="-119.208205" />
      <trkpt lat="40.774555" lon="-119.208184" />
      <trkpt lat="40.774585" lon="-119.208157" />
      <trkpt lat="40.774612" lon="-119.208126" />
      <trkpt lat="40.774636" lon="-119.208091" />
      <trkpt lat="40.774656" lon="-119.208052" />
      <trkpt lat="40.774672" lon="-119.208009" />
      <trkpt lat="40.774683" lon="-119.207964" />
      <trkpt lat="40.774690" lon="-119.207918" />
      <trkpt lat="40.774692" lon="-119.207871" />
    </trkseg>
  </trk>
  <trk>
    <name>7:30 Civic Plaza</name>
    <trkseg>
      <trkpt lat="40.783515" lon="-119.219480" />
      <trkpt lat="40.783513" lon="-119.219433" />
      <trkpt lat="40.783506" lon="-119.219387" />
      <trkpt lat="40.783495" lon="-119.219342" />
      <trkpt lat="40.783479" lon="-119.219299" />
      <trkpt lat="40.783459" lon="-119.219260" />
      <trkpt lat="40.783435" lon="-119.219225" />
      <trkpt lat="40.783408" lon="-119.219194" />
      <trkpt lat="40.783378" lon="-119.219167" />
      <trkpt lat="40.783346" lon="-119.219146" />
      <trkpt lat="40.783312" lon="-119.219131" />
      <trkpt lat="40.783277" lon="-119.219122" />
      <trkpt lat="40.783241" lon="-119.219119" />
      <trkpt lat="40.783205" lon="-119.219122" />
      <trkpt lat="40.783170" lon="-119.219131" />
      <trkpt lat="40.783136" lon="-119.219146" />
      <trkpt lat="40.783104" lon="-119.219167" />
      <trkpt lat="40.783074" lon="-119.219194" />
      <trkpt lat="40.783047" lon="-119.219225" />
      <trkpt lat="40.783023" lon="-119.219260" />
      <trkpt lat="40.783003" lon="-119.219299" />
      <trkpt lat="40.782987" lon="-119.219342" />
      <trkpt lat="40.782976" lon="-119.219387" />
      <trkpt lat="40.782969" lon="-119.219433" />
      <trkpt lat="40.782967" lon="-119.219480" />
      <trkpt lat="40.782969" lon="-119.219527" />
      <trkpt lat="40.782976" lon="-119.219573" />
      <trkpt lat="40.782987" lon="-119.219618" />
      <trkpt lat="40.783003" lon="-119.219661" />
      <trkpt lat="40.783023" lon="-119.219700" />
      <trkpt lat="40.783047" lon="-119.219735" />
      <trkpt lat="40.783074" lon="-119.219766" />
      <trkpt lat="40.783104" lon="-119.219793" />
      <trkpt lat="40.783136" lon="-119.219814" />
      <trkpt lat="40.783170" lon="-119.219829" />
      <trkpt lat="40.783205" lon="-119.219838" />
      <trkpt lat="40.783241" lon="-119.219841" />
      <trkpt lat="40.783277" lon="-119.219838" />
      <trkpt lat="40.783312" lon="-119.219829" />
      <trkpt lat="40.783346" lon="-119.219814" />
      <trkpt lat="40.783378" lon="-119.219793" />
      <trkpt lat="40.783408" lon="-119.219766" />
      <trkpt lat="40.783435" lon="-119.219735" />
      <trkpt lat="40.783459" lon="-119.219700" />
      <trkpt lat="40.783479" lon="-119.219661" />
      <trkpt lat="40.783495" lon="-119.219618" />
      <trkpt lat="40.783506" lon="-119.219573" />
      <trkpt lat="40.783513" lon="-119.219527" />
      <trkpt lat="40.783515" lon="-119.219480" />
    </trkseg>
  </trk>
  <trk>
    <name>9:00 Civic Plaza</name>
    <trkseg>
      <trkpt lat="40.789755" lon="-119.216081" />
      <trkpt lat="40.789753" lon="-119.216034" />
      <trkpt lat="40.789746" lon="-119.215988" />
      <trkpt lat="40.789735" lon="-119.215943" />
      <trkpt lat="40.789719" lon="-119.215900" />
      <trkpt lat="40.789699" lon="-119.215861" />
      <trkpt lat="40.789675" lon="-119.215826" />
      <trkpt lat="40.789648" lon="-119.215794" />
      <trkpt lat="40.789618" lon="-119.215768" />
      <trkpt lat="40.789586" lon="-119.215747" />
      <trkpt lat="40.789552" lon="-119.215732" />
      <trkpt lat="40.789517" lon="-119.215723" />
      <trkpt lat="40.789481" lon="-119.215720" />
      <trkpt lat="40.789445" lon="-119.215723" />
      <trkpt lat="40.789410" lon="-119.215732" />
      <trkpt lat="40.789376" lon="-119.215747" />
      <trkpt lat="40.789344" lon="-119.215768" />
      <trkpt lat="40.789314" lon="-119.215794" />
      <trkpt lat="40.789287" lon="-119.215826" />
      <trkpt lat="40.789263" lon="-119.215861" />
      <trkpt lat="40.789243" lon="-119.215900" />
      <trkpt lat="40.789227" lon="-119.215943" />
      <trkpt lat="40.789216" lon="-119.215988" />
      <trkpt lat="40.789209" lon="-119.216034" />
      <trkpt lat="40.789207" lon="-119.216081" />
      <trkpt lat="40.789209" lon="-119.216128" />
      <trkpt lat="40.789216" lon="-119.216174" />
      <trkpt lat="40.789227" lon="-119.216219" />
      <trkpt lat="40.789243" lon="-119.216262" />
      <trkpt lat="40.789263" lon="-119.216301" />
      <trkpt lat="40.789287" lon="-119.216336" />
      <trkpt lat="40.789314" lon="-119.216368" />
      <trkpt lat="40.789344" lon="-119.216394" />
      <trkpt lat="40.789376" lon="-119.216415" />
      <trkpt lat="40.789410" lon="-119.216430" />
      <trkpt lat="40.789445" lon="-119.216439" />
      <trkpt lat="40.789481" lon="-119.216442" />
      <trkpt lat="40.789517" lon="-119.216439" />
      <trkpt lat="40.789552" lon="-119.216430" />
      <trkpt lat="40.789586" lon="-119.216415" />
      <trkpt lat="40.789618" lon="-119.216394" />
      <trkpt lat="40.789648" lon="-119.216368" />
      <trkpt lat="40.789675" lon="-119.216336" />
      <trkpt lat="40.789699" lon="-119.216301" />
      <trkpt lat="40.789719" lon="-119.216262" />
      <trkpt lat="40.789735" lon="-119.216219" />
      <trkpt lat="40.789746" lon="-119.216174" />
      <trkpt lat="40.789753" lon="-119.216128" />
      <trkpt lat="40.789755" lon="-119.216081" />
    </trkseg>
  </trk>
  <trk>
    <name>3:00 Public Plaza</name>
    <trkseg>
      <trkpt lat="40.774151" lon="-119.195553" />
      <trkpt lat="40.774149" lon="-119.195506" />
      <trkpt lat="40.774142" lon="-119.195460" />
      <trkpt lat="40.774131" lon="-119.195415" />
      <trkpt lat="40.774115" lon="-119.195372" />
      <trkpt lat="40.774095" lon="-119.195333" />
      <trkpt lat="40.774071" lon="-119.195298" />
      <trkpt lat="40.774044" lon="-119.195267" />
      <trkpt lat="40.774014" lon="-119.195240" />
      <trkpt lat="40.773982" lon="-119.195219" />
      <trkpt lat="40.773948" lon="-119.195204" />
      <trkpt lat="40.773913" lon="-119.195195" />
      <trkpt lat="40.773877" lon="-119.195192" />
      <trkpt lat="40.773841" lon="-119.195195" />
      <trkpt lat="40.773806" lon="-119.195204" />
      <trkpt lat="40.773772" lon="-119.195219" />
      <trkpt lat="40.773740" lon="-119.195240" />
      <trkpt lat="40.773710" lon="-119.195267" />
      <trkpt lat="40.773683" lon="-119.195298" />
      <trkpt lat="40.773659" lon="-119.195333" />
      <trkpt lat="40.773639" lon="-119.195372" />
      <trkpt lat="40.773623" lon="-119.195415" />
      <trkpt lat="40.773612" lon="-119.195460" />
      <trkpt lat="40.773605" lon="-119.195506" />
      <trkpt lat="40.773603" lon="-119.195553" />
      <trkpt lat="40.773605" lon="-119.195600" />
      <trkpt lat="40.773612" lon="-119.195646" />
      <trkpt lat="40.773623" lon="-119.195691" />
      <trkpt lat="40.773639" lon="-119.195734" />
      <trkpt lat="40.773659" lon="-119.195773" />
      <trkpt lat="40.773683" lon="-119.195808" />
      <trkpt lat="40.773710" lon="-119.195839" />
      <trkpt lat="40.773740" lon="-119.195866" />
      <trkpt lat="40.773772" lon="-119.195887" />
      <trkpt lat="40.773806" lon="-119.195902" />
      <trkpt lat="40.773841" lon="-119.195911" />
      <trkpt lat="40.773877" lon="-119.195914" />
      <trkpt lat="40.773913" lon="-119.195911" />
      <trkpt lat="40.773948" lon="-119.195902" />
      <trkpt lat="40.773982" lon="-119.195887" />
      <trkpt lat="40.774014" lon="-119.195866" />
      <trkpt lat="40.774044" lon="-119.195839" />
      <trkpt lat="40.774071" lon="-119.195808" />
      <trkpt lat="40.774095" lon="-119.195773" />
      <trkpt lat="40.774115" lon="-119.195734" />
      <trkpt lat="40.774131" lon="-119.195691" />
      <trkpt lat="40.774142" lon="-119.195646" />
      <trkpt lat="40.774149" lon="-119.195600" />
      <trkpt lat="40.774151" lon="-119.195553" />
    </trkseg>
  </trk>
  <trk>
    <name>6:00 Public Plaza</name>
    <trkseg>
      <trkpt lat="40.774151" lon="-119.220189" />
      <trkpt lat="40.774149" lon="-119.220142" />
      <trkpt lat="40.774142" lon="-119.220096" />
      <trkpt lat="40.774131" lon="-119.220051" />
      <trkpt lat="40.774115" lon="-119.220008" />
      <trkpt lat="40.774095" lon="-119.219969" />
      <trkpt lat="40.774071" lon="-119.219934" />
      <trkpt lat="40.774044" lon="-119.219903" />
      <trkpt lat="40.774014" lon="-119.219876" />
      <trkpt lat="40.773982" lon="-119.219855" />
      <trkpt lat="40.773948" lon="-119.219840" />
      <trkpt lat="40.773913" lon="-119.219831" />
      <trkpt lat="40.773877" lon="-119.219828" />
      <trkpt lat="40.773841" lon="-119.219831" />
      <trkpt lat="40.773806" lon="-119.219840" />
      <trkpt lat="40.773772" lon="-119.219855" />
      <trkpt lat="40.773740" lon="-119.219876" />
      <trkpt lat="40.773710" lon="-119.219903" />
      <trkpt lat="40.773683" lon="-119.219934" />
      <trkpt lat="40.773659" lon="-119.219969" />
      <trkpt lat="40.773639" lon="-119.220008" />
      <trkpt lat="40.773623" lon="-119.220051" />
      <trkpt lat="40.773612" lon="-119.220096" />
      <trkpt lat="40.773605" lon="-119.220142" />
      <trkpt lat="40.773603" lon="-119.220189" />
      <trkpt lat="40.773605" lon="-119.220236" />
      <trkpt lat="40.773612" lon="-119.220282" />
      <trkpt lat="40.773623" lon="-119.220327" />
      <trkpt lat="40.773639" lon="-119.220370" />
      <trkpt lat="40.773659" lon="-119.220409" />
      <trkpt lat="40.773683" lon="-119.220444" />
      <trkpt lat="40.773710" lon="-119.220475" />
      <trkpt lat="40.773740" lon="-119.220502" />
      <trkpt lat="40.773772" lon="-119.220523" />
      <trkpt lat="40.773806" lon="-119.220538" />
      <trkpt lat="40.773841" lon="-119.220547" />
      <trkpt lat="40.773877" lon="-119.220550" />
      <trkpt lat="40.773913" lon="-119.220547" />
      <trkpt lat="40.773948" lon="-119.220538" />
      <trkpt lat="40.773982" lon="-119.220523" />
      <trkpt lat="40.774014" lon="-119.220502" />
      <trkpt lat="40.774044" lon="-119.220475" />
      <trkpt lat="40.774071" lon="-119.220444" />
      <trkpt lat="40.774095" lon="-119.220409" />
      <trkpt lat="40.774115" lon="-119.220370" />
      <trkpt lat="40.774131" lon="-119.220327" />
      <trkpt lat="40.774142" lon="-119.220282" />
      <trkpt lat="40.774149" lon="-119.220236" />
      <trkpt lat="40.774151" lon="-119.220189" />
    </trkseg>
  </trk>
  <trk>
    <name>9:00 Public Plaza</name>
    <trkseg>
      <trkpt lat="40.792880" lon="-119.220192" />
      <trkpt lat="40.792878" lon="-119.220145" />
      <trkpt lat="40.792871" lon="-119.220099" />
      <trkpt lat="40.792860" lon="-119.220054" />
      <trkpt lat="40.792844" lon="-119.220011" />
      <trkpt lat="40.792824" lon="-119.219972" />
      <trkpt lat="40.792800" lon="-119.219937" />
      <trkpt lat="40.792773" lon="-119.219905" />
      <trkpt lat="40.792743" lon="-119.219879" />
      <trkpt lat="40.792711" lon="-119.219858" />
      <trkpt lat="40.792677" lon="-119.219843" />
      <trkpt lat="40.792642" lon="-119.219834" />
      <trkpt lat="40.792606" lon="-119.219831" />
      <trkpt lat="40.792570" lon="-119.219834" />
      <trkpt lat="40.792535" lon="-119.219843" />
      <trkpt lat="40.792501" lon="-119.219858" />
      <trkpt lat="40.792469" lon="-119.219879" />
      <trkpt lat="40.792439" lon="-119.219905" />
      <trkpt lat="40.792412" lon="-119.219937" />
      <trkpt lat="40.792388" lon="-119.219972" />
      <trkpt lat="40.792368" lon="-119.220011" />
      <trkpt lat="40.792352" lon="-119.220054" />
      <trkpt lat="40.792341" lon="-119.220099" />
      <trkpt lat="40.792334" lon="-119.220145" />
      <trkpt lat="40.792332" lon="-119.220192" />
      <trkpt lat="40.792334" lon="-119.220239" />
      <trkpt lat="40.792341" lon="-119.220285" />
      <trkpt lat="40.792352" lon="-119.220330" />
      <trkpt lat="40.792368" lon="-119.220373" />
      <trkpt lat="40.792388" lon="-119.220412" />
      <trkpt lat="40.792412" lon="-119.220447" />
      <trkpt lat="40.792439" lon="-119.220479" />
      <trkpt lat="40.792469" lon="-119.220505" />
      <trkpt lat="40.792501" lon="-119.220526" />
      <trkpt lat="40.792535" lon="-119.220541" />
      <trkpt lat="40.792570" lon="-119.220550" />
      <trkpt lat="40.792606" lon="-119.220553" />
      <trkpt lat="40.792642" lon="-119.220550" />
      <trkpt lat="40.792677" lon="-119.220541" />
      <trkpt lat="40.792711" lon="-119.220526" />
      <trkpt lat="40.792743" lon="-119.220505" />
      <trkpt lat="40.792773" lon="-119.220479" />
      <trkpt lat="40.792800" lon="-119.220447" />
      <trkpt lat="40.792824" lon="-119.220412" />
      <trkpt lat="40.792844" lon="-119.220373" />
      <trkpt lat="40.792860" lon="-119.220330" />
      <trkpt lat="40.792871" lon="-119.220285" />
      <trkpt lat="40.792878" lon="-119.220239" />
      <trkpt lat="40.792880" lon="-119.220192" />
    </trkseg>
  </trk>
  <trk>
    <name>4:30 Art Plaza</name>
    <trkseg>
      <trkpt lat="40.770273" lon="-119.207871" />
      <trkpt lat="40.770271" lon="-119.207824" />
      <trkpt lat="40.770264" lon="-119.207778" />
      <trkpt lat="40.770253" lon="-119.207733" />
      <trkpt lat="40.770237" lon="-119.207690" />
      <trkpt lat="40.770217" lon="-119.207651" />
      <trkpt lat="40.770193" lon="-119.207616" />
      <trkpt lat="40.770166" lon="-119.207585" />
      <trkpt lat="40.770136" lon="-119.207558" />
      <trkpt lat="40.770104" lon="-119.207537" />
      <trkpt lat="40.770070" lon="-119.207522" />
      <trkpt lat="40.770035" lon="-119.207513" />
      <trkpt lat="40.769999" lon="-119.207510" />
      <trkpt lat="40.769963" lon="-119.207513" />
      <trkpt lat="40.769928" lon="-119.207522" />
      <trkpt lat="40.769894" lon="-119.207537" />
      <trkpt lat="40.769862" lon="-119.207558" />
      <trkpt lat="40.769832" lon="-119.207585" />
      <trkpt lat="40.769805" lon="-119.207616" />
      <trkpt lat="40.769781" lon="-119.207651" />
      <trkpt lat="40.769761" lon="-119.207690" />
      <trkpt lat="40.769745" lon="-119.207733" />
      <trkpt lat="40.769734" lon="-119.207778" />
      <trkpt lat="40.769727" lon="-119.207824" />
      <trkpt lat="40.769725" lon="-119.207871" />
      <trkpt lat="40.769727" lon="-119.207918" />
      <trkpt lat="40.769734" lon="-119.207964" />
      <trkpt lat="40.769745" lon="-119.208009" />
      <trkpt lat="40.769761" lon="-119.208052" />
      <trkpt lat="40.769781" lon="-119.208091" />
      <trkpt lat="40.769805" lon="-119.208126" />
      <trkpt lat="40.769832" lon="-119.208157" />
      <trkpt lat="40.769862" lon="-119.208184" />
      <trkpt lat="40.769894" lon="-119.208205" />
      <trkpt lat="40.769928" lon="-119.208220" />
      <trkpt lat="40.769963" lon="-119.208229" />
      <trkpt lat="40.769999" lon="-119.208232" />
      <trkpt lat="40.770035" lon="-119.208229" />
      <trkpt lat="40.770070" lon="-119.208220" />
      <trkpt lat="40.770104" lon="-119.208205" />
      <trkpt lat="40.770136" lon="-119.208184" />
      <trkpt lat="40.770166" lon="-119.208157" />
      <trkpt lat="40.770193" lon="-119.208126" />
      <trkpt lat="40.770217" lon="-119.208091" />
      <trkpt lat="40.770237" lon="-119.208052" />
      <trkpt lat="40.770253" lon="-119.208009" />
      <trkpt lat="40.770264" lon="-119.207964" />
      <trkpt lat="40.770271" lon="-119.207918" />
      <trkpt lat="40.770273" lon="-119.207871" />
    </trkseg>
  </trk>
  <trk>
    <name>7:30 Art Plaza</name>
    <trkseg>
      <trkpt lat="40.783515" lon="-119.225294" />
      <trkpt lat="40.783513" lon="-119.225247" />
      <trkpt lat="40.783506" lon="-119.225201" />
      <trkpt lat="40.783495" lon="-119.225156" />
      <trkpt lat="40.783479" lon="-119.225113" />
      <trkpt lat="40.783459" lon="-119.225074" />
      <trkpt lat="40.783435" lon="-119.225039" />
      <trkpt lat="40.783408" lon="-119.225008" />
      <trkpt lat="40.783378" lon="-119.224981" />
      <trkpt lat="40.783346" lon="-119.224960" />
      <trkpt lat="40.783312" lon="-119.224945" />
      <trkpt lat="40.783277" lon="-119.224936" />
      <trkpt lat="40.783241" lon="-119.224933" />
      <trkpt lat="40.783205" lon="-119.224936" />
      <trkpt lat="40.783170" lon="-119.224945" />
      <trkpt lat="40.783136" lon="-119.224960" />
      <trkpt lat="40.783104" lon="-119.224981" />
      <trkpt lat="40.783074" lon="-119.225008" />
      <trkpt lat="40.783047" lon="-119.225039" />
      <trkpt lat="40.783023" lon="-119.225074" />
      <trkpt lat="40.783003" lon="-119.225113" />
      <trkpt lat="40.782987" lon="-119.225156" />
      <trkpt lat="40.782976" lon="-119.225201" />
      <trkpt lat="40.782969" lon="-119.225247" />
      <trkpt lat="40.782967" lon="-119.225294" />
      <trkpt lat="40.782969" lon="-119.225341" />
      <trkpt lat="40.782976" lon="-119.225387" />
      <trkpt lat="40.782987" lon="-119.225432" />
      <trkpt lat="40.783003" lon="-119.225475" />
      <trkpt lat="40.783023" lon="-119.225514" />
      <trkpt lat="40.783047" lon="-119.225549" />
      <trkpt lat="40.783074" lon="-119.225580" />
      <trkpt lat="40.783104" lon="-119.225607" />
      <trkpt lat="40.783136" lon="-119.225628" />
      <trkpt lat="40.783170" lon="-119.225643" />
      <trkpt lat="40.783205" lon="-119.225652" />
      <trkpt lat="40.783241" lon="-119.225655" />
      <trkpt lat="40.783277" lon="-119.225652" />
      <trkpt lat="40.783312" lon="-119.225643" />
      <trkpt lat="40.783346" lon="-119.225628" />
      <trkpt lat="40.783378" lon="-119.225607" />
      <trkpt lat="40.783408" lon="-119.225580" />
      <trkpt lat="40.783435" lon="-119.225549" />
      <trkpt lat="40.783459" lon="-119.225514" />
      <trkpt lat="40.783479" lon="-119.225475" />
      <trkpt lat="40.783495" lon="-119.225432" />
      <trkpt lat="40.783506" lon="-119.225387" />
      <trkpt lat="40.783513" lon="-119.225341" />
      <trkpt lat="40.783515" lon="-119.225294" />
    </trkseg>
  </trk>
  <trk>
    <!--12:00 L3K Ring-->
    <name />
    <trkseg>
      <trkpt lat="40.784340" lon="-119.207871" />
      <trkpt lat="40.784330" lon="-119.207682" />
      <trkpt lat="40.784302" lon="-119.207497" />
      <trkpt lat="40.784256" lon="-119.207318" />
      <trkpt lat="40.784193" lon="-119.207149" />
      <trkpt lat="40.784113" lon="-119.206992" />
      <trkpt lat="40.784018" lon="-119.206850" />
      <trkpt lat="40.783910" lon="-119.206725" />
      <trkpt lat="40.783791" lon="-119.206620" />
      <trkpt lat="40.783662" lon="-119.206537" />
      <trkpt lat="40.783526" lon="-119.206476" />
      <trkpt lat="40.783385" lon="-119.206439" />
      <trkpt lat="40.783242" lon="-119.206427" />
      <trkpt lat="40.783099" lon="-119.206439" />
      <trkpt lat="40.782958" lon="-119.206476" />
      <trkpt lat="40.782822" lon="-119.206537" />
      <trkpt lat="40.782693" lon="-119.206620" />
      <trkpt lat="40.782574" lon="-119.206725" />
      <trkpt lat="40.782466" lon="-119.206850" />
      <trkpt lat="40.782371" lon="-119.206992" />
      <trkpt lat="40.782291" lon="-119.207149" />
      <trkpt lat="40.782228" lon="-119.207318" />
      <trkpt lat="40.782182" lon="-119.207497" />
      <trkpt lat="40.782154" lon="-119.207682" />
      <trkpt lat="40.782144" lon="-119.207871" />
      <trkpt lat="40.782154" lon="-119.208060" />
      <trkpt lat="40.782182" lon="-119.208245" />
      <trkpt lat="40.782228" lon="-119.208424" />
      <trkpt lat="40.782291" lon="-119.208593" />
      <trkpt lat="40.782371" lon="-119.208750" />
      <trkpt lat="40.782466" lon="-119.208892" />
      <trkpt lat="40.782574" lon="-119.209017" />
      <trkpt lat="40.782693" lon="-119.209122" />
      <trkpt lat="40.782822" lon="-119.209205" />
      <trkpt lat="40.782958" lon="-119.209266" />
      <trkpt lat="40.783099" lon="-119.209303" />
      <trkpt lat="40.783242" lon="-119.209315" />
      <trkpt lat="40.783385" lon="-119.209303" />
      <trkpt lat="40.783526" lon="-119.209266" />
      <trkpt lat="40.783662" lon="-119.209205" />
      <trkpt lat="40.783791" lon="-119.209122" />
      <trkpt lat="40.783910" lon="-119.209017" />
      <trkpt lat="40.784018" lon="-119.208892" />
      <trkpt lat="40.784113" lon="-119.208750" />
      <trkpt lat="40.784193" lon="-119.208593" />
      <trkpt lat="40.784256" lon="-119.208424" />
      <trkpt lat="40.784302" lon="-119.208245" />
      <trkpt lat="40.784330" lon="-119.208060" />
      <trkpt lat="40.784340" lon="-119.207871" />
    </trkseg>
  </trk>
  <trk>
    <name>Center Camp Canopy</name>
    <trkseg>
      <trkpt lat="40.777664" lon="-119.215209">
        <name>cc/12:00/125</name>
      </trkpt>
      <trkpt lat="40.777642" lon="-119.215182">
        <name>cc/12:10/125</name>
      </trkpt>
      <trkpt lat="40.777618" lon="-119.215158">
        <name>cc/12:20/125</name>
      </trkpt>
      <trkpt lat="40.777593" lon="-119.215137">
        <name>cc/12:30/125</name>
      </trkpt>
      <trkpt lat="40.777566" lon="-119.215119">
        <name>cc/12:40/125</name>
      </trkpt>
      <trkpt lat="40.777538" lon="-119.215104">
        <name>cc/12:50/125</name>
      </trkpt>
      <trkpt lat="40.777510" lon="-119.215092">
        <name>cc/1:00/125</name>
      </trkpt>
      <trkpt lat="40.777481" lon="-119.215084">
        <name>cc/1:10/125</name>
      </trkpt>
      <trkpt lat="40.777451" lon="-119.215078">
        <name>cc/1:20/125</name>
      </trkpt>
      <trkpt lat="40.777421" lon="-119.215077">
        <name>cc/1:30/125</name>
      </trkpt>
      <trkpt lat="40.777391" lon="-119.215078">
        <name>cc/1:40/125</name>
      </trkpt>
      <trkpt lat="40.777361" lon="-119.215084">
        <name>cc/1:50/125</name>
      </trkpt>
      <trkpt lat="40.777332" lon="-119.215092">
        <name>cc/2:00/125</name>
      </trkpt>
      <trkpt lat="40.777304" lon="-119.215104">
        <name>cc/2:10/125</name>
      </trkpt>
      <trkpt lat="40.777276" lon="-119.215119">
        <name>cc/2:20/125</name>
      </trkpt>
      <trkpt lat="40.777249" lon="-119.215137">
        <name>cc/2:30/125</name>
      </trkpt>
      <trkpt lat="40.777224" lon="-119.215158">
        <name>cc/2:40/125</name>
      </trkpt>
      <trkpt lat="40.777200" lon="-119.215182">
        <name>cc/2:50/125</name>
      </trkpt>
      <trkpt lat="40.777178" lon="-119.215209">
        <name>cc/3:00/125</name>
      </trkpt>
      <trkpt lat="40.777158" lon="-119.215238">
        <name>cc/3:10/125</name>
      </trkpt>
      <trkpt lat="40.777140" lon="-119.215269">
        <name>cc/3:20/125</name>
      </trkpt>
      <trkpt lat="40.777124" lon="-119.215302">
        <name>cc/3:30/125</name>
      </trkpt>
      <trkpt lat="40.777110" lon="-119.215337">
        <name>cc/3:40/125</name>
      </trkpt>
      <trkpt lat="40.777099" lon="-119.215374">
        <name>cc/3:50/125</name>
      </trkpt>
      <trkpt lat="40.777090" lon="-119.215411">
        <name>cc/4:00/125</name>
      </trkpt>
      <trkpt lat="40.777083" lon="-119.215450">
        <name>cc/4:10/125</name>
      </trkpt>
      <trkpt lat="40.777079" lon="-119.215489">
        <name>cc/4:20/125</name>
      </trkpt>
      <trkpt lat="40.777078" lon="-119.215528">
        <name>cc/4:30/125</name>
      </trkpt>
      <trkpt lat="40.777079" lon="-119.215567">
        <name>cc/4:40/125</name>
      </trkpt>
      <trkpt lat="40.777083" lon="-119.215606">
        <name>cc/4:50/125</name>
      </trkpt>
      <trkpt lat="40.777090" lon="-119.215645">
        <name>cc/5:00/125</name>
      </trkpt>
      <trkpt lat="40.777099" lon="-119.215682">
        <name>cc/5:10/125</name>
      </trkpt>
      <trkpt lat="40.777110" lon="-119.215719">
        <name>cc/5:20/125</name>
      </trkpt>
      <trkpt lat="40.777124" lon="-119.215754">
        <name>cc/5:30/125</name>
      </trkpt>
      <trkpt lat="40.777140" lon="-119.215787">
        <name>cc/5:40/125</name>
      </trkpt>
      <trkpt lat="40.777158" lon="-119.215818">
        <name>cc/5:50/125</name>
      </trkpt>
      <trkpt lat="40.777178" lon="-119.215847">
        <name>cc/6:00/125</name>
      </trkpt>
      <trkpt lat="40.777200" lon="-119.215874">
        <name>cc/6:10/125</name>
      </trkpt>
      <trkpt lat="40.777224" lon="-119.215898">
        <name>cc/6:20/125</name>
      </trkpt>
      <trkpt lat="40.777249" lon="-119.215919">
        <name>cc/6:30/125</name>
      </trkpt>
      <trkpt lat="40.777276" lon="-119.215937">
        <name>cc/6:40/125</name>
      </trkpt>
      <trkpt lat="40.777304" lon="-119.215952">
        <name>cc/6:50/125</name>
      </trkpt>
      <trkpt lat="40.777332" lon="-119.215964">
        <name>cc/7:00/125</name>
      </trkpt>
      <trkpt lat="40.777361" lon="-119.215972">
        <name>cc/7:10/125</name>
      </trkpt>
      <trkpt lat="40.777391" lon="-119.215978">
        <name>cc/7:20/125</name>
      </trkpt>
      <trkpt lat="40.777421" lon="-119.215979">
        <name>cc/7:30/125</name>
      </trkpt>
      <trkpt lat="40.777451" lon="-119.215978">
        <name>cc/7:40/125</name>
      </trkpt>
      <trkpt lat="40.777481" lon="-119.215972">
        <name>cc/7:50/125</name>
      </trkpt>
      <trkpt lat="40.777510" lon="-119.215964">
        <name>cc/8:00/125</name>
      </trkpt>
      <trkpt lat="40.777538" lon="-119.215952">
        <name>cc/8:10/125</name>
      </trkpt>
      <trkpt lat="40.777566" lon="-119.215937">
        <name>cc/8:20/125</name>
      </trkpt>
      <trkpt lat="40.777593" lon="-119.215919">
        <name>cc/8:30/125</name>
      </trkpt>
      <trkpt lat="40.777618" lon="-119.215898">
        <name>cc/8:40/125</name>
      </trkpt>
      <trkpt lat="40.777642" lon="-119.215874">
        <name>cc/8:50/125</name>
      </trkpt>
      <trkpt lat="40.777664" lon="-119.215847">
        <name>cc/9:00/125</name>
      </trkpt>
      <trkpt lat="40.777684" lon="-119.215818">
        <name>cc/9:10/125</name>
      </trkpt>
      <trkpt lat="40.777702" lon="-119.215787">
        <name>cc/9:20/125</name>
      </trkpt>
      <trkpt lat="40.777718" lon="-119.215754">
        <name>cc/9:30/125</name>
      </trkpt>
      <trkpt lat="40.777732" lon="-119.215719">
        <name>cc/9:40/125</name>
      </trkpt>
      <trkpt lat="40.777743" lon="-119.215682">
        <name>cc/9:50/125</name>
      </trkpt>
      <trkpt lat="40.777752" lon="-119.215645">
        <name>cc/10:00/125</name>
      </trkpt>
      <trkpt lat="40.777759" lon="-119.215606">
        <name>cc/10:10/125</name>
      </trkpt>
      <trkpt lat="40.777763" lon="-119.215567">
        <name>cc/10:20/125</name>
      </trkpt>
      <trkpt lat="40.777764" lon="-119.215528">
        <name>cc/10:30/125</name>
      </trkpt>
      <trkpt lat="40.777763" lon="-119.215489">
        <name>cc/10:40/125</name>
      </trkpt>
      <trkpt lat="40.777759" lon="-119.215450">
        <name>cc/10:50/125</name>
      </trkpt>
      <trkpt lat="40.777752" lon="-119.215411">
        <name>cc/11:00/125</name>
      </trkpt>
      <trkpt lat="40.777743" lon="-119.215374">
        <name>cc/11:10/125</name>
      </trkpt>
      <trkpt lat="40.777732" lon="-119.215337">
        <name>cc/11:20/125</name>
      </trkpt>
      <trkpt lat="40.777718" lon="-119.215302">
        <name>cc/11:30/125</name>
      </trkpt>
      <trkpt lat="40.777702" lon="-119.215269">
        <name>cc/11:40/125</name>
      </trkpt>
      <trkpt lat="40.777684" lon="-119.215238">
        <name>cc/11:50/125</name>
      </trkpt>
      <trkpt lat="40.777664" lon="-119.215209">
        <name>cc/12:00/125</name>
      </trkpt>
    </trkseg>
  </trk>
  <trk>
    <!--12:00 Temple-->
    <name />
    <trkseg>
      <trkpt lat="40.788385" lon="-119.201104">
        <name>12:00/150</name>
      </trkpt>
      <trkpt lat="40.788359" lon="-119.201072">
        <name>12:10/150</name>
      </trkpt>
      <trkpt lat="40.788330" lon="-119.201043">
        <name>12:20/150</name>
      </trkpt>
      <trkpt lat="40.788300" lon="-119.201018">
        <name>12:30/150</name>
      </trkpt>
      <trkpt lat="40.788268" lon="-119.200996">
        <name>12:40/150</name>
      </trkpt>
      <trkpt lat="40.788235" lon="-119.200978">
        <name>12:50/150</name>
      </trkpt>
      <trkpt lat="40.788201" lon="-119.200964">
        <name>1:00/150</name>
      </trkpt>
      <trkpt lat="40.788165" lon="-119.200954">
        <name>1:10/150</name>
      </trkpt>
      <trkpt lat="40.788130" lon="-119.200947">
        <name>1:20/150</name>
      </trkpt>
      <trkpt lat="40.788094" lon="-119.200945">
        <name>1:30/150</name>
      </trkpt>
      <trkpt lat="40.788063" lon="-119.200949">
        <name>1:40/150</name>
      </trkpt>
      <trkpt lat="40.788023" lon="-119.200954">
        <name>1:50/150</name>
      </trkpt>
      <trkpt lat="40.787987" lon="-119.200964">
        <name>2:00/150</name>
      </trkpt>
      <trkpt lat="40.787953" lon="-119.200978">
        <name>2:10/150</name>
      </trkpt>
      <trkpt lat="40.787920" lon="-119.200996">
        <name>2:20/150</name>
      </trkpt>
      <trkpt lat="40.787888" lon="-119.201018">
        <name>2:30/150</name>
      </trkpt>
      <trkpt lat="40.787858" lon="-119.201043">
        <name>2:40/150</name>
      </trkpt>
      <trkpt lat="40.787829" lon="-119.201072">
        <name>2:50/150</name>
      </trkpt>
      <trkpt lat="40.787803" lon="-119.201104">
        <name>3:00/150</name>
      </trkpt>
      <trkpt lat="40.787779" lon="-119.201139">
        <name>3:10/150</name>
      </trkpt>
      <trkpt lat="40.787757" lon="-119.201176">
        <name>3:20/150</name>
      </trkpt>
      <trkpt lat="40.787737" lon="-119.201216">
        <name>3:30/150</name>
      </trkpt>
      <trkpt lat="40.787721" lon="-119.201258">
        <name>3:40/150</name>
      </trkpt>
      <trkpt lat="40.787707" lon="-119.201302">
        <name>3:50/150</name>
      </trkpt>
      <trkpt lat="40.787696" lon="-119.201347">
        <name>4:00/150</name>
      </trkpt>
      <trkpt lat="40.787689" lon="-119.201393">
        <name>4:10/150</name>
      </trkpt>
      <trkpt lat="40.787684" lon="-119.201440">
        <name>4:20/150</name>
      </trkpt>
      <trkpt lat="40.787692" lon="-119.201481">
        <name>4:30/150</name>
      </trkpt>
      <trkpt lat="40.787684" lon="-119.201534">
        <name>4:40/150</name>
      </trkpt>
      <trkpt lat="40.787689" lon="-119.201581">
        <name>4:50/150</name>
      </trkpt>
      <trkpt lat="40.787696" lon="-119.201627">
        <name>5:00/150</name>
      </trkpt>
      <trkpt lat="40.787707" lon="-119.201672">
        <name>5:10/150</name>
      </trkpt>
      <trkpt lat="40.787721" lon="-119.201716">
        <name>5:20/150</name>
      </trkpt>
      <trkpt lat="40.787737" lon="-119.201758">
        <name>5:30/150</name>
      </trkpt>
      <trkpt lat="40.787757" lon="-119.201798">
        <name>5:40/150</name>
      </trkpt>
      <trkpt lat="40.787779" lon="-119.201835">
        <name>5:50/150</name>
      </trkpt>
      <trkpt lat="40.787803" lon="-119.201870">
        <name>6:00/150</name>
      </trkpt>
      <trkpt lat="40.787829" lon="-119.201902">
        <name>6:10/150</name>
      </trkpt>
      <trkpt lat="40.787858" lon="-119.201931">
        <name>6:20/150</name>
      </trkpt>
      <trkpt lat="40.787888" lon="-119.201956">
        <name>6:30/150</name>
      </trkpt>
      <trkpt lat="40.787920" lon="-119.201978">
        <name>6:40/150</name>
      </trkpt>
      <trkpt lat="40.787953" lon="-119.201996">
        <name>6:50/150</name>
      </trkpt>
      <trkpt lat="40.787987" lon="-119.202010">
        <name>7:00/150</name>
      </trkpt>
      <trkpt lat="40.788023" lon="-119.202020">
        <name>7:10/150</name>
      </trkpt>
      <trkpt lat="40.788058" lon="-119.202027">
        <name>7:20/150</name>
      </trkpt>
      <trkpt lat="40.788099" lon="-119.202016">
        <name>7:30/150</name>
      </trkpt>
      <trkpt lat="40.788130" lon="-119.202027">
        <name>7:40/150</name>
      </trkpt>
      <trkpt lat="40.788165" lon="-119.202020">
        <name>7:50/150</name>
      </trkpt>
      <trkpt lat="40.788201" lon="-119.202010">
        <name>8:00/150</name>
      </trkpt>
      <trkpt lat="40.788235" lon="-119.201996">
        <name>8:10/150</name>
      </trkpt>
      <trkpt lat="40.788268" lon="-119.201978">
        <name>8:20/150</name>
      </trkpt>
      <trkpt lat="40.788300" lon="-119.201956">
        <name>8:30/150</name>
      </trkpt>
      <trkpt lat="40.788330" lon="-119.201931">
        <name>8:40/150</name>
      </trkpt>
      <trkpt lat="40.788359" lon="-119.201902">
        <name>8:50/150</name>
      </trkpt>
      <trkpt lat="40.788385" lon="-119.201870">
        <name>9:00/150</name>
      </trkpt>
      <trkpt lat="40.788409" lon="-119.201835">
        <name>9:10/150</name>
      </trkpt>
      <trkpt lat="40.788431" lon="-119.201798">
        <name>9:20/150</name>
      </trkpt>
      <trkpt lat="40.788451" lon="-119.201758">
        <name>9:30/150</name>
      </trkpt>
      <trkpt lat="40.788467" lon="-119.201716">
        <name>9:40/150</name>
      </trkpt>
      <trkpt lat="40.788481" lon="-119.201672">
        <name>9:50/150</name>
      </trkpt>
      <trkpt lat="40.788492" lon="-119.201627">
        <name>10:00/150</name>
      </trkpt>
      <trkpt lat="40.788499" lon="-119.201581">
        <name>10:10/150</name>
      </trkpt>
      <trkpt lat="40.788503" lon="-119.201528">
        <name>10:20/150</name>
      </trkpt>
      <trkpt lat="40.788506" lon="-119.201487">
        <name>10:30/150</name>
      </trkpt>
      <trkpt lat="40.788504" lon="-119.201440">
        <name>10:40/150</name>
      </trkpt>
      <trkpt lat="40.788499" lon="-119.201393">
        <name>10:50/150</name>
      </trkpt>
      <trkpt lat="40.788492" lon="-119.201347">
        <name>11:00/150</name>
      </trkpt>
      <trkpt lat="40.788481" lon="-119.201302">
        <name>11:10/150</name>
      </trkpt>
      <trkpt lat="40.788467" lon="-119.201258">
        <name>11:20/150</name>
      </trkpt>
      <trkpt lat="40.788451" lon="-119.201216">
        <name>11:30/150</name>
      </trkpt>
      <trkpt lat="40.788431" lon="-119.201176">
        <name>11:40/150</name>
      </trkpt>
      <trkpt lat="40.788409" lon="-119.201139">
        <name>11:50/150</name>
      </trkpt>
      <trkpt lat="40.788385" lon="-119.201104">
        <name>12:00/150</name>
      </trkpt>
    </trkseg>
  </trk>
  <trk>
    <name>3:00 Portal</name>
    <trkseg>
      <trkpt lat="40.778275" lon="-119.201643" />
      <trkpt lat="40.778390" lon="-119.201488" />
      <trkpt lat="40.778508" lon="-119.201337" />
      <trkpt lat="40.777220" lon="-119.199883" />
      <trkpt lat="40.777196" lon="-119.199918" />
      <trkpt lat="40.777169" lon="-119.199949" />
    </trkseg>
  </trk>
  <trk>
    <name>4:30 Portal</name>
    <trkseg>
      <trkpt lat="40.776382" lon="-119.208088" />
      <trkpt lat="40.776380" lon="-119.207871" />
      <trkpt lat="40.776382" lon="-119.207654" />
      <trkpt lat="40.774690" lon="-119.207824" />
      <trkpt lat="40.774692" lon="-119.207871" />
      <trkpt lat="40.774690" lon="-119.207918" />
    </trkseg>
  </trk>
  <trk>
    <name>7:30 Portal</name>
    <trkseg>
      <trkpt lat="40.783406" lon="-119.216896" />
      <trkpt lat="40.783242" lon="-119.216898" />
      <trkpt lat="40.783077" lon="-119.216896" />
      <trkpt lat="40.783205" lon="-119.219122" />
      <trkpt lat="40.783241" lon="-119.219119" />
      <trkpt lat="40.783277" lon="-119.219122" />
    </trkseg>
  </trk>
  <trk>
    <name>9:00 Portal</name>
    <trkseg>
      <trkpt lat="40.788209" lon="-119.214100" />
      <trkpt lat="40.788094" lon="-119.214255" />
      <trkpt lat="40.787976" lon="-119.214406" />
      <trkpt lat="40.789263" lon="-119.215861" />
      <trkpt lat="40.789287" lon="-119.215826" />
      <trkpt lat="40.789314" lon="-119.215794" />
    </trkseg>
  </trk>
  <trk>
    <name>6:00 Portal</name>
    <trkseg>
      <trkpt lat="40.777618" lon="-119.215158">
        <name>cc/12:16/125</name>
      </trkpt>
      <trkpt lat="40.777642" lon="-119.215182">
        <name>cc/12:10/125</name>
      </trkpt>
      <trkpt lat="40.777664" lon="-119.215209">
        <name>cc/12:00/125</name>
      </trkpt>
      <trkpt lat="40.777684" lon="-119.215238">
        <name>cc/11:50/125</name>
      </trkpt>
      <trkpt lat="40.777702" lon="-119.215269">
        <name>cc/11:44/125</name>
      </trkpt>
      <trkpt lat="40.779111" lon="-119.213822">
        <name>cc/11:44/776</name>
      </trkpt>
      <trkpt lat="40.779053" lon="-119.213727">
        <name>cc/11:50/776</name>
      </trkpt>
      <trkpt lat="40.778927" lon="-119.213547">
        <name>cc/12:00/776</name>
      </trkpt>
      <trkpt lat="40.778790" lon="-119.213382">
        <name>cc/12:10/776</name>
      </trkpt>
      <trkpt lat="40.778718" lon="-119.213305">
        <name>cc/12:16/776</name>
      </trkpt>
    </trkseg>
  </trk>
  <wpt lat="40.780646" lon="-119.204144">
    <name>Toilet</name>
    <cmt>Toilet</cmt>
  </wpt>
  <wpt lat="40.786075" lon="-119.211286">
    <name>Toilet</name>
    <cmt>Toilet</cmt>
  </wpt>
  <wpt lat="40.783242" lon="-119.205885">
    <name>Toilet</name>
    <cmt>Toilet</cmt>
  </wpt>
  <wpt lat="40.787760" lon="-119.198998">
    <name>Toilet</name>
    <cmt>Toilet</cmt>
  </wpt>
  <wpt lat="40.781471" lon="-119.197366">
    <name>Toilet</name>
    <cmt>Toilet</cmt>
  </wpt>
  <wpt lat="40.791227" lon="-119.210200">
    <name>Toilet</name>
    <cmt>Toilet</cmt>
  </wpt>
  <wpt lat="40.780374" lon="-119.190862">
    <name>Toilet</name>
    <cmt>Toilet</cmt>
  </wpt>
  <wpt lat="40.796171" lon="-119.211643">
    <name>Toilet</name>
    <cmt>Toilet</cmt>
  </wpt>
  <wpt lat="40.798516" lon="-119.207871">
    <name>Toilet</name>
    <cmt>Toilet</cmt>
  </wpt>
  <wpt lat="40.799300" lon="-119.203668">
    <name>Toilet</name>
    <cmt>Toilet</cmt>
  </wpt>
  <wpt lat="40.797353" lon="-119.200179">
    <name>Toilet</name>
    <cmt>Toilet</cmt>
  </wpt>
  <wpt lat="40.797594" lon="-119.195839">
    <name>Toilet</name>
    <cmt>Toilet</cmt>
  </wpt>
  <wpt lat="40.792384" lon="-119.188987">
    <name>Toilet</name>
    <cmt>Toilet</cmt>
  </wpt>
  <wpt lat="40.778336" lon="-119.196441">
    <name>Toilet</name>
    <cmt>Toilet</cmt>
  </wpt>
  <wpt lat="40.776510" lon="-119.192283">
    <name>Toilet</name>
    <cmt>Toilet</cmt>
  </wpt>
  <wpt lat="40.775993" lon="-119.197952">
    <name>Toilet</name>
    <cmt>Toilet</cmt>
  </wpt>
  <wpt lat="40.773129" lon="-119.194391">
    <name>Toilet</name>
    <cmt>Toilet</cmt>
  </wpt>
  <wpt lat="40.774649" lon="-119.201200">
    <name>Toilet</name>
    <cmt>Toilet</cmt>
  </wpt>
  <wpt lat="40.771488" lon="-119.198799">
    <name>Toilet</name>
    <cmt>Toilet</cmt>
  </wpt>
  <wpt lat="40.773630" lon="-119.204352">
    <name>Toilet</name>
    <cmt>Toilet</cmt>
  </wpt>
  <wpt lat="40.770104" lon="-119.203110">
    <name>Toilet</name>
    <cmt>Toilet</cmt>
  </wpt>
  <wpt lat="40.773265" lon="-119.207745">
    <name>Toilet</name>
    <cmt>Toilet</cmt>
  </wpt>
  <wpt lat="40.768846" lon="-119.207745">
    <name>Toilet</name>
    <cmt>Toilet</cmt>
  </wpt>
  <wpt lat="40.773580" lon="-119.211146">
    <name>Toilet</name>
    <cmt>Toilet</cmt>
  </wpt>
  <wpt lat="40.770054" lon="-119.212388">
    <name>Toilet</name>
    <cmt>Toilet</cmt>
  </wpt>
  <wpt lat="40.774553" lon="-119.214323">
    <name>Toilet</name>
    <cmt>Toilet</cmt>
  </wpt>
  <wpt lat="40.771392" lon="-119.216724">
    <name>Toilet</name>
    <cmt>Toilet</cmt>
  </wpt>
  <wpt lat="40.776548" lon="-119.217060">
    <name>Toilet</name>
    <cmt>Toilet</cmt>
  </wpt>
  <wpt lat="40.772993" lon="-119.221172">
    <name>Toilet</name>
    <cmt>Toilet</cmt>
  </wpt>
  <wpt lat="40.778336" lon="-119.219301">
    <name>Toilet</name>
    <cmt>Toilet</cmt>
  </wpt>
  <wpt lat="40.776510" lon="-119.223459">
    <name>Toilet</name>
    <cmt>Toilet</cmt>
  </wpt>
  <wpt lat="40.780752" lon="-119.220582">
    <name>Toilet</name>
    <cmt>Toilet</cmt>
  </wpt>
  <wpt lat="40.779806" lon="-119.225220">
    <name>Toilet</name>
    <cmt>Toilet</cmt>
  </wpt>
  <wpt lat="40.783337" lon="-119.220997">
    <name>Toilet</name>
    <cmt>Toilet</cmt>
  </wpt>
  <wpt lat="40.783337" lon="-119.226811">
    <name>Toilet</name>
    <cmt>Toilet</cmt>
  </wpt>
  <wpt lat="40.785916" lon="-119.220518">
    <name>Toilet</name>
    <cmt>Toilet</cmt>
  </wpt>
  <wpt lat="40.786860" lon="-119.225157">
    <name>Toilet</name>
    <cmt>Toilet</cmt>
  </wpt>
  <wpt lat="40.788313" lon="-119.219176">
    <name>Toilet</name>
    <cmt>Toilet</cmt>
  </wpt>
  <wpt lat="40.790138" lon="-119.223336">
    <name>Toilet</name>
    <cmt>Toilet</cmt>
  </wpt>
  <wpt lat="40.790781" lon="-119.217409">
    <name>Toilet</name>
    <cmt>Toilet</cmt>
  </wpt>
  <wpt lat="40.793489" lon="-119.221176">
    <name>Toilet</name>
    <cmt>Toilet</cmt>
  </wpt>
  <wpt lat="40.791930" lon="-119.214325">
    <name>Toilet</name>
    <cmt>Toilet</cmt>
  </wpt>
  <wpt lat="40.795092" lon="-119.216727">
    <name>Toilet</name>
    <cmt>Toilet</cmt>
  </wpt>
  <wpt lat="40.781466" lon="-119.199151">
    <name>2:00&amp;Esp</name>
    <cmt>2:00&amp;Esp</cmt>
  </wpt>
  <wpt lat="40.779811" lon="-119.200053">
    <name>2:30&amp;Esp</name>
    <cmt>2:30&amp;Esp</cmt>
  </wpt>
  <wpt lat="40.778390" lon="-119.201488">
    <name>3:00&amp;Esp</name>
    <cmt>3:00&amp;Esp</cmt>
  </wpt>
  <wpt lat="40.777299" lon="-119.203358">
    <name>3:30&amp;Esp</name>
    <cmt>3:30&amp;Esp</cmt>
  </wpt>
  <wpt lat="40.776614" lon="-119.205535">
    <name>4:00&amp;Esp</name>
    <cmt>4:00&amp;Esp</cmt>
  </wpt>
  <wpt lat="40.776380" lon="-119.207871">
    <name>4:30&amp;Esp</name>
    <cmt>4:30&amp;Esp</cmt>
  </wpt>
  <wpt lat="40.776614" lon="-119.210207">
    <name>5:00&amp;Esp</name>
    <cmt>5:00&amp;Esp</cmt>
  </wpt>
  <wpt lat="40.777299" lon="-119.212384">
    <name>5:30&amp;Esp</name>
    <cmt>5:30&amp;Esp</cmt>
  </wpt>
  <wpt lat="40.778927" lon="-119.213547">
    <name>6:00&amp;Esp</name>
    <cmt>6:00&amp;Esp</cmt>
  </wpt>
  <wpt lat="40.779811" lon="-119.215689">
    <name>6:30&amp;Esp</name>
    <cmt>6:30&amp;Esp</cmt>
  </wpt>
  <wpt lat="40.781466" lon="-119.216591">
    <name>7:00&amp;Esp</name>
    <cmt>7:00&amp;Esp</cmt>
  </wpt>
  <wpt lat="40.783242" lon="-119.216898">
    <name>7:30&amp;Esp</name>
    <cmt>7:30&amp;Esp</cmt>
  </wpt>
  <wpt lat="40.785018" lon="-119.216591">
    <name>8:00&amp;Esp</name>
    <cmt>8:00&amp;Esp</cmt>
  </wpt>
  <wpt lat="40.786673" lon="-119.215689">
    <name>8:30&amp;Esp</name>
    <cmt>8:30&amp;Esp</cmt>
  </wpt>
  <wpt lat="40.788094" lon="-119.214255">
    <name>9:00&amp;Esp</name>
    <cmt>9:00&amp;Esp</cmt>
  </wpt>
  <wpt lat="40.789184" lon="-119.212385">
    <name>9:30&amp;Esp</name>
    <cmt>9:30&amp;Esp</cmt>
  </wpt>
  <wpt lat="40.789870" lon="-119.210208">
    <name>10:00&amp;Esp</name>
    <cmt>10:00&amp;Esp</cmt>
  </wpt>
  <wpt lat="40.781157" lon="-119.197634">
    <name>2:00&amp;A</name>
    <cmt>2:00&amp;A</cmt>
  </wpt>
  <wpt lat="40.779214" lon="-119.198693">
    <name>2:30&amp;A</name>
    <cmt>2:30&amp;A</cmt>
  </wpt>
  <wpt lat="40.777545" lon="-119.200378">
    <name>3:00&amp;A</name>
    <cmt>3:00&amp;A</cmt>
  </wpt>
  <wpt lat="40.776265" lon="-119.202573">
    <name>3:30&amp;A</name>
    <cmt>3:30&amp;A</cmt>
  </wpt>
  <wpt lat="40.775461" lon="-119.205128">
    <name>4:00&amp;A</name>
    <cmt>4:00&amp;A</cmt>
  </wpt>
  <wpt lat="40.775186" lon="-119.207871">
    <name>4:30&amp;A</name>
    <cmt>4:30&amp;A</cmt>
  </wpt>
  <wpt lat="40.775461" lon="-119.210614">
    <name>5:00&amp;A</name>
    <cmt>5:00&amp;A</cmt>
  </wpt>
  <wpt lat="40.776277" lon="-119.213165">
    <name>5:30&amp;A</name>
    <cmt>5:30&amp;A</cmt>
  </wpt>
  <wpt lat="40.779217" lon="-119.217033">
    <name>6:30&amp;A</name>
    <cmt>6:30&amp;A</cmt>
  </wpt>
  <wpt lat="40.781157" lon="-119.218108">
    <name>7:00&amp;A</name>
    <cmt>7:00&amp;A</cmt>
  </wpt>
  <wpt lat="40.783242" lon="-119.218469">
    <name>7:30&amp;A</name>
    <cmt>7:30&amp;A</cmt>
  </wpt>
  <wpt lat="40.785327" lon="-119.218108">
    <name>8:00&amp;A</name>
    <cmt>8:00&amp;A</cmt>
  </wpt>
  <wpt lat="40.787270" lon="-119.217050">
    <name>8:30&amp;A</name>
    <cmt>8:30&amp;A</cmt>
  </wpt>
  <wpt lat="40.788938" lon="-119.215366">
    <name>9:00&amp;A</name>
    <cmt>9:00&amp;A</cmt>
  </wpt>
  <wpt lat="40.790218" lon="-119.213171">
    <name>9:30&amp;A</name>
    <cmt>9:30&amp;A</cmt>
  </wpt>
  <wpt lat="40.791023" lon="-119.210614">
    <name>10:00&amp;A</name>
    <cmt>10:00&amp;A</cmt>
  </wpt>
  <wpt lat="40.780958" lon="-119.196658">
    <name>2:00&amp;B</name>
    <cmt>2:00&amp;B</cmt>
  </wpt>
  <wpt lat="40.778829" lon="-119.197818">
    <name>2:30&amp;B</name>
    <cmt>2:30&amp;B</cmt>
  </wpt>
  <wpt lat="40.777002" lon="-119.199663">
    <name>3:00&amp;B</name>
    <cmt>3:00&amp;B</cmt>
  </wpt>
  <wpt lat="40.775600" lon="-119.202067">
    <name>3:30&amp;B</name>
    <cmt>3:30&amp;B</cmt>
  </wpt>
  <wpt lat="40.774718" lon="-119.204867">
    <name>4:00&amp;B</name>
    <cmt>4:00&amp;B</cmt>
  </wpt>
  <wpt lat="40.774418" lon="-119.207871">
    <name>4:30&amp;B</name>
    <cmt>4:30&amp;B</cmt>
  </wpt>
  <wpt lat="40.774718" lon="-119.210875">
    <name>5:00&amp;B</name>
    <cmt>5:00&amp;B</cmt>
  </wpt>
  <wpt lat="40.775600" lon="-119.213675">
    <name>5:30&amp;B</name>
    <cmt>5:30&amp;B</cmt>
  </wpt>
  <wpt lat="40.778829" lon="-119.217924">
    <name>6:30&amp;B</name>
    <cmt>6:30&amp;B</cmt>
  </wpt>
  <wpt lat="40.780958" lon="-119.219084">
    <name>7:00&amp;B</name>
    <cmt>7:00&amp;B</cmt>
  </wpt>
  <wpt lat="40.783241" lon="-119.219480">
    <name>7:30&amp;B</name>
    <cmt>7:30&amp;B</cmt>
  </wpt>
  <wpt lat="40.785525" lon="-119.219085">
    <name>8:00&amp;B</name>
    <cmt>8:00&amp;B</cmt>
  </wpt>
  <wpt lat="40.787654" lon="-119.217925">
    <name>8:30&amp;B</name>
    <cmt>8:30&amp;B</cmt>
  </wpt>
  <wpt lat="40.789481" lon="-119.216081">
    <name>9:00&amp;B</name>
    <cmt>9:00&amp;B</cmt>
  </wpt>
  <wpt lat="40.790884" lon="-119.213676">
    <name>9:30&amp;B</name>
    <cmt>9:30&amp;B</cmt>
  </wpt>
  <wpt lat="40.791766" lon="-119.210876">
    <name>10:00&amp;B</name>
    <cmt>10:00&amp;B</cmt>
  </wpt>
  <wpt lat="40.780759" lon="-119.195681">
    <name>2:00&amp;C</name>
    <cmt>2:00&amp;C</cmt>
  </wpt>
  <wpt lat="40.778445" lon="-119.196942">
    <name>2:30&amp;C</name>
    <cmt>2:30&amp;C</cmt>
  </wpt>
  <wpt lat="40.776459" lon="-119.198948">
    <name>3:00&amp;C</name>
    <cmt>3:00&amp;C</cmt>
  </wpt>
  <wpt lat="40.774934" lon="-119.201562">
    <name>3:30&amp;C</name>
    <cmt>3:30&amp;C</cmt>
  </wpt>
  <wpt lat="40.773976" lon="-119.204605">
    <name>4:00&amp;C</name>
    <cmt>4:00&amp;C</cmt>
  </wpt>
  <wpt lat="40.773649" lon="-119.207871">
    <name>4:30&amp;C</name>
    <cmt>4:30&amp;C</cmt>
  </wpt>
  <wpt lat="40.773976" lon="-119.211137">
    <name>5:00&amp;C</name>
    <cmt>5:00&amp;C</cmt>
  </wpt>
  <wpt lat="40.774934" lon="-119.214180">
    <name>5:30&amp;C</name>
    <cmt>5:30&amp;C</cmt>
  </wpt>
  <wpt lat="40.776470" lon="-119.216779">
    <name>6:00&amp;C</name>
    <cmt>6:00&amp;C</cmt>
  </wpt>
  <wpt lat="40.778445" lon="-119.218800">
    <name>6:30&amp;C</name>
    <cmt>6:30&amp;C</cmt>
  </wpt>
  <wpt lat="40.780759" lon="-119.220061">
    <name>7:00&amp;C</name>
    <cmt>7:00&amp;C</cmt>
  </wpt>
  <wpt lat="40.783241" lon="-119.220491">
    <name>7:30&amp;C</name>
    <cmt>7:30&amp;C</cmt>
  </wpt>
  <wpt lat="40.785724" lon="-119.220062">
    <name>8:00&amp;C</name>
    <cmt>8:00&amp;C</cmt>
  </wpt>
  <wpt lat="40.788038" lon="-119.218801">
    <name>8:30&amp;C</name>
    <cmt>8:30&amp;C</cmt>
  </wpt>
  <wpt lat="40.790025" lon="-119.216796">
    <name>9:00&amp;C</name>
    <cmt>9:00&amp;C</cmt>
  </wpt>
  <wpt lat="40.791549" lon="-119.214182">
    <name>9:30&amp;C</name>
    <cmt>9:30&amp;C</cmt>
  </wpt>
  <wpt lat="40.792508" lon="-119.211138">
    <name>10:00&amp;C</name>
    <cmt>10:00&amp;C</cmt>
  </wpt>
  <wpt lat="40.780560" lon="-119.194705">
    <name>2:00&amp;D</name>
    <cmt>2:00&amp;D</cmt>
  </wpt>
  <wpt lat="40.778061" lon="-119.196067">
    <name>2:30&amp;D</name>
    <cmt>2:30&amp;D</cmt>
  </wpt>
  <wpt lat="40.775915" lon="-119.198233">
    <name>3:00&amp;D</name>
    <cmt>3:00&amp;D</cmt>
  </wpt>
  <wpt lat="40.774269" lon="-119.201056">
    <name>3:30&amp;D</name>
    <cmt>3:30&amp;D</cmt>
  </wpt>
  <wpt lat="40.773234" lon="-119.204343">
    <name>4:00&amp;D</name>
    <cmt>4:00&amp;D</cmt>
  </wpt>
  <wpt lat="40.772881" lon="-119.207871">
    <name>4:30&amp;D</name>
    <cmt>4:30&amp;D</cmt>
  </wpt>
  <wpt lat="40.773234" lon="-119.211399">
    <name>5:00&amp;D</name>
    <cmt>5:00&amp;D</cmt>
  </wpt>
  <wpt lat="40.774269" lon="-119.214686">
    <name>5:30&amp;D</name>
    <cmt>5:30&amp;D</cmt>
  </wpt>
  <wpt lat="40.775915" lon="-119.217509">
    <name>6:00&amp;D</name>
    <cmt>6:00&amp;D</cmt>
  </wpt>
  <wpt lat="40.778061" lon="-119.219675">
    <name>6:30&amp;D</name>
    <cmt>6:30&amp;D</cmt>
  </wpt>
  <wpt lat="40.780560" lon="-119.221037">
    <name>7:00&amp;D</name>
    <cmt>7:00&amp;D</cmt>
  </wpt>
  <wpt lat="40.783241" lon="-119.221502">
    <name>7:30&amp;D</name>
    <cmt>7:30&amp;D</cmt>
  </wpt>
  <wpt lat="40.785923" lon="-119.221038">
    <name>8:00&amp;D</name>
    <cmt>8:00&amp;D</cmt>
  </wpt>
  <wpt lat="40.788422" lon="-119.219677">
    <name>8:30&amp;D</name>
    <cmt>8:30&amp;D</cmt>
  </wpt>
  <wpt lat="40.790568" lon="-119.217511">
    <name>9:00&amp;D</name>
    <cmt>9:00&amp;D</cmt>
  </wpt>
  <wpt lat="40.792215" lon="-119.214688">
    <name>9:30&amp;D</name>
    <cmt>9:30&amp;D</cmt>
  </wpt>
  <wpt lat="40.793250" lon="-119.211400">
    <name>10:00&amp;D</name>
    <cmt>10:00&amp;D</cmt>
  </wpt>
  <wpt lat="40.780357" lon="-119.193711">
    <name>2:00&amp;E</name>
    <cmt>2:00&amp;E</cmt>
  </wpt>
  <wpt lat="40.777670" lon="-119.195176">
    <name>2:30&amp;E</name>
    <cmt>2:30&amp;E</cmt>
  </wpt>
  <wpt lat="40.775362" lon="-119.197506">
    <name>3:00&amp;E</name>
    <cmt>3:00&amp;E</cmt>
  </wpt>
  <wpt lat="40.773591" lon="-119.200542">
    <name>3:30&amp;E</name>
    <cmt>3:30&amp;E</cmt>
  </wpt>
  <wpt lat="40.772478" lon="-119.204077">
    <name>4:00&amp;E</name>
    <cmt>4:00&amp;E</cmt>
  </wpt>
  <wpt lat="40.772098" lon="-119.207871">
    <name>4:30&amp;E</name>
    <cmt>4:30&amp;E</cmt>
  </wpt>
  <wpt lat="40.772478" lon="-119.211665">
    <name>5:00&amp;E</name>
    <cmt>5:00&amp;E</cmt>
  </wpt>
  <wpt lat="40.773591" lon="-119.215200">
    <name>5:30&amp;E</name>
    <cmt>5:30&amp;E</cmt>
  </wpt>
  <wpt lat="40.775362" lon="-119.218236">
    <name>6:00&amp;E</name>
    <cmt>6:00&amp;E</cmt>
  </wpt>
  <wpt lat="40.777670" lon="-119.220566">
    <name>6:30&amp;E</name>
    <cmt>6:30&amp;E</cmt>
  </wpt>
  <wpt lat="40.780357" lon="-119.222031">
    <name>7:00&amp;E</name>
    <cmt>7:00&amp;E</cmt>
  </wpt>
  <wpt lat="40.783241" lon="-119.222531">
    <name>7:30&amp;E</name>
    <cmt>7:30&amp;E</cmt>
  </wpt>
  <wpt lat="40.786125" lon="-119.222032">
    <name>8:00&amp;E</name>
    <cmt>8:00&amp;E</cmt>
  </wpt>
  <wpt lat="40.788813" lon="-119.220568">
    <name>8:30&amp;E</name>
    <cmt>8:30&amp;E</cmt>
  </wpt>
  <wpt lat="40.791121" lon="-119.218239">
    <name>9:00&amp;E</name>
    <cmt>9:00&amp;E</cmt>
  </wpt>
  <wpt lat="40.792892" lon="-119.215202">
    <name>9:30&amp;E</name>
    <cmt>9:30&amp;E</cmt>
  </wpt>
  <wpt lat="40.794006" lon="-119.211666">
    <name>10:00&amp;E</name>
    <cmt>10:00&amp;E</cmt>
  </wpt>
  <wpt lat="40.780012" lon="-119.192019">
    <name>2:00&amp;F</name>
    <cmt>2:00&amp;F</cmt>
  </wpt>
  <wpt lat="40.778467" lon="-119.192710">
    <name>2:15&amp;F</name>
    <cmt>2:15&amp;F</cmt>
  </wpt>
  <wpt lat="40.777004" lon="-119.193659">
    <name>2:30&amp;F</name>
    <cmt>2:30&amp;F</cmt>
  </wpt>
  <wpt lat="40.775647" lon="-119.194852">
    <name>2:45&amp;F</name>
    <cmt>2:45&amp;F</cmt>
  </wpt>
  <wpt lat="40.774420" lon="-119.196268">
    <name>3:00&amp;F</name>
    <cmt>3:00&amp;F</cmt>
  </wpt>
  <wpt lat="40.773345" lon="-119.197882">
    <name>3:15&amp;F</name>
    <cmt>3:15&amp;F</cmt>
  </wpt>
  <wpt lat="40.772438" lon="-119.199666">
    <name>3:30&amp;F</name>
    <cmt>3:30&amp;F</cmt>
  </wpt>
  <wpt lat="40.771717" lon="-119.201592">
    <name>3:45&amp;F</name>
    <cmt>3:45&amp;F</cmt>
  </wpt>
  <wpt lat="40.771192" lon="-119.203624">
    <name>4:00&amp;F</name>
    <cmt>4:00&amp;F</cmt>
  </wpt>
  <wpt lat="40.770874" lon="-119.205729">
    <name>4:15&amp;F</name>
    <cmt>4:15&amp;F</cmt>
  </wpt>
  <wpt lat="40.770767" lon="-119.207871">
    <name>4:30&amp;F</name>
    <cmt>4:30&amp;F</cmt>
  </wpt>
  <wpt lat="40.770874" lon="-119.210013">
    <name>4:45&amp;F</name>
    <cmt>4:45&amp;F</cmt>
  </wpt>
  <wpt lat="40.771192" lon="-119.212118">
    <name>5:00&amp;F</name>
    <cmt>5:00&amp;F</cmt>
  </wpt>
  <wpt lat="40.771717" lon="-119.214150">
    <name>5:15&amp;F</name>
    <cmt>5:15&amp;F</cmt>
  </wpt>
  <wpt lat="40.772438" lon="-119.216076">
    <name>5:30&amp;F</name>
    <cmt>5:30&amp;F</cmt>
  </wpt>
  <wpt lat="40.773345" lon="-119.217860">
    <name>5:45&amp;F</name>
    <cmt>5:45&amp;F</cmt>
  </wpt>
  <wpt lat="40.774420" lon="-119.219474">
    <name>6:00&amp;F</name>
    <cmt>6:00&amp;F</cmt>
  </wpt>
  <wpt lat="40.775647" lon="-119.220890">
    <name>6:15&amp;F</name>
    <cmt>6:15&amp;F</cmt>
  </wpt>
  <wpt lat="40.777004" lon="-119.222083">
    <name>6:30&amp;F</name>
    <cmt>6:30&amp;F</cmt>
  </wpt>
  <wpt lat="40.778467" lon="-119.223032">
    <name>6:45&amp;F</name>
    <cmt>6:45&amp;F</cmt>
  </wpt>
  <wpt lat="40.780012" lon="-119.223723">
    <name>7:00&amp;F</name>
    <cmt>7:00&amp;F</cmt>
  </wpt>
  <wpt lat="40.781613" lon="-119.224142">
    <name>7:15&amp;F</name>
    <cmt>7:15&amp;F</cmt>
  </wpt>
  <wpt lat="40.783241" lon="-119.224283">
    <name>7:30&amp;F</name>
    <cmt>7:30&amp;F</cmt>
  </wpt>
  <wpt lat="40.784869" lon="-119.224143">
    <name>7:45&amp;F</name>
    <cmt>7:45&amp;F</cmt>
  </wpt>
  <wpt lat="40.786470" lon="-119.223724">
    <name>8:00&amp;F</name>
    <cmt>8:00&amp;F</cmt>
  </wpt>
  <wpt lat="40.788015" lon="-119.223035">
    <name>8:15&amp;F</name>
    <cmt>8:15&amp;F</cmt>
  </wpt>
  <wpt lat="40.789478" lon="-119.222085">
    <name>8:30&amp;F</name>
    <cmt>8:30&amp;F</cmt>
  </wpt>
  <wpt lat="40.790835" lon="-119.220893">
    <name>8:45&amp;F</name>
    <cmt>8:45&amp;F</cmt>
  </wpt>
  <wpt lat="40.792062" lon="-119.219477">
    <name>9:00&amp;F</name>
    <cmt>9:00&amp;F</cmt>
  </wpt>
  <wpt lat="40.793138" lon="-119.217863">
    <name>9:15&amp;F</name>
    <cmt>9:15&amp;F</cmt>
  </wpt>
  <wpt lat="40.794045" lon="-119.216078">
    <name>9:30&amp;F</name>
    <cmt>9:30&amp;F</cmt>
  </wpt>
  <wpt lat="40.794767" lon="-119.214153">
    <name>9:45&amp;F</name>
    <cmt>9:45&amp;F</cmt>
  </wpt>
  <wpt lat="40.795292" lon="-119.212119">
    <name>10:00&amp;F</name>
    <cmt>10:00&amp;F</cmt>
  </wpt>
  <wpt lat="40.779813" lon="-119.191043">
    <name>2:00&amp;G</name>
    <cmt>2:00&amp;G</cmt>
  </wpt>
  <wpt lat="40.778173" lon="-119.191776">
    <name>2:15&amp;G</name>
    <cmt>2:15&amp;G</cmt>
  </wpt>
  <wpt lat="40.776619" lon="-119.192784">
    <name>2:30&amp;G</name>
    <cmt>2:30&amp;G</cmt>
  </wpt>
  <wpt lat="40.775179" lon="-119.194050">
    <name>2:45&amp;G</name>
    <cmt>2:45&amp;G</cmt>
  </wpt>
  <wpt lat="40.773877" lon="-119.195553">
    <name>3:00&amp;G</name>
    <cmt>3:00&amp;G</cmt>
  </wpt>
  <wpt lat="40.772735" lon="-119.197266">
    <name>3:15&amp;G</name>
    <cmt>3:15&amp;G</cmt>
  </wpt>
  <wpt lat="40.771773" lon="-119.199161">
    <name>3:30&amp;G</name>
    <cmt>3:30&amp;G</cmt>
  </wpt>
  <wpt lat="40.771007" lon="-119.201205">
    <name>3:45&amp;G</name>
    <cmt>3:45&amp;G</cmt>
  </wpt>
  <wpt lat="40.770450" lon="-119.203363">
    <name>4:00&amp;G</name>
    <cmt>4:00&amp;G</cmt>
  </wpt>
  <wpt lat="40.770112" lon="-119.205597">
    <name>4:15&amp;G</name>
    <cmt>4:15&amp;G</cmt>
  </wpt>
  <wpt lat="40.769999" lon="-119.207871">
    <name>4:30&amp;G</name>
    <cmt>4:30&amp;G</cmt>
  </wpt>
  <wpt lat="40.770112" lon="-119.210145">
    <name>4:45&amp;G</name>
    <cmt>4:45&amp;G</cmt>
  </wpt>
  <wpt lat="40.770450" lon="-119.212379">
    <name>5:00&amp;G</name>
    <cmt>5:00&amp;G</cmt>
  </wpt>
  <wpt lat="40.771007" lon="-119.214537">
    <name>5:15&amp;G</name>
    <cmt>5:15&amp;G</cmt>
  </wpt>
  <wpt lat="40.771773" lon="-119.216581">
    <name>5:30&amp;G</name>
    <cmt>5:30&amp;G</cmt>
  </wpt>
  <wpt lat="40.772735" lon="-119.218476">
    <name>5:45&amp;G</name>
    <cmt>5:45&amp;G</cmt>
  </wpt>
  <wpt lat="40.773877" lon="-119.220189">
    <name>6:00&amp;G</name>
    <cmt>6:00&amp;G</cmt>
  </wpt>
  <wpt lat="40.775179" lon="-119.221692">
    <name>6:15&amp;G</name>
    <cmt>6:15&amp;G</cmt>
  </wpt>
  <wpt lat="40.776619" lon="-119.222958">
    <name>6:30&amp;G</name>
    <cmt>6:30&amp;G</cmt>
  </wpt>
  <wpt lat="40.778173" lon="-119.223966">
    <name>6:45&amp;G</name>
    <cmt>6:45&amp;G</cmt>
  </wpt>
  <wpt lat="40.779813" lon="-119.224699">
    <name>7:00&amp;G</name>
    <cmt>7:00&amp;G</cmt>
  </wpt>
  <wpt lat="40.781512" lon="-119.225144">
    <name>7:15&amp;G</name>
    <cmt>7:15&amp;G</cmt>
  </wpt>
  <wpt lat="40.783241" lon="-119.225294">
    <name>7:30&amp;G</name>
    <cmt>7:30&amp;G</cmt>
  </wpt>
  <wpt lat="40.784969" lon="-119.225145">
    <name>7:45&amp;G</name>
    <cmt>7:45&amp;G</cmt>
  </wpt>
  <wpt lat="40.786668" lon="-119.224701">
    <name>8:00&amp;G</name>
    <cmt>8:00&amp;G</cmt>
  </wpt>
  <wpt lat="40.788309" lon="-119.223969">
    <name>8:15&amp;G</name>
    <cmt>8:15&amp;G</cmt>
  </wpt>
  <wpt lat="40.789863" lon="-119.222961">
    <name>8:30&amp;G</name>
    <cmt>8:30&amp;G</cmt>
  </wpt>
  <wpt lat="40.791303" lon="-119.221695">
    <name>8:45&amp;G</name>
    <cmt>8:45&amp;G</cmt>
  </wpt>
  <wpt lat="40.792606" lon="-119.220192">
    <name>9:00&amp;G</name>
    <cmt>9:00&amp;G</cmt>
  </wpt>
  <wpt lat="40.793748" lon="-119.218479">
    <name>9:15&amp;G</name>
    <cmt>9:15&amp;G</cmt>
  </wpt>
  <wpt lat="40.794711" lon="-119.216584">
    <name>9:30&amp;G</name>
    <cmt>9:30&amp;G</cmt>
  </wpt>
  <wpt lat="40.795477" lon="-119.214540">
    <name>9:45&amp;G</name>
    <cmt>9:45&amp;G</cmt>
  </wpt>
  <wpt lat="40.796034" lon="-119.212381">
    <name>10:00&amp;G</name>
    <cmt>10:00&amp;G</cmt>
  </wpt>
  <wpt lat="40.779614" lon="-119.190066">
    <name>2:00&amp;H</name>
    <cmt>2:00&amp;H</cmt>
  </wpt>
  <wpt lat="40.777879" lon="-119.190842">
    <name>2:15&amp;H</name>
    <cmt>2:15&amp;H</cmt>
  </wpt>
  <wpt lat="40.776235" lon="-119.191909">
    <name>2:30&amp;H</name>
    <cmt>2:30&amp;H</cmt>
  </wpt>
  <wpt lat="40.774711" lon="-119.193248">
    <name>2:45&amp;H</name>
    <cmt>2:45&amp;H</cmt>
  </wpt>
  <wpt lat="40.773333" lon="-119.194838">
    <name>3:00&amp;H</name>
    <cmt>3:00&amp;H</cmt>
  </wpt>
  <wpt lat="40.772125" lon="-119.196651">
    <name>3:15&amp;H</name>
    <cmt>3:15&amp;H</cmt>
  </wpt>
  <wpt lat="40.771107" lon="-119.198656">
    <name>3:30&amp;H</name>
    <cmt>3:30&amp;H</cmt>
  </wpt>
  <wpt lat="40.770297" lon="-119.200818">
    <name>3:45&amp;H</name>
    <cmt>3:45&amp;H</cmt>
  </wpt>
  <wpt lat="40.769708" lon="-119.203101">
    <name>4:00&amp;H</name>
    <cmt>4:00&amp;H</cmt>
  </wpt>
  <wpt lat="40.769350" lon="-119.205465">
    <name>4:15&amp;H</name>
    <cmt>4:15&amp;H</cmt>
  </wpt>
  <wpt lat="40.769230" lon="-119.207871">
    <name>4:30&amp;H</name>
    <cmt>4:30&amp;H</cmt>
  </wpt>
  <wpt lat="40.769350" lon="-119.210277">
    <name>4:45&amp;H</name>
    <cmt>4:45&amp;H</cmt>
  </wpt>
  <wpt lat="40.769708" lon="-119.212641">
    <name>5:00&amp;H</name>
    <cmt>5:00&amp;H</cmt>
  </wpt>
  <wpt lat="40.770297" lon="-119.214924">
    <name>5:15&amp;H</name>
    <cmt>5:15&amp;H</cmt>
  </wpt>
  <wpt lat="40.771107" lon="-119.217086">
    <name>5:30&amp;H</name>
    <cmt>5:30&amp;H</cmt>
  </wpt>
  <wpt lat="40.772125" lon="-119.219091">
    <name>5:45&amp;H</name>
    <cmt>5:45&amp;H</cmt>
  </wpt>
  <wpt lat="40.773333" lon="-119.220904">
    <name>6:00&amp;H</name>
    <cmt>6:00&amp;H</cmt>
  </wpt>
  <wpt lat="40.774711" lon="-119.222494">
    <name>6:15&amp;H</name>
    <cmt>6:15&amp;H</cmt>
  </wpt>
  <wpt lat="40.776235" lon="-119.223833">
    <name>6:30&amp;H</name>
    <cmt>6:30&amp;H</cmt>
  </wpt>
  <wpt lat="40.777879" lon="-119.224900">
    <name>6:45&amp;H</name>
    <cmt>6:45&amp;H</cmt>
  </wpt>
  <wpt lat="40.779614" lon="-119.225676">
    <name>7:00&amp;H</name>
    <cmt>7:00&amp;H</cmt>
  </wpt>
  <wpt lat="40.781412" lon="-119.226147">
    <name>7:15&amp;H</name>
    <cmt>7:15&amp;H</cmt>
  </wpt>
  <wpt lat="40.783241" lon="-119.226305">
    <name>7:30&amp;H</name>
    <cmt>7:30&amp;H</cmt>
  </wpt>
  <wpt lat="40.785069" lon="-119.226148">
    <name>7:45&amp;H</name>
    <cmt>7:45&amp;H</cmt>
  </wpt>
  <wpt lat="40.786867" lon="-119.225678">
    <name>8:00&amp;H</name>
    <cmt>8:00&amp;H</cmt>
  </wpt>
  <wpt lat="40.788603" lon="-119.224903">
    <name>8:15&amp;H</name>
    <cmt>8:15&amp;H</cmt>
  </wpt>
  <wpt lat="40.790247" lon="-119.223837">
    <name>8:30&amp;H</name>
    <cmt>8:30&amp;H</cmt>
  </wpt>
  <wpt lat="40.791771" lon="-119.222497">
    <name>8:45&amp;H</name>
    <cmt>8:45&amp;H</cmt>
  </wpt>
  <wpt lat="40.793149" lon="-119.220908">
    <name>9:00&amp;H</name>
    <cmt>9:00&amp;H</cmt>
  </wpt>
  <wpt lat="40.794358" lon="-119.219095">
    <name>9:15&amp;H</name>
    <cmt>9:15&amp;H</cmt>
  </wpt>
  <wpt lat="40.795376" lon="-119.217090">
    <name>9:30&amp;H</name>
    <cmt>9:30&amp;H</cmt>
  </wpt>
  <wpt lat="40.796187" lon="-119.214927">
    <name>9:45&amp;H</name>
    <cmt>9:45&amp;H</cmt>
  </wpt>
  <wpt lat="40.796776" lon="-119.212643">
    <name>10:00&amp;H</name>
    <cmt>10:00&amp;H</cmt>
  </wpt>
  <wpt lat="40.779415" lon="-119.189090">
    <name>2:00&amp;I</name>
    <cmt>2:00&amp;I</cmt>
  </wpt>
  <wpt lat="40.777584" lon="-119.189908">
    <name>2:15&amp;I</name>
    <cmt>2:15&amp;I</cmt>
  </wpt>
  <wpt lat="40.775851" lon="-119.191033">
    <name>2:30&amp;I</name>
    <cmt>2:30&amp;I</cmt>
  </wpt>
  <wpt lat="40.774243" lon="-119.192446">
    <name>2:45&amp;I</name>
    <cmt>2:45&amp;I</cmt>
  </wpt>
  <wpt lat="40.772790" lon="-119.194124">
    <name>3:00&amp;I</name>
    <cmt>3:00&amp;I</cmt>
  </wpt>
  <wpt lat="40.771515" lon="-119.196036">
    <name>3:15&amp;I</name>
    <cmt>3:15&amp;I</cmt>
  </wpt>
  <wpt lat="40.770441" lon="-119.198150">
    <name>3:30&amp;I</name>
    <cmt>3:30&amp;I</cmt>
  </wpt>
  <wpt lat="40.769587" lon="-119.200431">
    <name>3:45&amp;I</name>
    <cmt>3:45&amp;I</cmt>
  </wpt>
  <wpt lat="40.768965" lon="-119.202839">
    <name>4:00&amp;I</name>
    <cmt>4:00&amp;I</cmt>
  </wpt>
  <wpt lat="40.768588" lon="-119.205333">
    <name>4:15&amp;I</name>
    <cmt>4:15&amp;I</cmt>
  </wpt>
  <wpt lat="40.768462" lon="-119.207871">
    <name>4:30&amp;I</name>
    <cmt>4:30&amp;I</cmt>
  </wpt>
  <wpt lat="40.768588" lon="-119.210409">
    <name>4:45&amp;I</name>
    <cmt>4:45&amp;I</cmt>
  </wpt>
  <wpt lat="40.768965" lon="-119.212903">
    <name>5:00&amp;I</name>
    <cmt>5:00&amp;I</cmt>
  </wpt>
  <wpt lat="40.769587" lon="-119.215311">
    <name>5:15&amp;I</name>
    <cmt>5:15&amp;I</cmt>
  </wpt>
  <wpt lat="40.770441" lon="-119.217592">
    <name>5:30&amp;I</name>
    <cmt>5:30&amp;I</cmt>
  </wpt>
  <wpt lat="40.771515" lon="-119.219706">
    <name>5:45&amp;I</name>
    <cmt>5:45&amp;I</cmt>
  </wpt>
  <wpt lat="40.772790" lon="-119.221618">
    <name>6:00&amp;I</name>
    <cmt>6:00&amp;I</cmt>
  </wpt>
  <wpt lat="40.774243" lon="-119.223296">
    <name>6:15&amp;I</name>
    <cmt>6:15&amp;I</cmt>
  </wpt>
  <wpt lat="40.775851" lon="-119.224709">
    <name>6:30&amp;I</name>
    <cmt>6:30&amp;I</cmt>
  </wpt>
  <wpt lat="40.777584" lon="-119.225834">
    <name>6:45&amp;I</name>
    <cmt>6:45&amp;I</cmt>
  </wpt>
  <wpt lat="40.779415" lon="-119.226652">
    <name>7:00&amp;I</name>
    <cmt>7:00&amp;I</cmt>
  </wpt>
  <wpt lat="40.781311" lon="-119.227149">
    <name>7:15&amp;I</name>
    <cmt>7:15&amp;I</cmt>
  </wpt>
  <wpt lat="40.783240" lon="-119.227316">
    <name>7:30&amp;I</name>
    <cmt>7:30&amp;I</cmt>
  </wpt>
  <wpt lat="40.785170" lon="-119.227150">
    <name>7:45&amp;I</name>
    <cmt>7:45&amp;I</cmt>
  </wpt>
  <wpt lat="40.787066" lon="-119.226654">
    <name>8:00&amp;I</name>
    <cmt>8:00&amp;I</cmt>
  </wpt>
  <wpt lat="40.788897" lon="-119.225837">
    <name>8:15&amp;I</name>
    <cmt>8:15&amp;I</cmt>
  </wpt>
  <wpt lat="40.790631" lon="-119.224713">
    <name>8:30&amp;I</name>
    <cmt>8:30&amp;I</cmt>
  </wpt>
  <wpt lat="40.792239" lon="-119.223300">
    <name>8:45&amp;I</name>
    <cmt>8:45&amp;I</cmt>
  </wpt>
  <wpt lat="40.793692" lon="-119.221623">
    <name>9:00&amp;I</name>
    <cmt>9:00&amp;I</cmt>
  </wpt>
  <wpt lat="40.794967" lon="-119.219710">
    <name>9:15&amp;I</name>
    <cmt>9:15&amp;I</cmt>
  </wpt>
  <wpt lat="40.796042" lon="-119.217595">
    <name>9:30&amp;I</name>
    <cmt>9:30&amp;I</cmt>
  </wpt>
  <wpt lat="40.796897" lon="-119.215314">
    <name>9:45&amp;I</name>
    <cmt>9:45&amp;I</cmt>
  </wpt>
  <wpt lat="40.797519" lon="-119.212905">
    <name>10:00&amp;I</name>
    <cmt>10:00&amp;I</cmt>
  </wpt>
  <wpt lat="40.779287" lon="-119.188462">
    <name>2:00&amp;J</name>
    <cmt>2:00&amp;J</cmt>
  </wpt>
  <wpt lat="40.777395" lon="-119.189307">
    <name>2:15&amp;J</name>
    <cmt>2:15&amp;J</cmt>
  </wpt>
  <wpt lat="40.775604" lon="-119.190470">
    <name>2:30&amp;J</name>
    <cmt>2:30&amp;J</cmt>
  </wpt>
  <wpt lat="40.773942" lon="-119.191931">
    <name>2:45&amp;J</name>
    <cmt>2:45&amp;J</cmt>
  </wpt>
  <wpt lat="40.772441" lon="-119.193664">
    <name>3:00&amp;J</name>
    <cmt>3:00&amp;J</cmt>
  </wpt>
  <wpt lat="40.771123" lon="-119.195640">
    <name>3:15&amp;J</name>
    <cmt>3:15&amp;J</cmt>
  </wpt>
  <wpt lat="40.770014" lon="-119.197826">
    <name>3:30&amp;J</name>
    <cmt>3:30&amp;J</cmt>
  </wpt>
  <wpt lat="40.769130" lon="-119.200183">
    <name>3:45&amp;J</name>
    <cmt>3:45&amp;J</cmt>
  </wpt>
  <wpt lat="40.768488" lon="-119.202671">
    <name>4:00&amp;J</name>
    <cmt>4:00&amp;J</cmt>
  </wpt>
  <wpt lat="40.768098" lon="-119.205249">
    <name>4:15&amp;J</name>
    <cmt>4:15&amp;J</cmt>
  </wpt>
  <wpt lat="40.767968" lon="-119.207871">
    <name>4:30&amp;J</name>
    <cmt>4:30&amp;J</cmt>
  </wpt>
  <wpt lat="40.768098" lon="-119.210493">
    <name>4:45&amp;J</name>
    <cmt>4:45&amp;J</cmt>
  </wpt>
  <wpt lat="40.768488" lon="-119.213071">
    <name>5:00&amp;J</name>
    <cmt>5:00&amp;J</cmt>
  </wpt>
  <wpt lat="40.769130" lon="-119.215559">
    <name>5:15&amp;J</name>
    <cmt>5:15&amp;J</cmt>
  </wpt>
  <wpt lat="40.770014" lon="-119.217916">
    <name>5:30&amp;J</name>
    <cmt>5:30&amp;J</cmt>
  </wpt>
  <wpt lat="40.771123" lon="-119.220102">
    <name>5:45&amp;J</name>
    <cmt>5:45&amp;J</cmt>
  </wpt>
  <wpt lat="40.772441" lon="-119.222078">
    <name>6:00&amp;J</name>
    <cmt>6:00&amp;J</cmt>
  </wpt>
  <wpt lat="40.773942" lon="-119.223811">
    <name>6:15&amp;J</name>
    <cmt>6:15&amp;J</cmt>
  </wpt>
  <wpt lat="40.775604" lon="-119.225272">
    <name>6:30&amp;J</name>
    <cmt>6:30&amp;J</cmt>
  </wpt>
  <wpt lat="40.777395" lon="-119.226435">
    <name>6:45&amp;J</name>
    <cmt>6:45&amp;J</cmt>
  </wpt>
  <wpt lat="40.779287" lon="-119.227280">
    <name>7:00&amp;J</name>
    <cmt>7:00&amp;J</cmt>
  </wpt>
  <wpt lat="40.781247" lon="-119.227793">
    <name>7:15&amp;J</name>
    <cmt>7:15&amp;J</cmt>
  </wpt>
  <wpt lat="40.783240" lon="-119.227966">
    <name>7:30&amp;J</name>
    <cmt>7:30&amp;J</cmt>
  </wpt>
  <wpt lat="40.785234" lon="-119.227795">
    <name>7:45&amp;J</name>
    <cmt>7:45&amp;J</cmt>
  </wpt>
  <wpt lat="40.787194" lon="-119.227282">
    <name>8:00&amp;J</name>
    <cmt>8:00&amp;J</cmt>
  </wpt>
  <wpt lat="40.789086" lon="-119.226438">
    <name>8:15&amp;J</name>
    <cmt>8:15&amp;J</cmt>
  </wpt>
  <wpt lat="40.790878" lon="-119.225276">
    <name>8:30&amp;J</name>
    <cmt>8:30&amp;J</cmt>
  </wpt>
  <wpt lat="40.792539" lon="-119.223816">
    <name>8:45&amp;J</name>
    <cmt>8:45&amp;J</cmt>
  </wpt>
  <wpt lat="40.794042" lon="-119.222083">
    <name>9:00&amp;J</name>
    <cmt>9:00&amp;J</cmt>
  </wpt>
  <wpt lat="40.795359" lon="-119.220106">
    <name>9:15&amp;J</name>
    <cmt>9:15&amp;J</cmt>
  </wpt>
  <wpt lat="40.796470" lon="-119.217920">
    <name>9:30&amp;J</name>
    <cmt>9:30&amp;J</cmt>
  </wpt>
  <wpt lat="40.797353" lon="-119.215563">
    <name>9:45&amp;J</name>
    <cmt>9:45&amp;J</cmt>
  </wpt>
  <wpt lat="40.797996" lon="-119.213073">
    <name>10:00&amp;J</name>
    <cmt>10:00&amp;J</cmt>
  </wpt>
  <wpt lat="40.779152" lon="-119.187799">
    <name>2:00&amp;K</name>
    <cmt>2:00&amp;K</cmt>
  </wpt>
  <wpt lat="40.777196" lon="-119.188674">
    <name>2:15&amp;K</name>
    <cmt>2:15&amp;K</cmt>
  </wpt>
  <wpt lat="40.775343" lon="-119.189876">
    <name>2:30&amp;K</name>
    <cmt>2:30&amp;K</cmt>
  </wpt>
  <wpt lat="40.773625" lon="-119.191387">
    <name>2:45&amp;K</name>
    <cmt>2:45&amp;K</cmt>
  </wpt>
  <wpt lat="40.772072" lon="-119.193179">
    <name>3:00&amp;K</name>
    <cmt>3:00&amp;K</cmt>
  </wpt>
  <wpt lat="40.770710" lon="-119.195223">
    <name>3:15&amp;K</name>
    <cmt>3:15&amp;K</cmt>
  </wpt>
  <wpt lat="40.769562" lon="-119.197483">
    <name>3:30&amp;K</name>
    <cmt>3:30&amp;K</cmt>
  </wpt>
  <wpt lat="40.768648" lon="-119.199920">
    <name>3:45&amp;K</name>
    <cmt>3:45&amp;K</cmt>
  </wpt>
  <wpt lat="40.767984" lon="-119.202494">
    <name>4:00&amp;K</name>
    <cmt>4:00&amp;K</cmt>
  </wpt>
  <wpt lat="40.767581" lon="-119.205159">
    <name>4:15&amp;K</name>
    <cmt>4:15&amp;K</cmt>
  </wpt>
  <wpt lat="40.767446" lon="-119.207871">
    <name>4:30&amp;K</name>
    <cmt>4:30&amp;K</cmt>
  </wpt>
  <wpt lat="40.767581" lon="-119.210583">
    <name>4:45&amp;K</name>
    <cmt>4:45&amp;K</cmt>
  </wpt>
  <wpt lat="40.767984" lon="-119.213248">
    <name>5:00&amp;K</name>
    <cmt>5:00&amp;K</cmt>
  </wpt>
  <wpt lat="40.768648" lon="-119.215822">
    <name>5:15&amp;K</name>
    <cmt>5:15&amp;K</cmt>
  </wpt>
  <wpt lat="40.769562" lon="-119.218259">
    <name>5:30&amp;K</name>
    <cmt>5:30&amp;K</cmt>
  </wpt>
  <wpt lat="40.770710" lon="-119.220519">
    <name>5:45&amp;K</name>
    <cmt>5:45&amp;K</cmt>
  </wpt>
  <wpt lat="40.772072" lon="-119.222563">
    <name>6:00&amp;K</name>
    <cmt>6:00&amp;K</cmt>
  </wpt>
  <wpt lat="40.773625" lon="-119.224355">
    <name>6:15&amp;K</name>
    <cmt>6:15&amp;K</cmt>
  </wpt>
  <wpt lat="40.775343" lon="-119.225866">
    <name>6:30&amp;K</name>
    <cmt>6:30&amp;K</cmt>
  </wpt>
  <wpt lat="40.777196" lon="-119.227068">
    <name>6:45&amp;K</name>
    <cmt>6:45&amp;K</cmt>
  </wpt>
  <wpt lat="40.779152" lon="-119.227943">
    <name>7:00&amp;K</name>
    <cmt>7:00&amp;K</cmt>
  </wpt>
  <wpt lat="40.781178" lon="-119.228474">
    <name>7:15&amp;K</name>
    <cmt>7:15&amp;K</cmt>
  </wpt>
  <wpt lat="40.783240" lon="-119.228652">
    <name>7:30&amp;K</name>
    <cmt>7:30&amp;K</cmt>
  </wpt>
  <wpt lat="40.785302" lon="-119.228475">
    <name>7:45&amp;K</name>
    <cmt>7:45&amp;K</cmt>
  </wpt>
  <wpt lat="40.787329" lon="-119.227945">
    <name>8:00&amp;K</name>
    <cmt>8:00&amp;K</cmt>
  </wpt>
  <wpt lat="40.789285" lon="-119.227072">
    <name>8:15&amp;K</name>
    <cmt>8:15&amp;K</cmt>
  </wpt>
  <wpt lat="40.791139" lon="-119.225870">
    <name>8:30&amp;K</name>
    <cmt>8:30&amp;K</cmt>
  </wpt>
  <wpt lat="40.792857" lon="-119.224360">
    <name>8:45&amp;K</name>
    <cmt>8:45&amp;K</cmt>
  </wpt>
  <wpt lat="40.794410" lon="-119.222568">
    <name>9:00&amp;K</name>
    <cmt>9:00&amp;K</cmt>
  </wpt>
  <wpt lat="40.795773" lon="-119.220524">
    <name>9:15&amp;K</name>
    <cmt>9:15&amp;K</cmt>
  </wpt>
  <wpt lat="40.796921" lon="-119.218264">
    <name>9:30&amp;K</name>
    <cmt>9:30&amp;K</cmt>
  </wpt>
  <wpt lat="40.797835" lon="-119.215825">
    <name>9:45&amp;K</name>
    <cmt>9:45&amp;K</cmt>
  </wpt>
  <wpt lat="40.798499" lon="-119.213251">
    <name>10:00&amp;K</name>
    <cmt>10:00&amp;K</cmt>
  </wpt>
  <wpt lat="40.777906" lon="-119.214890">
    <name>12:00&amp;CenterCamp</name>
    <cmt>12:00&amp;CenterCamp</cmt>
  </wpt>
  <wpt lat="40.776936" lon="-119.214890">
    <name>3:00&amp;CenterCamp</name>
    <cmt>3:00&amp;CenterCamp</cmt>
  </wpt>
  <wpt lat="40.776936" lon="-119.216166">
    <name>6:00&amp;CenterCamp</name>
    <cmt>6:00&amp;CenterCamp</cmt>
  </wpt>
  <wpt lat="40.777906" lon="-119.216166">
    <name>9:00&amp;CenterCamp</name>
    <cmt>9:00&amp;CenterCamp</cmt>
  </wpt>
  <trk>
    <name>Walk-in Camping</name>
    <trkseg>
      <trkpt lat="40.779120" lon="-119.187642">
        <name>man/2:00/5805</name>
      </trkpt>
      <trkpt lat="40.778453" lon="-119.187898">
        <name>man/2:05/5805</name>
      </trkpt>
      <trkpt lat="40.777796" lon="-119.188192">
        <name>man/2:10/5805</name>
      </trkpt>
      <trkpt lat="40.777148" lon="-119.188524">
        <name>man/2:15/5805</name>
      </trkpt>
      <trkpt lat="40.776513" lon="-119.188892">
        <name>man/2:20/5805</name>
      </trkpt>
      <trkpt lat="40.775890" lon="-119.189296">
        <name>man/2:25/5805</name>
      </trkpt>
      <trkpt lat="40.775281" lon="-119.189736">
        <name>man/2:30/5805</name>
      </trkpt>
      <trkpt lat="40.774687" lon="-119.190210">
        <name>man/2:35/5805</name>
      </trkpt>
      <trkpt lat="40.774110" lon="-119.190717">
        <name>man/2:40/5805</name>
      </trkpt>
      <trkpt lat="40.773550" lon="-119.191258">
        <name>man/2:45/5805</name>
      </trkpt>
      <trkpt lat="40.773008" lon="-119.191830">
        <name>man/2:50/5805</name>
      </trkpt>
      <trkpt lat="40.772486" lon="-119.192432">
        <name>man/2:55/5805</name>
      </trkpt>
      <trkpt lat="40.771984" lon="-119.193064">
        <name>man/3:00/5805</name>
      </trkpt>
      <trkpt lat="40.771504" lon="-119.193724">
        <name>man/3:05/5805</name>
      </trkpt>
      <trkpt lat="40.771046" lon="-119.194411">
        <name>man/3:10/5805</name>
      </trkpt>
      <trkpt lat="40.770612" lon="-119.195124">
        <name>man/3:15/5805</name>
      </trkpt>
      <trkpt lat="40.770201" lon="-119.195861">
        <name>man/3:20/5805</name>
      </trkpt>
      <trkpt lat="40.769815" lon="-119.196620">
        <name>man/3:25/5805</name>
      </trkpt>
      <trkpt lat="40.769455" lon="-119.197401">
        <name>man/3:30/5805</name>
      </trkpt>
      <trkpt lat="40.769121" lon="-119.198202">
        <name>man/3:35/5805</name>
      </trkpt>
      <trkpt lat="40.768814" lon="-119.199022">
        <name>man/3:40/5805</name>
      </trkpt>
      <trkpt lat="40.768534" lon="-119.199858">
        <name>man/3:45/5805</name>
      </trkpt>
      <trkpt lat="40.768282" lon="-119.200710">
        <name>man/3:50/5805</name>
      </trkpt>
      <trkpt lat="40.768059" lon="-119.201575">
        <name>man/3:55/5805</name>
      </trkpt>
      <trkpt lat="40.767865" lon="-119.202452">
        <name>man/4:00/5805</name>
      </trkpt>
      <trkpt lat="40.767700" lon="-119.203339">
        <name>man/4:05/5805</name>
      </trkpt>
      <trkpt lat="40.767564" lon="-119.204235">
        <name>man/4:10/5805</name>
      </trkpt>
      <trkpt lat="40.767459" lon="-119.205138">
        <name>man/4:15/5805</name>
      </trkpt>
      <trkpt lat="40.767383" lon="-119.206046">
        <name>man/4:20/5805</name>
      </trkpt>
      <trkpt lat="40.767338" lon="-119.206958">
        <name>man/4:25/5805</name>
      </trkpt>
      <trkpt lat="40.767323" lon="-119.207871">
        <name>man/4:30/5805</name>
      </trkpt>
      <trkpt lat="40.767338" lon="-119.208784">
        <name>man/4:35/5805</name>
      </trkpt>
      <trkpt lat="40.767383" lon="-119.209696">
        <name>man/4:40/5805</name>
      </trkpt>
      <trkpt lat="40.767459" lon="-119.210604">
        <name>man/4:45/5805</name>
      </trkpt>
      <trkpt lat="40.767564" lon="-119.211507">
        <name>man/4:50/5805</name>
      </trkpt>
      <trkpt lat="40.767700" lon="-119.212403">
        <name>man/4:55/5805</name>
      </trkpt>
      <trkpt lat="40.767820" lon="-119.213051">
        <name>man/4:58/5805</name>
      </trkpt>
      <trkpt lat="40.761511" lon="-119.212441" />
      <trkpt lat="40.761512" lon="-119.212356" />
      <trkpt lat="40.761506" lon="-119.212272" />
      <trkpt lat="40.761492" lon="-119.212190" />
      <trkpt lat="40.761471" lon="-119.212110" />
      <trkpt lat="40.761442" lon="-119.212034" />
      <trkpt lat="40.761407" lon="-119.211962" />
      <trkpt lat="40.761366" lon="-119.211897" />
      <trkpt lat="40.761320" lon="-119.211838" />
      <trkpt lat="40.761269" lon="-119.211787" />
      <trkpt lat="40.761213" lon="-119.211745" />
      <trkpt lat="40.772975" lon="-119.181374">
        <name>man/2:24/8237</name>
      </trkpt>
      <trkpt lat="40.778053" lon="-119.182411" />
      <trkpt lat="40.779120" lon="-119.187642">
        <name>man/2:00/5805</name>
      </trkpt>
    </trkseg>
  </trk>
</gpx>
