<?xml version="1.0" encoding="UTF-8" standalone="yes"?>
<kml:kml xmlns:gx="http://www.google.com/kml/ext/2.2" xmlns:xal="urn:oasis:names:tc:ciq:xsdschema:xAL:2.0" xmlns:kml="http://www.opengis.net/kml/2.2" xmlns:atom="http://www.w3.org/2005/Atom">
    <kml:Document>
        <kml:name>Black Rock City 2026</kml:name>
        <atom:author>
            <atom:nameOrUriOrEmail>Willivolt</atom:nameOrUriOrEmail>
        </atom:author>
        <kml:description>Tentative layout of Black Rock City 2026. Map by Willivolt.</kml:description>
        <kml:Style id="fenceStyle">
            <kml:LineStyle>
                <kml:color>7f00a5ff</kml:color>
                <kml:width>4.0</kml:width>
            </kml:LineStyle>
        </kml:Style>
        <kml:Style id="roadStyle">
            <kml:LineStyle>
                <kml:color>7fff0000</kml:color>
                <kml:width>4.0</kml:width>
            </kml:LineStyle>
        </kml:Style>
        <kml:Style id="toiletStyle">
            <kml:IconStyle>
                <kml:scale>0.6</kml:scale>
                <kml:heading>0.0</kml:heading>
                <kml:Icon>
                    <kml:href>toilets.png</kml:href>
                </kml:Icon>
            </kml:IconStyle>
            <kml:LabelStyle>
                <kml:color>00000000</kml:color>
                <kml:scale>0.0</kml:scale>
            </kml:LabelStyle>
        </kml:Style>
        <kml:StyleMap id="manStyle">
            <kml:Pair>
                <kml:key>normal</kml:key>
                <kml:styleUrl>manNormalStyle</kml:styleUrl>
            </kml:Pair>
            <kml:Pair>
                <kml:key>highlight</kml:key>
                <kml:styleUrl>manHighlightStyle</kml:styleUrl>
            </kml:Pair>
        </kml:StyleMap>
        <kml:Style id="manNormalStyle">
            <kml:IconStyle>
                <kml:scale>1.0</kml:scale>
                <kml:heading>0.0</kml:heading>
                <kml:Icon>
                    <kml:href>theman.png</kml:href>
                </kml:Icon>
            </kml:IconStyle>
            <kml:LabelStyle>
                <kml:color>ffffffff</kml:color>
                <kml:scale>0.0</kml:scale>
            </kml:LabelStyle>
        </kml:Style>
        <kml:Style id="manHighlightStyle">
            <kml:IconStyle>
                <kml:scale>1.1</kml:scale>
                <kml:heading>0.0</kml:heading>
                <kml:Icon>
                    <kml:href>theman.png</kml:href>
                </kml:Icon>
            </kml:IconStyle>
            <kml:LabelStyle>
                <kml:color>ffffffff</kml:color>
                <kml:scale>1.0</kml:scale>
            </kml:LabelStyle>
        </kml:Style>
        <kml:StyleMap id="cityStyle">
            <kml:Pair>
                <kml:key>normal</kml:key>
                <kml:styleUrl>cityNormalStyle</kml:styleUrl>
            </kml:Pair>
            <kml:Pair>
                <kml:key>highlight</kml:key>
                <kml:styleUrl>cityHighlightStyle</kml:styleUrl>
            </kml:Pair>
        </kml:StyleMap>
        <kml:Style id="cityNormalStyle">
            <kml:IconStyle>
                <kml:scale>1.0</kml:scale>
                <kml:heading>0.0</kml:heading>
                <kml:Icon>
                    <kml:href>placemark_circle.png</kml:href>
                </kml:Icon>
            </kml:IconStyle>
            <kml:LabelStyle>
                <kml:color>ffffffff</kml:color>
                <kml:scale>0.0</kml:scale>
            </kml:LabelStyle>
        </kml:Style>
        <kml:Style id="cityHighlightStyle">
            <kml:IconStyle>
                <kml:scale>1.1</kml:scale>
                <kml:heading>0.0</kml:heading>
                <kml:Icon>
                    <kml:href>placemark_circle.png</kml:href>
                </kml:Icon>
            </kml:IconStyle>
            <kml:LabelStyle>
                <kml:color>ffffffff</kml:color>
                <kml:scale>1.0</kml:scale>
            </kml:LabelStyle>
        </kml:Style>
        <kml:StyleMap id="cafeStyle">
            <kml:Pair>
                <kml:key>normal</kml:key>
                <kml:styleUrl>cafeNormalStyle</kml:styleUrl>
            </kml:Pair>
            <kml:Pair>
                <kml:key>highlight</kml:key>
                <kml:styleUrl>cafeHighlightStyle</kml:styleUrl>
            </kml:Pair>
        </kml:StyleMap>
        <kml:Style id="cafeNormalStyle">
            <kml:IconStyle>
                <kml:scale>1.0</kml:scale>
                <kml:heading>0.0</kml:heading>
                <kml:Icon>
                    <kml:href>cafe.png</kml:href>
                </kml:Icon>
            </kml:IconStyle>
            <kml:LabelStyle>
                <kml:color>ffffffff</kml:color>
                <kml:scale>0.0</kml:scale>
            </kml:LabelStyle>
        </kml:Style>
        <kml:Style id="cafeHighlightStyle">
            <kml:IconStyle>
                <kml:scale>1.1</kml:scale>
                <kml:heading>0.0</kml:heading>
                <kml:Icon>
                    <kml:href>cafe.png</kml:href>
                </kml:Icon>
            </kml:IconStyle>
            <kml:LabelStyle>
                <kml:color>ffffffff</kml:color>
                <kml:scale>1.0</kml:scale>
            </kml:LabelStyle>
        </kml:Style>
        <kml:StyleMap id="airportStyle">
            <kml:Pair>
                <kml:key>normal</kml:key>
                <kml:styleUrl>airportNormalStyle</kml:styleUrl>
            </kml:Pair>
            <kml:Pair>
                <kml:key>highlight</kml:key>
                <kml:styleUrl>airportHighlightStyle</kml:styleUrl>
            </kml:Pair>
        </kml:StyleMap>
        <kml:Style id="airportNormalStyle">
            <kml:IconStyle>
                <kml:scale>1.0</kml:scale>
                <kml:heading>0.0</kml:heading>
                <kml:Icon>
                    <kml:href>air.png</kml:href>
                </kml:Icon>
            </kml:IconStyle>
            <kml:LabelStyle>
                <kml:color>ffffffff</kml:color>
                <kml:scale>0.0</kml:scale>
            </kml:LabelStyle>
        </kml:Style>
        <kml:Style id="airportHighlightStyle">
            <kml:IconStyle>
                <kml:scale>1.1</kml:scale>
                <kml:heading>0.0</kml:heading>
                <kml:Icon>
                    <kml:href>air.png</kml:href>
                </kml:Icon>
            </kml:IconStyle>
            <kml:LabelStyle>
                <kml:color>ffffffff</kml:color>
                <kml:scale>1.0</kml:scale>
            </kml:LabelStyle>
        </kml:Style>
        <kml:StyleMap id="firstAidStyle">
            <kml:Pair>
                <kml:key>normal</kml:key>
                <kml:styleUrl>firstAidNormalStyle</kml:styleUrl>
            </kml:Pair>
            <kml:Pair>
                <kml:key>highlight</kml:key>
                <kml:styleUrl>firstAidHighlightStyle</kml:styleUrl>
            </kml:Pair>
        </kml:StyleMap>
        <kml:Style id="firstAidNormalStyle">
            <kml:IconStyle>
                <kml:scale>1.0</kml:scale>
                <kml:heading>0.0</kml:heading>
                <kml:Icon>
                    <kml:href>firstaid.png</kml:href>
                </kml:Icon>
            </kml:IconStyle>
            <kml:LabelStyle>
                <kml:color>ffffffff</kml:color>
                <kml:scale>0.0</kml:scale>
            </kml:LabelStyle>
        </kml:Style>
        <kml:Style id="firstAidHighlightStyle">
            <kml:IconStyle>
                <kml:scale>1.1</kml:scale>
                <kml:heading>0.0</kml:heading>
                <kml:Icon>
                    <kml:href>firstaid.png</kml:href>
                </kml:Icon>
            </kml:IconStyle>
            <kml:LabelStyle>
                <kml:color>ffffffff</kml:color>
                <kml:scale>1.0</kml:scale>
            </kml:LabelStyle>
        </kml:Style>
        <kml:StyleMap id="greeterStyle">
            <kml:Pair>
                <kml:key>normal</kml:key>
                <kml:styleUrl>greeterNormalStyle</kml:styleUrl>
            </kml:Pair>
            <kml:Pair>
                <kml:key>highlight</kml:key>
                <kml:styleUrl>greeterHighlightStyle</kml:styleUrl>
            </kml:Pair>
        </kml:StyleMap>
        <kml:Style id="greeterNormalStyle">
            <kml:IconStyle>
                <kml:scale>1.0</kml:scale>
                <kml:heading>0.0</kml:heading>
                <kml:Icon>
                    <kml:href>greeter.png</kml:href>
                </kml:Icon>
            </kml:IconStyle>
            <kml:LabelStyle>
                <kml:color>ffffffff</kml:color>
                <kml:scale>0.0</kml:scale>
            </kml:LabelStyle>
        </kml:Style>
        <kml:Style id="greeterHighlightStyle">
            <kml:IconStyle>
                <kml:scale>1.1</kml:scale>
                <kml:heading>0.0</kml:heading>
                <kml:Icon>
                    <kml:href>greeter.png</kml:href>
                </kml:Icon>
            </kml:IconStyle>
            <kml:LabelStyle>
                <kml:color>ffffffff</kml:color>
                <kml:scale>1.0</kml:scale>
            </kml:LabelStyle>
        </kml:Style>
        <kml:StyleMap id="serviceStyle">
            <kml:Pair>
                <kml:key>normal</kml:key>
                <kml:styleUrl>serviceNormalStyle</kml:styleUrl>
            </kml:Pair>
            <kml:Pair>
                <kml:key>highlight</kml:key>
                <kml:styleUrl>serviceHighlightStyle</kml:styleUrl>
            </kml:Pair>
        </kml:StyleMap>
        <kml:Style id="serviceNormalStyle">
            <kml:IconStyle>
                <kml:scale>1.0</kml:scale>
                <kml:heading>0.0</kml:heading>
                <kml:Icon>
                    <kml:href>service.png</kml:href>
                </kml:Icon>
            </kml:IconStyle>
            <kml:LabelStyle>
                <kml:color>ffffffff</kml:color>
                <kml:scale>0.0</kml:scale>
            </kml:LabelStyle>
        </kml:Style>
        <kml:Style id="serviceHighlightStyle">
            <kml:IconStyle>
                <kml:scale>1.1</kml:scale>
                <kml:heading>0.0</kml:heading>
                <kml:Icon>
                    <kml:href>service.png</kml:href>
                </kml:Icon>
            </kml:IconStyle>
            <kml:LabelStyle>
                <kml:color>ffffffff</kml:color>
                <kml:scale>1.0</kml:scale>
            </kml:LabelStyle>
        </kml:Style>
        <kml:StyleMap id="infoStyle">
            <kml:Pair>
                <kml:key>normal</kml:key>
                <kml:styleUrl>infoNormalStyle</kml:styleUrl>
            </kml:Pair>
            <kml:Pair>
                <kml:key>highlight</kml:key>
                <kml:styleUrl>infoHighlightStyle</kml:styleUrl>
            </kml:Pair>
        </kml:StyleMap>
        <kml:Style id="infoNormalStyle">
            <kml:IconStyle>
                <kml:scale>1.0</kml:scale>
                <kml:heading>0.0</kml:heading>
                <kml:Icon>
                    <kml:href>info.png</kml:href>
                </kml:Icon>
            </kml:IconStyle>
            <kml:LabelStyle>
                <kml:color>ffffffff</kml:color>
                <kml:scale>0.0</kml:scale>
            </kml:LabelStyle>
        </kml:Style>
        <kml:Style id="infoHighlightStyle">
            <kml:IconStyle>
                <kml:scale>1.1</kml:scale>
                <kml:heading>0.0</kml:heading>
                <kml:Icon>
                    <kml:href>info.png</kml:href>
                </kml:Icon>
            </kml:IconStyle>
            <kml:LabelStyle>
                <kml:color>ffffffff</kml:color>
                <kml:scale>1.0</kml:scale>
            </kml:LabelStyle>
        </kml:Style>
        <kml:StyleMap id="hellStyle">
            <kml:Pair>
                <kml:key>normal</kml:key>
                <kml:styleUrl>hellNormalStyle</kml:styleUrl>
            </kml:Pair>
            <kml:Pair>
                <kml:key>highlight</kml:key>
                <kml:styleUrl>hellHighlightStyle</kml:styleUrl>
            </kml:Pair>
        </kml:StyleMap>
        <kml:Style id="hellNormalStyle">
            <kml:IconStyle>
                <kml:scale>1.0</kml:scale>
                <kml:heading>0.0</kml:heading>
                <kml:Icon>
                    <kml:href>gas.png</kml:href>
                </kml:Icon>
            </kml:IconStyle>
            <kml:LabelStyle>
                <kml:color>ffffffff</kml:color>
                <kml:scale>0.0</kml:scale>
            </kml:LabelStyle>
        </kml:Style>
        <kml:Style id="hellHighlightStyle">
            <kml:IconStyle>
                <kml:scale>1.1</kml:scale>
                <kml:heading>0.0</kml:heading>
                <kml:Icon>
                    <kml:href>gas.png</kml:href>
                </kml:Icon>
            </kml:IconStyle>
            <kml:LabelStyle>
                <kml:color>ffffffff</kml:color>
                <kml:scale>1.0</kml:scale>
            </kml:LabelStyle>
        </kml:Style>
        <kml:StyleMap id="rangerStyle">
            <kml:Pair>
                <kml:key>normal</kml:key>
                <kml:styleUrl>rangerNormalStyle</kml:styleUrl>
            </kml:Pair>
            <kml:Pair>
                <kml:key>highlight</kml:key>
                <kml:styleUrl>rangerHighlightStyle</kml:styleUrl>
            </kml:Pair>
        </kml:StyleMap>
        <kml:Style id="rangerNormalStyle">
            <kml:IconStyle>
                <kml:scale>1.0</kml:scale>
                <kml:heading>0.0</kml:heading>
                <kml:Icon>
                    <kml:href>ranger_station.png</kml:href>
                </kml:Icon>
            </kml:IconStyle>
            <kml:LabelStyle>
                <kml:color>ffffffff</kml:color>
                <kml:scale>0.0</kml:scale>
            </kml:LabelStyle>
        </kml:Style>
        <kml:Style id="rangerHighlightStyle">
            <kml:IconStyle>
                <kml:scale>1.1</kml:scale>
                <kml:heading>0.0</kml:heading>
                <kml:Icon>
                    <kml:href>ranger_station.png</kml:href>
                </kml:Icon>
            </kml:IconStyle>
            <kml:LabelStyle>
                <kml:color>ffffffff</kml:color>
                <kml:scale>1.0</kml:scale>
            </kml:LabelStyle>
        </kml:Style>
        <kml:StyleMap id="templeStyle">
            <kml:Pair>
                <kml:key>normal</kml:key>
                <kml:styleUrl>templeNormalStyle</kml:styleUrl>
            </kml:Pair>
            <kml:Pair>
                <kml:key>highlight</kml:key>
                <kml:styleUrl>templeHighlightStyle</kml:styleUrl>
            </kml:Pair>
        </kml:StyleMap>
        <kml:Style id="templeNormalStyle">
            <kml:IconStyle>
                <kml:scale>1.0</kml:scale>
                <kml:heading>0.0</kml:heading>
                <kml:Icon>
                    <kml:href>star.png</kml:href>
                </kml:Icon>
            </kml:IconStyle>
            <kml:LabelStyle>
                <kml:color>ffffffff</kml:color>
                <kml:scale>0.0</kml:scale>
            </kml:LabelStyle>
        </kml:Style>
        <kml:Style id="templeHighlightStyle">
            <kml:IconStyle>
                <kml:scale>1.1</kml:scale>
                <kml:heading>0.0</kml:heading>
                <kml:Icon>
                    <kml:href>star.png</kml:href>
                </kml:Icon>
            </kml:IconStyle>
            <kml:LabelStyle>
                <kml:color>ffffffff</kml:color>
                <kml:scale>1.0</kml:scale>
            </kml:LabelStyle>
        </kml:Style>
        <kml:StyleMap id="poiStyle">
            <kml:Pair>
                <kml:key>normal</kml:key>
                <kml:styleUrl>poiNormalStyle</kml:styleUrl>
            </kml:Pair>
            <kml:Pair>
                <kml:key>highlight</kml:key>
                <kml:styleUrl>poiHighlightStyle</kml:styleUrl>
            </kml:Pair>
        </kml:StyleMap>
        <kml:Style id="poiNormalStyle">
            <kml:IconStyle>
                <kml:scale>1.0</kml:scale>
                <kml:heading>0.0</kml:heading>
                <kml:Icon>
                    <kml:href>placemark_circle.png</kml:href>
                </kml:Icon>
            </kml:IconStyle>
            <kml:LabelStyle>
                <kml:color>ffffffff</kml:color>
                <kml:scale>0.0</kml:scale>
            </kml:LabelStyle>
        </kml:Style>
        <kml:Style id="poiHighlightStyle">
            <kml:IconStyle>
                <kml:scale>1.1</kml:scale>
                <kml:heading>0.0</kml:heading>
                <kml:Icon>
                    <kml:href>placemark_circle.png</kml:href>
                </kml:Icon>
            </kml:IconStyle>
            <kml:LabelStyle>
                <kml:color>ffffffff</kml:color>
                <kml:scale>1.0</kml:scale>
            </kml:LabelStyle>
        </kml:Style>
        <kml:Style id="plazaStyle">
            <kml:LineStyle>
                <kml:color>7f003300</kml:color>
                <kml:width>1.0</kml:width>
            </kml:LineStyle>
            <kml:PolyStyle>
                <kml:color>7f00ff00</kml:color>
            </kml:PolyStyle>
        </kml:Style>
        <kml:Style id="plazaStyle">
            <kml:LineStyle>
                <kml:color>7f003300</kml:color>
                <kml:width>1.0</kml:width>
            </kml:LineStyle>
            <kml:PolyStyle>
                <kml:color>7f00ff00</kml:color>
            </kml:PolyStyle>
        </kml:Style>
        <kml:Style id="boarderStyle">
            <kml:LineStyle>
                <kml:color>7f0066ff</kml:color>
                <kml:width>2.0</kml:width>
            </kml:LineStyle>
        </kml:Style>
        <kml:Style id="gateRoadStyle">
            <kml:LineStyle>
                <kml:color>ff00aaff</kml:color>
                <kml:width>3.0</kml:width>
            </kml:LineStyle>
        </kml:Style>
        <kml:Style id="intersectionStyle">
            <kml:IconStyle>
                <kml:scale>0.5</kml:scale>
                <kml:heading>0.0</kml:heading>
                <kml:Icon>
                    <kml:href>placemark_circle.png</kml:href>
                </kml:Icon>
            </kml:IconStyle>
            <kml:LabelStyle>
                <kml:color>00ffffff</kml:color>
                <kml:scale>0.0</kml:scale>
            </kml:LabelStyle>
        </kml:Style>
        <kml:Style id="artStyle">
            <kml:IconStyle>
                <kml:scale>0.75</kml:scale>
                <kml:heading>0.0</kml:heading>
                <kml:Icon>
                    <kml:href>open-diamond.png</kml:href>
                </kml:Icon>
            </kml:IconStyle>
            <kml:LabelStyle>
                <kml:color>ffffffff</kml:color>
                <kml:scale>0.75</kml:scale>
            </kml:LabelStyle>
        </kml:Style>
        <kml:Style id="walkInCampingStyle">
            <kml:LineStyle>
                <kml:color>7f00a5ff</kml:color>
                <kml:width>1.0</kml:width>
            </kml:LineStyle>
            <kml:PolyStyle>
                <kml:color>5f00a5ff</kml:color>
            </kml:PolyStyle>
        </kml:Style>
        <kml:Placemark>
            <kml:name>Fence</kml:name>
            <kml:styleUrl>#fenceStyle</kml:styleUrl>
            <kml:MultiGeometry>
                <kml:LineString>
                    <kml:coordinates>-119.186707,40.799324 -119.181213,40.772913 -119.212551,40.760776 -119.237425,40.77968 -119.22146,40.803508 -119.186707,40.799324</kml:coordinates>
                </kml:LineString>
            </kml:MultiGeometry>
        </kml:Placemark>
        <kml:Folder>
            <kml:name>Streets</kml:name>
            <kml:Placemark>
                <kml:name>5:15</kml:name>
                <kml:styleUrl>#roadStyle</kml:styleUrl>
                <kml:MultiGeometry>
                    <kml:LineString>
                        <kml:coordinates>-119.21415,40.771717 -119.214537,40.771007 -119.214924,40.770297 -119.215311,40.769587 -119.215559,40.76913 -119.215822,40.768648</kml:coordinates>
                    </kml:LineString>
                </kml:MultiGeometry>
            </kml:Placemark>
            <kml:Placemark>
                <kml:name>8:00</kml:name>
                <kml:styleUrl>#roadStyle</kml:styleUrl>
                <kml:MultiGeometry>
                    <kml:LineString>
                        <kml:coordinates>-119.216591,40.785018 -119.218108,40.785327 -119.219085,40.785525 -119.220062,40.785724 -119.221038,40.785923 -119.222032,40.786125 -119.223724,40.78647 -119.224701,40.786668 -119.225678,40.786867 -119.226654,40.787066 -119.227282,40.787194 -119.227945,40.787329</kml:coordinates>
                    </kml:LineString>
                </kml:MultiGeometry>
            </kml:Placemark>
            <kml:Placemark>
                <kml:name>7:30</kml:name>
                <kml:styleUrl>#roadStyle</kml:styleUrl>
                <kml:MultiGeometry>
                    <kml:LineString>
                        <kml:coordinates>-119.216898,40.783242 -119.218469,40.783242 -119.21948,40.783241 -119.220491,40.783241 -119.221502,40.783241 -119.222531,40.783241 -119.224283,40.783241 -119.225294,40.783241 -119.226305,40.783241 -119.227316,40.78324 -119.227966,40.78324 -119.228652,40.78324</kml:coordinates>
                    </kml:LineString>
                </kml:MultiGeometry>
            </kml:Placemark>
            <kml:Placemark>
                <kml:name>8:45</kml:name>
                <kml:styleUrl>#roadStyle</kml:styleUrl>
                <kml:MultiGeometry>
                    <kml:LineString>
                        <kml:coordinates>-119.220893,40.790835 -119.221695,40.791303 -119.222497,40.791771 -119.2233,40.792239 -119.223816,40.792539 -119.22436,40.792857</kml:coordinates>
                    </kml:LineString>
                </kml:MultiGeometry>
            </kml:Placemark>
            <kml:Placemark>
                <kml:name></kml:name>
                <kml:description>6:00 Center Camp</kml:description>
                <kml:styleUrl>#roadStyle</kml:styleUrl>
                <kml:MultiGeometry>
                    <kml:LineString>
                        <kml:coordinates>-119.21489,40.777906 -119.214837,40.777862 -119.214789,40.777815 -119.214746,40.777764 -119.21471,40.777711 -119.21468,40.777656 -119.214656,40.777599 -119.214639,40.77754 -119.214629,40.777481 -119.214625,40.777421 -119.214629,40.777361 -119.214639,40.777302 -119.214656,40.777243 -119.21468,40.777186 -119.21471,40.777131 -119.214727,40.777104 -119.214746,40.777078 -119.214789,40.777027 -119.214837,40.77698 -119.21489,40.776936 -119.214948,40.776895 -119.21501,40.776859 -119.215077,40.776827 -119.215147,40.776799 -119.215219,40.776776 -119.215294,40.776758 -119.215371,40.776745 -119.215449,40.776737 -119.215528,40.776735 -119.215607,40.776737 -119.215685,40.776745 -119.215723,40.776751 -119.215762,40.776758 -119.215837,40.776776 -119.215909,40.776799 -119.215979,40.776827 -119.216046,40.776859 -119.216108,40.776895 -119.216166,40.776936</kml:coordinates>
                    </kml:LineString>
                    <kml:LineString>
                        <kml:coordinates>-119.216166,40.776936 -119.216219,40.77698 -119.216267,40.777027 -119.21631,40.777078 -119.216346,40.777131 -119.216376,40.777186 -119.2164,40.777243 -119.216409,40.777272 -119.216417,40.777302 -119.216427,40.777361 -119.216431,40.777421 -119.216427,40.777481 -119.216417,40.77754 -119.2164,40.777599 -119.216376,40.777656 -119.216346,40.777711 -119.21631,40.777764 -119.216267,40.777815 -119.216219,40.777862 -119.216166,40.777906 -119.216108,40.777947 -119.216046,40.777983 -119.215979,40.778015 -119.215945,40.77803 -119.215909,40.778043 -119.215837,40.778066 -119.215762,40.778084 -119.215685,40.778097 -119.215607,40.778105 -119.215528,40.778107 -119.215449,40.778105 -119.215371,40.778097 -119.215294,40.778084 -119.215219,40.778066 -119.215147,40.778043 -119.215077,40.778015 -119.21501,40.777983 -119.214948,40.777947 -119.21489,40.777906</kml:coordinates>
                    </kml:LineString>
                </kml:MultiGeometry>
            </kml:Placemark>
            <kml:Placemark>
                <kml:name>3:30</kml:name>
                <kml:styleUrl>#roadStyle</kml:styleUrl>
                <kml:MultiGeometry>
                    <kml:LineString>
                        <kml:coordinates>-119.203358,40.777299 -119.202573,40.776265 -119.202067,40.7756 -119.201562,40.774934 -119.201056,40.774269 -119.200542,40.773591 -119.199666,40.772438 -119.199161,40.771773 -119.198656,40.771107 -119.19815,40.770441 -119.197826,40.770014 -119.197483,40.769562</kml:coordinates>
                    </kml:LineString>
                </kml:MultiGeometry>
            </kml:Placemark>
            <kml:Placemark>
                <kml:name>4:00</kml:name>
                <kml:styleUrl>#roadStyle</kml:styleUrl>
                <kml:MultiGeometry>
                    <kml:LineString>
                        <kml:coordinates>-119.205535,40.776614 -119.205128,40.775461 -119.204867,40.774718 -119.204605,40.773976 -119.204343,40.773234 -119.204077,40.772478 -119.203624,40.771192 -119.203363,40.77045 -119.203101,40.769708 -119.202839,40.768965 -119.202671,40.768488 -119.202494,40.767984</kml:coordinates>
                    </kml:LineString>
                </kml:MultiGeometry>
            </kml:Placemark>
            <kml:Placemark>
                <kml:name>4:45</kml:name>
                <kml:styleUrl>#roadStyle</kml:styleUrl>
                <kml:MultiGeometry>
                    <kml:LineString>
                        <kml:coordinates>-119.210013,40.770874 -119.210145,40.770112 -119.210277,40.76935 -119.210409,40.768588 -119.210493,40.768098 -119.210583,40.767581</kml:coordinates>
                    </kml:LineString>
                </kml:MultiGeometry>
            </kml:Placemark>
            <kml:Placemark>
                <kml:name>9:15</kml:name>
                <kml:styleUrl>#roadStyle</kml:styleUrl>
                <kml:MultiGeometry>
                    <kml:LineString>
                        <kml:coordinates>-119.217863,40.793138 -119.218479,40.793748 -119.219095,40.794358 -119.21971,40.794967 -119.220106,40.795359 -119.220524,40.795773</kml:coordinates>
                    </kml:LineString>
                </kml:MultiGeometry>
            </kml:Placemark>
            <kml:Placemark>
                <kml:name>9:30</kml:name>
                <kml:styleUrl>#roadStyle</kml:styleUrl>
                <kml:MultiGeometry>
                    <kml:LineString>
                        <kml:coordinates>-119.212385,40.789184 -119.213171,40.790218 -119.213676,40.790884 -119.214182,40.791549 -119.214688,40.792215 -119.215202,40.792892 -119.216078,40.794045 -119.216584,40.794711 -119.21709,40.795376 -119.217595,40.796042 -119.21792,40.79647 -119.218264,40.796921 -119.220151,40.799405</kml:coordinates>
                    </kml:LineString>
                </kml:MultiGeometry>
            </kml:Placemark>
            <kml:Placemark>
                <kml:name>3:45</kml:name>
                <kml:styleUrl>#roadStyle</kml:styleUrl>
                <kml:MultiGeometry>
                    <kml:LineString>
                        <kml:coordinates>-119.201592,40.771717 -119.201205,40.771007 -119.200818,40.770297 -119.200431,40.769587 -119.200183,40.76913 -119.19992,40.768648</kml:coordinates>
                    </kml:LineString>
                </kml:MultiGeometry>
            </kml:Placemark>
            <kml:Placemark>
                <kml:name>2:30</kml:name>
                <kml:styleUrl>#roadStyle</kml:styleUrl>
                <kml:MultiGeometry>
                    <kml:LineString>
                        <kml:coordinates>-119.200053,40.779811 -119.198693,40.779214 -119.197818,40.778829 -119.196942,40.778445 -119.196067,40.778061 -119.195176,40.77767 -119.193659,40.777004 -119.192784,40.776619 -119.191909,40.776235 -119.191033,40.775851 -119.19047,40.775604 -119.189876,40.775343</kml:coordinates>
                    </kml:LineString>
                </kml:MultiGeometry>
            </kml:Placemark>
            <kml:Placemark>
                <kml:name>4:15</kml:name>
                <kml:styleUrl>#roadStyle</kml:styleUrl>
                <kml:MultiGeometry>
                    <kml:LineString>
                        <kml:coordinates>-119.205729,40.770874 -119.205597,40.770112 -119.205465,40.76935 -119.205333,40.768588 -119.205249,40.768098 -119.205159,40.767581</kml:coordinates>
                    </kml:LineString>
                </kml:MultiGeometry>
            </kml:Placemark>
            <kml:Placemark>
                <kml:name>Alley</kml:name>
                <kml:styleUrl>#roadStyle</kml:styleUrl>
                <kml:MultiGeometry>
                    <kml:LineString>
                        <kml:coordinates>-119.216479,40.778555 -119.216413,40.778586 -119.216276,40.77864 -119.216133,40.778685 -119.215986,40.77872 -119.215835,40.778745 -119.215682,40.778761 -119.215528,40.778766 -119.215374,40.778761 -119.215221,40.778745 -119.21507,40.77872 -119.214923,40.778685 -119.21478,40.77864 -119.214643,40.778586 -119.214513,40.778523 -119.214391,40.778451 -119.214277,40.778372</kml:coordinates>
                    </kml:LineString>
                    <kml:LineString>
                        <kml:coordinates>-119.214277,40.778372 -119.214173,40.778285 -119.214079,40.778192 -119.213996,40.778093 -119.213925,40.777989 -119.213865,40.777881 -119.213819,40.777769 -119.213786,40.777655 -119.213766,40.777538 -119.213759,40.777421 -119.213766,40.777304 -119.213786,40.777187 -119.213819,40.777073 -119.213866,40.776961 -119.213925,40.776853 -119.213996,40.776749 -119.214036,40.776698</kml:coordinates>
                    </kml:LineString>
                    <kml:LineString>
                        <kml:coordinates>-119.214036,40.776698 -119.214612,40.776058 -119.215199,40.775432</kml:coordinates>
                    </kml:LineString>
                    <kml:LineString>
                        <kml:coordinates>-119.216479,40.778555 -119.217321,40.778117 -119.218144,40.777671</kml:coordinates>
                    </kml:LineString>
                </kml:MultiGeometry>
            </kml:Placemark>
            <kml:Placemark>
                <kml:name>Airport Rd.</kml:name>
                <kml:styleUrl>#roadStyle</kml:styleUrl>
                <kml:MultiGeometry>
                    <kml:LineString>
                        <kml:coordinates>-119.213248,40.767984 -119.212551,40.760776</kml:coordinates>
                    </kml:LineString>
                </kml:MultiGeometry>
            </kml:Placemark>
            <kml:Placemark>
                <kml:name>6:30</kml:name>
                <kml:styleUrl>#roadStyle</kml:styleUrl>
                <kml:MultiGeometry>
                    <kml:LineString>
                        <kml:coordinates>-119.217033,40.779217 -119.217924,40.778829 -119.2188,40.778445 -119.219675,40.778061 -119.220566,40.77767 -119.222083,40.777004 -119.222958,40.776619 -119.223833,40.776235 -119.224709,40.775851 -119.225272,40.775604 -119.225866,40.775343 -119.22646,40.775082 -119.226647,40.774999 -119.22796,40.774423</kml:coordinates>
                    </kml:LineString>
                    <kml:LineString>
                        <kml:coordinates>-119.215484,40.779555 -119.215528,40.779551 -119.215772,40.779543 -119.216015,40.779519 -119.216253,40.779478 -119.216486,40.779422 -119.216712,40.779351 -119.216929,40.779266 -119.217033,40.779217</kml:coordinates>
                    </kml:LineString>
                </kml:MultiGeometry>
            </kml:Placemark>
            <kml:Placemark>
                <kml:name>7:00</kml:name>
                <kml:styleUrl>#roadStyle</kml:styleUrl>
                <kml:MultiGeometry>
                    <kml:LineString>
                        <kml:coordinates>-119.216591,40.781466 -119.218108,40.781157 -119.219084,40.780958 -119.220061,40.780759 -119.221037,40.78056 -119.222031,40.780357 -119.223723,40.780012 -119.224699,40.779813 -119.225676,40.779614 -119.226652,40.779415 -119.22728,40.779287 -119.227943,40.779152</kml:coordinates>
                    </kml:LineString>
                </kml:MultiGeometry>
            </kml:Placemark>
            <kml:Placemark>
                <kml:name></kml:name>
                <kml:description>12:00 Man</kml:description>
                <kml:styleUrl>#roadStyle</kml:styleUrl>
                <kml:MultiGeometry>
                    <kml:LineString>
                        <kml:coordinates>-119.206799,40.784057 -119.206709,40.783983 -119.206629,40.783903 -119.206558,40.783818 -119.206496,40.783729 -119.206446,40.783636 -119.206406,40.78354 -119.206377,40.783442 -119.20636,40.783342 -119.206354,40.783242 -119.20636,40.783142 -119.206377,40.783042 -119.206406,40.782944 -119.206446,40.782848 -119.206497,40.782755 -119.206558,40.782666 -119.206629,40.782581 -119.206709,40.782501 -119.206799,40.782427 -119.206896,40.782359 -119.207001,40.782298 -119.207113,40.782244 -119.20723,40.782197 -119.207352,40.782159 -119.207478,40.782128 -119.207608,40.782107 -119.207739,40.782094 -119.207871,40.782089 -119.208003,40.782094 -119.208134,40.782107 -119.208264,40.782128 -119.20839,40.782159 -119.208512,40.782197 -119.208629,40.782244 -119.208741,40.782298 -119.208846,40.782359 -119.208943,40.782427</kml:coordinates>
                    </kml:LineString>
                    <kml:LineString>
                        <kml:coordinates>-119.208943,40.782427 -119.209033,40.782501 -119.209113,40.782581 -119.209184,40.782666 -119.209245,40.782755 -119.209296,40.782848 -119.209336,40.782944 -119.209365,40.783042 -119.209382,40.783142 -119.209388,40.783242 -119.209382,40.783342 -119.209365,40.783442 -119.209336,40.78354 -119.209296,40.783636 -119.209246,40.783729 -119.209184,40.783818 -119.209113,40.783903 -119.209033,40.783983 -119.208943,40.784057 -119.208846,40.784125 -119.208741,40.784186 -119.208629,40.78424 -119.208512,40.784287 -119.20839,40.784325 -119.208264,40.784356 -119.208134,40.784377 -119.208003,40.78439 -119.207871,40.784395 -119.207739,40.78439 -119.207608,40.784377 -119.207478,40.784356 -119.207352,40.784325 -119.20723,40.784287 -119.207113,40.78424 -119.207001,40.784186 -119.206896,40.784125 -119.206799,40.784057</kml:coordinates>
                    </kml:LineString>
                </kml:MultiGeometry>
            </kml:Placemark>
            <kml:Placemark>
                <kml:name>8:15</kml:name>
                <kml:styleUrl>#roadStyle</kml:styleUrl>
                <kml:MultiGeometry>
                    <kml:LineString>
                        <kml:coordinates>-119.223035,40.788015 -119.223969,40.788309 -119.224903,40.788603 -119.225837,40.788897 -119.226438,40.789086 -119.227072,40.789285</kml:coordinates>
                    </kml:LineString>
                </kml:MultiGeometry>
            </kml:Placemark>
            <kml:Placemark>
                <kml:name>7:45</kml:name>
                <kml:styleUrl>#roadStyle</kml:styleUrl>
                <kml:MultiGeometry>
                    <kml:LineString>
                        <kml:coordinates>-119.224143,40.784869 -119.225145,40.784969 -119.226148,40.785069 -119.22715,40.78517 -119.227795,40.785234 -119.228475,40.785302</kml:coordinates>
                    </kml:LineString>
                </kml:MultiGeometry>
            </kml:Placemark>
            <kml:Placemark>
                <kml:name>3:00</kml:name>
                <kml:styleUrl>#roadStyle</kml:styleUrl>
                <kml:MultiGeometry>
                    <kml:LineString>
                        <kml:coordinates>-119.201488,40.77839 -119.200378,40.777545 -119.199663,40.777002 -119.198948,40.776459 -119.198233,40.775915 -119.197506,40.775362 -119.196268,40.77442 -119.195553,40.773877 -119.194838,40.773333 -119.194124,40.77279 -119.193664,40.772441 -119.193179,40.772072</kml:coordinates>
                    </kml:LineString>
                </kml:MultiGeometry>
            </kml:Placemark>
            <kml:Placemark>
                <kml:name>Ararat</kml:name>
                <kml:styleUrl>#roadStyle</kml:styleUrl>
                <kml:MultiGeometry>
                    <kml:LineString>
                        <kml:coordinates>-119.197634,40.781157 -119.197764,40.780819 -119.197912,40.780486 -119.19808,40.780159 -119.198266,40.779837 -119.198471,40.779522 -119.198693,40.779214 -119.198933,40.778913 -119.19919,40.778621 -119.199464,40.778338 -119.199753,40.778064 -119.200058,40.777799 -119.200378,40.777545 -119.200712,40.777302 -119.201059,40.777071 -119.20142,40.776851 -119.201793,40.776643 -119.202177,40.776448 -119.202573,40.776265 -119.202978,40.776096 -119.203393,40.775941 -119.203816,40.775799 -119.204247,40.775672 -119.204684,40.775559 -119.205128,40.775461 -119.205577,40.775377 -119.206031,40.775309 -119.206488,40.775255 -119.206947,40.775217 -119.207409,40.775194 -119.207871,40.775186 -119.208333,40.775194 -119.208795,40.775217 -119.209254,40.775255 -119.209711,40.775309 -119.210165,40.775377 -119.210614,40.775461 -119.211058,40.775559 -119.211495,40.775672 -119.211926,40.775799 -119.212349,40.775941 -119.212764,40.776096 -119.213165,40.776277 -119.213565,40.776448 -119.213949,40.776643 -119.214036,40.776698 -119.214322,40.776851 -119.214683,40.777071 -119.214727,40.777104</kml:coordinates>
                    </kml:LineString>
                    <kml:LineString>
                        <kml:coordinates>-119.215945,40.77803 -119.215989,40.778064 -119.216278,40.778338 -119.216479,40.778555 -119.216552,40.778621 -119.216809,40.778913 -119.217033,40.779217 -119.217271,40.779522 -119.217476,40.779837 -119.217662,40.780159 -119.21783,40.780486 -119.217978,40.780819 -119.218108,40.781157 -119.218218,40.781498 -119.218308,40.781843 -119.218378,40.78219 -119.218429,40.782539 -119.218459,40.78289 -119.218469,40.783242 -119.218459,40.783593 -119.218429,40.783944 -119.218379,40.784293 -119.218308,40.78464 -119.218218,40.784985 -119.218108,40.785327 -119.217979,40.785664 -119.21783,40.785997 -119.217663,40.786324 -119.217477,40.786646 -119.217272,40.786961 -119.21705,40.78727 -119.21681,40.78757 -119.216553,40.787862 -119.21628,40.788146 -119.21599,40.78842 -119.215685,40.788684 -119.215366,40.788938 -119.215032,40.789181 -119.214684,40.789413 -119.214323,40.789633 -119.21395,40.789841 -119.213566,40.790036 -119.213171,40.790218 -119.212765,40.790387 -119.21235,40.790543 -119.211927,40.790684 -119.211496,40.790812 -119.211058,40.790925 -119.210614,40.791023</kml:coordinates>
                    </kml:LineString>
                </kml:MultiGeometry>
            </kml:Placemark>
            <kml:Placemark>
                <kml:name>Bodhi</kml:name>
                <kml:styleUrl>#roadStyle</kml:styleUrl>
                <kml:MultiGeometry>
                    <kml:LineString>
                        <kml:coordinates>-119.196658,40.780958 -119.1968,40.780588 -119.196962,40.780223 -119.197146,40.779865 -119.19735,40.779512 -119.197574,40.779167 -119.197818,40.778829 -119.198081,40.7785 -119.198362,40.77818 -119.198662,40.77787 -119.198979,40.77757 -119.199313,40.77728 -119.199663,40.777002 -119.200029,40.776736 -119.20041,40.776482 -119.200805,40.776241 -119.201213,40.776013 -119.201634,40.7758 -119.202067,40.7756 -119.202511,40.775415 -119.202965,40.775244 -119.203429,40.775089 -119.203901,40.77495 -119.20438,40.774826 -119.204867,40.774718 -119.205359,40.774627 -119.205855,40.774552 -119.206356,40.774493 -119.206859,40.774451 -119.207365,40.774426 -119.207871,40.774418 -119.208377,40.774426 -119.208883,40.774451 -119.209386,40.774493 -119.209887,40.774552 -119.210383,40.774627 -119.210875,40.774718 -119.211362,40.774826 -119.211841,40.77495 -119.212313,40.775089 -119.212777,40.775244 -119.213231,40.775415 -119.213675,40.7756 -119.214108,40.7758 -119.214529,40.776013 -119.214612,40.776058 -119.214937,40.776241 -119.215332,40.776482 -119.215723,40.776751</kml:coordinates>
                    </kml:LineString>
                    <kml:LineString>
                        <kml:coordinates>-119.216409,40.777272 -119.216763,40.77757 -119.21708,40.77787 -119.217321,40.778117 -119.21738,40.77818 -119.217661,40.7785 -119.217924,40.778829 -119.218168,40.779167 -119.218392,40.779512 -119.218596,40.779865 -119.21878,40.780223 -119.218942,40.780588 -119.219084,40.780958 -119.219205,40.781332 -119.219304,40.781709 -119.219381,40.78209 -119.219436,40.782472 -119.219469,40.782857 -119.21948,40.783241 -119.219469,40.783626 -119.219436,40.784011 -119.219381,40.784393 -119.219304,40.784774 -119.219205,40.785151 -119.219085,40.785525 -119.218943,40.785895 -119.218781,40.78626 -119.218597,40.786618 -119.218393,40.786971 -119.218169,40.787316 -119.217925,40.787654 -119.217663,40.787983 -119.217381,40.788303 -119.217082,40.788614 -119.216765,40.788914 -119.216431,40.789203 -119.216081,40.789481 -119.215715,40.789748 -119.215334,40.790002 -119.214939,40.790243 -119.21453,40.79047 -119.214109,40.790684 -119.213676,40.790884 -119.213232,40.791069 -119.212778,40.791239 -119.212314,40.791394 -119.211842,40.791534 -119.211362,40.791658 -119.210876,40.791766</kml:coordinates>
                    </kml:LineString>
                </kml:MultiGeometry>
            </kml:Placemark>
            <kml:Placemark>
                <kml:name>Chomolungma</kml:name>
                <kml:styleUrl>#roadStyle</kml:styleUrl>
                <kml:MultiGeometry>
                    <kml:LineString>
                        <kml:coordinates>-119.195681,40.780759 -119.195835,40.780357 -119.196012,40.77996 -119.196212,40.77957 -119.196434,40.779187 -119.196677,40.778812 -119.196942,40.778445 -119.197228,40.778087 -119.197534,40.777739 -119.19786,40.777402 -119.198204,40.777075 -119.198567,40.776761 -119.198948,40.776459 -119.199346,40.776169 -119.19976,40.775893 -119.200189,40.775631 -119.200633,40.775384 -119.201091,40.775151 -119.201562,40.774934 -119.202044,40.774733 -119.202538,40.774548 -119.203042,40.774379 -119.203555,40.774228 -119.204077,40.774093 -119.204605,40.773976 -119.20514,40.773877 -119.20568,40.773795 -119.206224,40.773731 -119.206771,40.773686 -119.207321,40.773658 -119.207871,40.773649 -119.208421,40.773658 -119.208971,40.773686 -119.209518,40.773731 -119.210062,40.773795 -119.210602,40.773877 -119.211137,40.773976 -119.211665,40.774093 -119.212187,40.774228 -119.2127,40.774379 -119.213204,40.774548 -119.213698,40.774733 -119.21418,40.774934 -119.214651,40.775151 -119.215109,40.775384 -119.215199,40.775432 -119.215553,40.775631 -119.215982,40.775893 -119.216396,40.776169 -119.216779,40.77647</kml:coordinates>
                    </kml:LineString>
                    <kml:LineString>
                        <kml:coordinates>-119.216779,40.77647 -119.217175,40.776761 -119.217538,40.777075 -119.217882,40.777402 -119.218144,40.777671 -119.218208,40.777739 -119.218514,40.778087 -119.2188,40.778445 -119.219065,40.778812 -119.219308,40.779187 -119.21953,40.77957 -119.21973,40.77996 -119.219907,40.780357 -119.220061,40.780759 -119.220192,40.781165 -119.220299,40.781576 -119.220383,40.781989 -119.220443,40.782405 -119.220479,40.782823 -119.220491,40.783241 -119.220479,40.78366 -119.220443,40.784077 -119.220383,40.784493 -119.2203,40.784907 -119.220192,40.785318 -119.220062,40.785724 -119.219908,40.786126 -119.219731,40.786522 -119.219531,40.786912 -119.21931,40.787296 -119.219066,40.787671 -119.218801,40.788038 -119.218516,40.788396 -119.21821,40.788744 -119.217884,40.789081 -119.21754,40.789408 -119.217177,40.789722 -119.216796,40.790025 -119.216398,40.790314 -119.215984,40.79059 -119.215555,40.790852 -119.215111,40.7911 -119.214653,40.791332 -119.214182,40.791549 -119.213699,40.791751 -119.213205,40.791936 -119.212701,40.792104 -119.212188,40.792256 -119.211666,40.792391 -119.211138,40.792508</kml:coordinates>
                    </kml:LineString>
                </kml:MultiGeometry>
            </kml:Placemark>
            <kml:Placemark>
                <kml:name>Delphi</kml:name>
                <kml:styleUrl>#roadStyle</kml:styleUrl>
                <kml:MultiGeometry>
                    <kml:LineString>
                        <kml:coordinates>-119.194705,40.78056 -119.194871,40.780126 -119.195062,40.779698 -119.195278,40.779276 -119.195518,40.778862 -119.195781,40.778457 -119.196067,40.778061 -119.196375,40.777674 -119.196706,40.777298 -119.197058,40.776934 -119.19743,40.776581 -119.197822,40.776242 -119.198233,40.775915 -119.198663,40.775602 -119.19911,40.775304 -119.199574,40.775022 -119.200053,40.774754 -119.200548,40.774503 -119.201056,40.774269 -119.201578,40.774051 -119.202111,40.773851 -119.202655,40.773669 -119.20321,40.773505 -119.203773,40.77336 -119.204343,40.773234 -119.204921,40.773126 -119.205504,40.773038 -119.206092,40.772969 -119.206683,40.77292 -119.207277,40.772891 -119.207871,40.772881 -119.208465,40.772891 -119.209059,40.77292 -119.20965,40.772969 -119.210238,40.773038 -119.210821,40.773126 -119.211399,40.773234 -119.211969,40.77336 -119.212532,40.773505 -119.213087,40.773669 -119.213631,40.773851 -119.214164,40.774051 -119.214686,40.774269 -119.215194,40.774503 -119.215689,40.774754 -119.216168,40.775022 -119.216632,40.775304 -119.217079,40.775602 -119.217509,40.775915</kml:coordinates>
                    </kml:LineString>
                    <kml:LineString>
                        <kml:coordinates>-119.217509,40.775915 -119.21792,40.776242 -119.218312,40.776581 -119.218684,40.776934 -119.219036,40.777298 -119.219367,40.777674 -119.219675,40.778061 -119.219961,40.778457 -119.220224,40.778862 -119.220464,40.779276 -119.22068,40.779698 -119.220871,40.780126 -119.221037,40.78056 -119.221179,40.780999 -119.221295,40.781442 -119.221385,40.781889 -119.22145,40.782338 -119.221489,40.782789 -119.221502,40.783241 -119.221489,40.783693 -119.221451,40.784144 -119.221386,40.784594 -119.221296,40.78504 -119.22118,40.785484 -119.221038,40.785923 -119.220872,40.786357 -119.220681,40.786785 -119.220465,40.787206 -119.220226,40.78762 -119.219963,40.788026 -119.219677,40.788422 -119.219368,40.788809 -119.219038,40.789184 -119.218686,40.789549 -119.218314,40.789902 -119.217922,40.790242 -119.217511,40.790568 -119.217081,40.790881 -119.216634,40.791179 -119.21617,40.791462 -119.215691,40.791729 -119.215196,40.79198 -119.214688,40.792215 -119.214166,40.792432 -119.213633,40.792632 -119.213088,40.792814 -119.212534,40.792978 -119.211971,40.793124 -119.2114,40.79325</kml:coordinates>
                    </kml:LineString>
                </kml:MultiGeometry>
            </kml:Placemark>
            <kml:Placemark>
                <kml:name>Eternal</kml:name>
                <kml:styleUrl>#roadStyle</kml:styleUrl>
                <kml:MultiGeometry>
                    <kml:LineString>
                        <kml:coordinates>-119.193711,40.780357 -119.19389,40.77989 -119.194096,40.77943 -119.194327,40.778977 -119.194585,40.778532 -119.194868,40.778096 -119.195176,40.77767 -119.195508,40.777254 -119.195863,40.77685 -119.196241,40.776458 -119.196642,40.776079 -119.197063,40.775713 -119.197506,40.775362 -119.197968,40.775026 -119.198449,40.774705 -119.198947,40.774401 -119.199463,40.774113 -119.199995,40.773843 -119.200542,40.773591 -119.201103,40.773357 -119.201676,40.773142 -119.202262,40.772947 -119.202858,40.77277 -119.203463,40.772614 -119.204077,40.772478 -119.204698,40.772363 -119.205326,40.772268 -119.205958,40.772194 -119.206593,40.772141 -119.207232,40.772109 -119.207871,40.772098 -119.20851,40.772109 -119.209149,40.772141 -119.209784,40.772194 -119.210416,40.772268 -119.211044,40.772363 -119.211665,40.772478 -119.212279,40.772614 -119.212884,40.77277 -119.21348,40.772947 -119.214066,40.773142 -119.214639,40.773357 -119.2152,40.773591 -119.215747,40.773843 -119.216279,40.774113 -119.216795,40.774401 -119.217293,40.774705 -119.217774,40.775026 -119.218236,40.775362</kml:coordinates>
                    </kml:LineString>
                    <kml:LineString>
                        <kml:coordinates>-119.218236,40.775362 -119.218679,40.775713 -119.2191,40.776079 -119.219501,40.776458 -119.219879,40.77685 -119.220234,40.777254 -119.220566,40.77767 -119.220874,40.778096 -119.221157,40.778532 -119.221415,40.778977 -119.221646,40.77943 -119.221852,40.77989 -119.222031,40.780357 -119.222183,40.780829 -119.222308,40.781306 -119.222406,40.781787 -119.222475,40.78227 -119.222517,40.782755 -119.222531,40.783241 -119.222518,40.783727 -119.222476,40.784212 -119.222406,40.784696 -119.222309,40.785176 -119.222184,40.785653 -119.222032,40.786125 -119.221854,40.786592 -119.221648,40.787052 -119.221416,40.787506 -119.221159,40.787951 -119.220876,40.788387 -119.220568,40.788813 -119.220237,40.789229 -119.219881,40.789633 -119.219503,40.790025 -119.219103,40.790404 -119.218681,40.79077 -119.218239,40.791121 -119.217777,40.791457 -119.217296,40.791778 -119.216797,40.792082 -119.216281,40.79237 -119.215749,40.79264 -119.215202,40.792892 -119.214641,40.793126 -119.214068,40.793341 -119.213482,40.793537 -119.212886,40.793713 -119.21228,40.79387 -119.211666,40.794006</kml:coordinates>
                    </kml:LineString>
                </kml:MultiGeometry>
            </kml:Placemark>
            <kml:Placemark>
                <kml:name>8:30</kml:name>
                <kml:styleUrl>#roadStyle</kml:styleUrl>
                <kml:MultiGeometry>
                    <kml:LineString>
                        <kml:coordinates>-119.215689,40.786673 -119.21705,40.78727 -119.217925,40.787654 -119.218801,40.788038 -119.219677,40.788422 -119.220568,40.788813 -119.222085,40.789478 -119.222961,40.789863 -119.223837,40.790247 -119.224713,40.790631 -119.225276,40.790878 -119.22587,40.791139</kml:coordinates>
                    </kml:LineString>
                </kml:MultiGeometry>
            </kml:Placemark>
            <kml:Placemark>
                <kml:name>Fulcrum</kml:name>
                <kml:styleUrl>#roadStyle</kml:styleUrl>
                <kml:MultiGeometry>
                    <kml:LineString>
                        <kml:coordinates>-119.192019,40.780012 -119.19222,40.77949 -119.19245,40.778974 -119.19271,40.778467 -119.192998,40.777969 -119.193315,40.777481 -119.193659,40.777004 -119.194031,40.776538 -119.194429,40.776086 -119.194852,40.775647 -119.1953,40.775223 -119.195773,40.774814 -119.196268,40.77442 -119.196785,40.774044 -119.197323,40.773685 -119.197882,40.773345 -119.198459,40.773023 -119.199054,40.772721 -119.199666,40.772438 -119.200294,40.772177 -119.200936,40.771936 -119.201592,40.771717 -119.202259,40.771519 -119.202937,40.771345 -119.203624,40.771192 -119.20432,40.771063 -119.205022,40.770957 -119.205729,40.770874 -119.206441,40.770815 -119.207155,40.770779 -119.207871,40.770767 -119.208587,40.770779 -119.209301,40.770815 -119.210013,40.770874 -119.21072,40.770957 -119.211422,40.771063 -119.212118,40.771192 -119.212805,40.771345 -119.213483,40.771519 -119.21415,40.771717 -119.214806,40.771936 -119.215448,40.772177 -119.216076,40.772438 -119.216688,40.772721 -119.217283,40.773023 -119.21786,40.773345 -119.218419,40.773685 -119.218957,40.774044 -119.219474,40.77442</kml:coordinates>
                    </kml:LineString>
                    <kml:LineString>
                        <kml:coordinates>-119.219474,40.77442 -119.219969,40.774814 -119.220442,40.775223 -119.22089,40.775647 -119.221313,40.776086 -119.221711,40.776538 -119.222083,40.777004 -119.222427,40.777481 -119.222744,40.777969 -119.223032,40.778467 -119.223292,40.778974 -119.223522,40.77949 -119.223723,40.780012 -119.223893,40.780541 -119.224033,40.781075 -119.224142,40.781613 -119.22422,40.782154 -119.224267,40.782697 -119.224283,40.783241 -119.224267,40.783785 -119.224221,40.784328 -119.224143,40.784869 -119.224034,40.785407 -119.223894,40.785941 -119.223724,40.78647 -119.223524,40.786992 -119.223294,40.787508 -119.223035,40.788015 -119.222746,40.788513 -119.22243,40.789001 -119.222085,40.789478 -119.221714,40.789944 -119.221316,40.790396 -119.220893,40.790835 -119.220445,40.79126 -119.219973,40.791669 -119.219477,40.792062 -119.21896,40.792439 -119.218422,40.792798 -119.217863,40.793138 -119.217286,40.79346 -119.21669,40.793763 -119.216078,40.794045 -119.21545,40.794307 -119.214808,40.794548 -119.214153,40.794767 -119.213485,40.794964 -119.212807,40.795139 -119.212119,40.795292</kml:coordinates>
                    </kml:LineString>
                </kml:MultiGeometry>
            </kml:Placemark>
            <kml:Placemark>
                <kml:name>Great Oak</kml:name>
                <kml:styleUrl>#roadStyle</kml:styleUrl>
                <kml:MultiGeometry>
                    <kml:LineString>
                        <kml:coordinates>-119.191043,40.779813 -119.191256,40.779258 -119.1915,40.778711 -119.191776,40.778173 -119.192082,40.777644 -119.192418,40.777126 -119.192784,40.776619 -119.193178,40.776125 -119.193601,40.775645 -119.19405,40.775179 -119.194526,40.774729 -119.195027,40.774294 -119.195553,40.773877 -119.196102,40.773477 -119.196674,40.773097 -119.197266,40.772735 -119.197879,40.772393 -119.198511,40.772072 -119.199161,40.771773 -119.199827,40.771495 -119.200509,40.771239 -119.201205,40.771007 -119.201913,40.770797 -119.202633,40.770612 -119.203363,40.77045 -119.204101,40.770313 -119.204846,40.7702 -119.205597,40.770112 -119.206353,40.770049 -119.207111,40.770011 -119.207871,40.769999 -119.208631,40.770011 -119.209389,40.770049 -119.210145,40.770112 -119.210896,40.7702 -119.211641,40.770313 -119.212379,40.77045 -119.213109,40.770612 -119.213829,40.770797 -119.214537,40.771007 -119.215233,40.771239 -119.215915,40.771495 -119.216581,40.771773 -119.217231,40.772072 -119.217863,40.772393 -119.218476,40.772735 -119.219068,40.773097 -119.21964,40.773477 -119.220189,40.773877</kml:coordinates>
                    </kml:LineString>
                    <kml:LineString>
                        <kml:coordinates>-119.220189,40.773877 -119.220715,40.774294 -119.221216,40.774729 -119.221692,40.775179 -119.222141,40.775645 -119.222564,40.776125 -119.222958,40.776619 -119.223324,40.777126 -119.22366,40.777644 -119.223966,40.778173 -119.224242,40.778711 -119.224486,40.779258 -119.224699,40.779813 -119.22488,40.780374 -119.225028,40.780941 -119.225144,40.781512 -119.225227,40.782086 -119.225277,40.782663 -119.225294,40.783241 -119.225277,40.783818 -119.225228,40.784395 -119.225145,40.784969 -119.22503,40.78554 -119.224882,40.786107 -119.224701,40.786668 -119.224488,40.787223 -119.224244,40.78777 -119.223969,40.788309 -119.223663,40.788838 -119.223327,40.789356 -119.222961,40.789863 -119.222567,40.790357 -119.222145,40.790837 -119.221695,40.791303 -119.221219,40.791754 -119.220718,40.792188 -119.220192,40.792606 -119.219643,40.793005 -119.219072,40.793386 -119.218479,40.793748 -119.217866,40.79409 -119.217234,40.794411 -119.216584,40.794711 -119.215917,40.794989 -119.215236,40.795244 -119.21454,40.795477 -119.213831,40.795686 -119.213111,40.795872 -119.212381,40.796034</kml:coordinates>
                    </kml:LineString>
                </kml:MultiGeometry>
            </kml:Placemark>
            <kml:Placemark>
                <kml:name>Heiau</kml:name>
                <kml:styleUrl>#roadStyle</kml:styleUrl>
                <kml:MultiGeometry>
                    <kml:LineString>
                        <kml:coordinates>-119.190066,40.779614 -119.190291,40.779027 -119.19055,40.778448 -119.190842,40.777879 -119.191166,40.777319 -119.191522,40.776771 -119.191909,40.776235 -119.192326,40.775712 -119.192773,40.775204 -119.193248,40.774711 -119.193752,40.774235 -119.194282,40.773775 -119.194838,40.773333 -119.195419,40.772911 -119.196024,40.772508 -119.196651,40.772125 -119.1973,40.771764 -119.197968,40.771424 -119.198656,40.771107 -119.199361,40.770813 -119.200082,40.770543 -119.200818,40.770297 -119.201568,40.770075 -119.202329,40.769879 -119.203101,40.769708 -119.203882,40.769562 -119.204671,40.769443 -119.205465,40.76935 -119.206265,40.769284 -119.207067,40.769244 -119.207871,40.76923 -119.208675,40.769244 -119.209477,40.769284 -119.210277,40.76935 -119.211071,40.769443 -119.21186,40.769562 -119.212641,40.769708 -119.213413,40.769879 -119.214174,40.770075 -119.214924,40.770297 -119.21566,40.770543 -119.216381,40.770813 -119.217086,40.771107 -119.217774,40.771424 -119.218442,40.771764 -119.219091,40.772125 -119.219718,40.772508 -119.220323,40.772911 -119.220904,40.773333</kml:coordinates>
                    </kml:LineString>
                    <kml:LineString>
                        <kml:coordinates>-119.220904,40.773333 -119.22146,40.773775 -119.22199,40.774235 -119.222494,40.774711 -119.222969,40.775204 -119.223416,40.775712 -119.223833,40.776235 -119.22422,40.776771 -119.224576,40.777319 -119.2249,40.777879 -119.225192,40.778448 -119.225451,40.779027 -119.225676,40.779614 -119.225867,40.780208 -119.226024,40.780807 -119.226147,40.781412 -119.226234,40.782019 -119.226287,40.782629 -119.226305,40.783241 -119.226287,40.783852 -119.226235,40.784462 -119.226148,40.785069 -119.226025,40.785674 -119.225869,40.786273 -119.225678,40.786867 -119.225453,40.787454 -119.225194,40.788033 -119.224903,40.788603 -119.224579,40.789162 -119.224224,40.789711 -119.223837,40.790247 -119.22342,40.790769 -119.222973,40.791278 -119.222497,40.791771 -119.221994,40.792248 -119.221464,40.792707 -119.220908,40.793149 -119.220327,40.793572 -119.219722,40.793975 -119.219095,40.794358 -119.218446,40.794719 -119.217777,40.795059 -119.21709,40.795376 -119.216384,40.79567 -119.215663,40.795941 -119.214927,40.796187 -119.214177,40.796409 -119.213415,40.796605 -119.212643,40.796776</kml:coordinates>
                    </kml:LineString>
                </kml:MultiGeometry>
            </kml:Placemark>
            <kml:Placemark>
                <kml:name>Iroko</kml:name>
                <kml:styleUrl>#roadStyle</kml:styleUrl>
                <kml:MultiGeometry>
                    <kml:LineString>
                        <kml:coordinates>-119.18909,40.779415 -119.189327,40.778796 -119.1896,40.778185 -119.189908,40.777584 -119.19025,40.776994 -119.190625,40.776416 -119.191033,40.775851 -119.191473,40.775299 -119.191945,40.774763 -119.192446,40.774243 -119.192977,40.77374 -119.193537,40.773256 -119.194124,40.77279 -119.194736,40.772344 -119.195374,40.771919 -119.196036,40.771515 -119.19672,40.771134 -119.197425,40.770776 -119.19815,40.770441 -119.198894,40.770131 -119.199655,40.769846 -119.200431,40.769587 -119.201222,40.769353 -119.202025,40.769146 -119.202839,40.768965 -119.203663,40.768812 -119.204495,40.768686 -119.205333,40.768588 -119.206177,40.768518 -119.207023,40.768476 -119.207871,40.768462 -119.208719,40.768476 -119.209565,40.768518 -119.210409,40.768588 -119.211247,40.768686 -119.212079,40.768812 -119.212903,40.768965 -119.213717,40.769146 -119.21452,40.769353 -119.215311,40.769587 -119.216087,40.769846 -119.216848,40.770131 -119.217592,40.770441 -119.218317,40.770776 -119.219022,40.771134 -119.219706,40.771515 -119.220368,40.771919 -119.221006,40.772344 -119.221618,40.77279</kml:coordinates>
                    </kml:LineString>
                    <kml:LineString>
                        <kml:coordinates>-119.221618,40.77279 -119.222205,40.773256 -119.222765,40.77374 -119.223296,40.774243 -119.223797,40.774763 -119.224269,40.775299 -119.224709,40.775851 -119.225117,40.776416 -119.225492,40.776994 -119.225834,40.777584 -119.226142,40.778185 -119.226415,40.778796 -119.226652,40.779415 -119.226854,40.780041 -119.22702,40.780674 -119.227149,40.781311 -119.227242,40.781952 -119.227297,40.782596 -119.227316,40.78324 -119.227298,40.783885 -119.227242,40.784529 -119.22715,40.78517 -119.227021,40.785807 -119.226856,40.786439 -119.226654,40.787066 -119.226417,40.787685 -119.226145,40.788296 -119.225837,40.788897 -119.225496,40.789487 -119.225121,40.790065 -119.224713,40.790631 -119.224273,40.791182 -119.223801,40.791719 -119.2233,40.792239 -119.222769,40.792742 -119.222209,40.793227 -119.221623,40.793692 -119.22101,40.794138 -119.220372,40.794564 -119.21971,40.794967 -119.219026,40.795349 -119.218321,40.795707 -119.217595,40.796042 -119.216851,40.796352 -119.21609,40.796637 -119.215314,40.796897 -119.214523,40.797131 -119.213719,40.797338 -119.212905,40.797519</kml:coordinates>
                    </kml:LineString>
                </kml:MultiGeometry>
            </kml:Placemark>
            <kml:Placemark>
                <kml:name>Jiba</kml:name>
                <kml:styleUrl>#roadStyle</kml:styleUrl>
                <kml:MultiGeometry>
                    <kml:LineString>
                        <kml:coordinates>-119.19047,40.775604 -119.190925,40.775034 -119.191412,40.77448 -119.191931,40.773942 -119.19248,40.773423 -119.193058,40.772922 -119.193664,40.772441 -119.194297,40.77198 -119.194957,40.77154 -119.19564,40.771123 -119.196347,40.770729 -119.197076,40.770359 -119.197826,40.770014 -119.198594,40.769693 -119.19938,40.769398 -119.200183,40.76913 -119.201,40.768889 -119.20183,40.768674 -119.202671,40.768488 -119.203523,40.76833 -119.204382,40.7682 -119.205249,40.768098 -119.20612,40.768026 -119.206995,40.767982 -119.207871,40.767968 -119.208747,40.767982 -119.209622,40.768026 -119.210493,40.768098 -119.21136,40.7682 -119.212219,40.76833 -119.213071,40.768488 -119.213912,40.768674 -119.214742,40.768889 -119.215559,40.76913 -119.216362,40.769398 -119.217148,40.769693 -119.217916,40.770014 -119.218666,40.770359 -119.219395,40.770729 -119.220102,40.771123 -119.220785,40.77154 -119.221445,40.77198 -119.222078,40.772441</kml:coordinates>
                    </kml:LineString>
                    <kml:LineString>
                        <kml:coordinates>-119.222078,40.772441 -119.222684,40.772922 -119.223262,40.773423 -119.223811,40.773942 -119.22433,40.77448 -119.224817,40.775034 -119.225272,40.775604 -119.225693,40.776188 -119.226081,40.776785 -119.226435,40.777395 -119.226753,40.778016 -119.227034,40.778647 -119.22728,40.779287 -119.227489,40.779934 -119.22766,40.780588 -119.227793,40.781247 -119.227889,40.781909 -119.227947,40.782574 -119.227966,40.78324 -119.227947,40.783907 -119.22789,40.784572 -119.227795,40.785234 -119.227661,40.785893 -119.227491,40.786546 -119.227282,40.787194 -119.227037,40.787833 -119.226755,40.788465 -119.226438,40.789086 -119.226085,40.789696 -119.225697,40.790294 -119.225276,40.790878 -119.224821,40.791448 -119.224334,40.792002 -119.223816,40.792539 -119.223267,40.793059 -119.222689,40.79356 -119.222083,40.794042 -119.221449,40.794503 -119.22079,40.794942 -119.220106,40.795359 -119.219399,40.795753 -119.21867,40.796124 -119.21792,40.79647</kml:coordinates>
                    </kml:LineString>
                </kml:MultiGeometry>
            </kml:Placemark>
            <kml:Placemark>
                <kml:name>Kundalini</kml:name>
                <kml:styleUrl>#roadStyle</kml:styleUrl>
                <kml:MultiGeometry>
                    <kml:LineString>
                        <kml:coordinates>-119.187799,40.779152 -119.188053,40.77849 -119.188345,40.777838 -119.188674,40.777196 -119.189039,40.776565 -119.18944,40.775947 -119.189876,40.775343 -119.190347,40.774754 -119.190851,40.774181 -119.191387,40.773625 -119.191954,40.773088 -119.192552,40.772569 -119.193179,40.772072 -119.193834,40.771595 -119.194516,40.771141 -119.195223,40.77071 -119.195954,40.770302 -119.196708,40.769919 -119.197483,40.769562 -119.198277,40.76923 -119.19909,40.768926 -119.19992,40.768648 -119.200765,40.768399 -119.201623,40.768177 -119.202494,40.767984 -119.203374,40.76782 -119.204263,40.767686 -119.205159,40.767581 -119.20606,40.767506 -119.206965,40.767461 -119.207871,40.767446 -119.208777,40.767461 -119.209682,40.767506 -119.210583,40.767581 -119.211479,40.767686 -119.212368,40.76782 -119.213248,40.767984 -119.214119,40.768177 -119.214977,40.768399 -119.215822,40.768648 -119.216652,40.768926 -119.217465,40.76923 -119.218259,40.769562 -119.219034,40.769919 -119.219788,40.770302 -119.220519,40.77071 -119.221226,40.771141 -119.221908,40.771595 -119.222563,40.772072</kml:coordinates>
                    </kml:LineString>
                    <kml:LineString>
                        <kml:coordinates>-119.222563,40.772072 -119.22319,40.772569 -119.223788,40.773088 -119.224355,40.773625 -119.224891,40.774181 -119.225395,40.774754 -119.225866,40.775343 -119.226302,40.775947 -119.226703,40.776565 -119.227068,40.777196 -119.227397,40.777838 -119.227689,40.77849 -119.227943,40.779152 -119.228158,40.779821 -119.228335,40.780497 -119.228474,40.781178 -119.228572,40.781863 -119.228632,40.782551 -119.228652,40.78324 -119.228632,40.783929 -119.228573,40.784617 -119.228475,40.785302 -119.228337,40.785983 -119.22816,40.786659 -119.227945,40.787329 -119.227692,40.78799 -119.2274,40.788643 -119.227072,40.789285 -119.226707,40.789916 -119.226306,40.790534 -119.22587,40.791139 -119.2254,40.791728 -119.224896,40.792301 -119.22436,40.792857 -119.223793,40.793394 -119.223195,40.793912 -119.222568,40.79441 -119.221913,40.794887 -119.221231,40.795342 -119.220524,40.795773 -119.219793,40.796181 -119.219039,40.796564 -119.218264,40.796921 -119.217469,40.797253 -119.216655,40.797558 -119.215825,40.797835 -119.21498,40.798085 -119.214121,40.798307 -119.213251,40.798499</kml:coordinates>
                    </kml:LineString>
                </kml:MultiGeometry>
            </kml:Placemark>
            <kml:Placemark>
                <kml:name>3:15</kml:name>
                <kml:styleUrl>#roadStyle</kml:styleUrl>
                <kml:MultiGeometry>
                    <kml:LineString>
                        <kml:coordinates>-119.197882,40.773345 -119.197266,40.772735 -119.196651,40.772125 -119.196036,40.771515 -119.19564,40.771123 -119.195223,40.77071</kml:coordinates>
                    </kml:LineString>
                </kml:MultiGeometry>
            </kml:Placemark>
            <kml:Placemark>
                <kml:name>Enterence Rd</kml:name>
                <kml:styleUrl>#roadStyle</kml:styleUrl>
                <kml:MultiGeometry>
                    <kml:LineString>
                        <kml:coordinates>-119.224975,40.770237 -119.224337,40.770722 -119.224891,40.774181</kml:coordinates>
                    </kml:LineString>
                    <kml:LineString>
                        <kml:coordinates>-119.224337,40.770722 -119.219788,40.770302</kml:coordinates>
                    </kml:LineString>
                </kml:MultiGeometry>
            </kml:Placemark>
            <kml:Placemark>
                <kml:name>5:30</kml:name>
                <kml:styleUrl>#roadStyle</kml:styleUrl>
                <kml:MultiGeometry>
                    <kml:LineString>
                        <kml:coordinates>-119.213165,40.776277 -119.213675,40.7756 -119.21418,40.774934 -119.214686,40.774269 -119.2152,40.773591 -119.216076,40.772438 -119.216581,40.771773 -119.217086,40.771107 -119.217592,40.770441 -119.217916,40.770014 -119.218259,40.769562 -119.218602,40.76911 -119.218711,40.768968 -119.219468,40.767969</kml:coordinates>
                    </kml:LineString>
                    <kml:LineString>
                        <kml:coordinates>-119.212721,40.777455 -119.212726,40.777421 -119.212737,40.777235 -119.212769,40.777051 -119.212822,40.77687 -119.212895,40.776693 -119.212989,40.776521 -119.213102,40.776356 -119.213165,40.776277</kml:coordinates>
                    </kml:LineString>
                </kml:MultiGeometry>
            </kml:Placemark>
            <kml:Placemark>
                <kml:name>6:45</kml:name>
                <kml:styleUrl>#roadStyle</kml:styleUrl>
                <kml:MultiGeometry>
                    <kml:LineString>
                        <kml:coordinates>-119.223032,40.778467 -119.223966,40.778173 -119.2249,40.777879 -119.225834,40.777584 -119.226435,40.777395 -119.227068,40.777196</kml:coordinates>
                    </kml:LineString>
                </kml:MultiGeometry>
            </kml:Placemark>
            <kml:Placemark>
                <kml:name>3:00</kml:name>
                <kml:styleUrl>#roadStyle</kml:styleUrl>
                <kml:MultiGeometry>
                    <kml:LineString>
                        <kml:coordinates>-119.206799,40.782427 -119.201488,40.77839</kml:coordinates>
                    </kml:LineString>
                </kml:MultiGeometry>
            </kml:Placemark>
            <kml:Placemark>
                <kml:name>6:00</kml:name>
                <kml:styleUrl>#roadStyle</kml:styleUrl>
                <kml:MultiGeometry>
                    <kml:LineString>
                        <kml:coordinates>-119.216166,40.776936 -119.216779,40.77647</kml:coordinates>
                    </kml:LineString>
                    <kml:LineString>
                        <kml:coordinates>-119.216779,40.77647 -119.217509,40.775915 -119.218236,40.775362 -119.219474,40.77442 -119.220189,40.773877 -119.220904,40.773333 -119.221618,40.77279 -119.222078,40.772441 -119.222563,40.772072</kml:coordinates>
                    </kml:LineString>
                </kml:MultiGeometry>
            </kml:Placemark>
            <kml:Placemark>
                <kml:name>2:45</kml:name>
                <kml:styleUrl>#roadStyle</kml:styleUrl>
                <kml:MultiGeometry>
                    <kml:LineString>
                        <kml:coordinates>-119.194852,40.775647 -119.19405,40.775179 -119.193248,40.774711 -119.192446,40.774243 -119.191931,40.773942 -119.191387,40.773625</kml:coordinates>
                    </kml:LineString>
                </kml:MultiGeometry>
            </kml:Placemark>
            <kml:Placemark>
                <kml:name>7:15</kml:name>
                <kml:styleUrl>#roadStyle</kml:styleUrl>
                <kml:MultiGeometry>
                    <kml:LineString>
                        <kml:coordinates>-119.224142,40.781613 -119.225144,40.781512 -119.226147,40.781412 -119.227149,40.781311 -119.227793,40.781247 -119.228474,40.781178</kml:coordinates>
                    </kml:LineString>
                </kml:MultiGeometry>
            </kml:Placemark>
            <kml:Placemark>
                <kml:name>Point 1 Rd.</kml:name>
                <kml:styleUrl>#roadStyle</kml:styleUrl>
                <kml:MultiGeometry>
                    <kml:LineString>
                        <kml:coordinates>-119.227943,40.779152 -119.237425,40.77968</kml:coordinates>
                    </kml:LineString>
                </kml:MultiGeometry>
            </kml:Placemark>
            <kml:Placemark>
                <kml:name>2:00</kml:name>
                <kml:styleUrl>#roadStyle</kml:styleUrl>
                <kml:MultiGeometry>
                    <kml:LineString>
                        <kml:coordinates>-119.199151,40.781466 -119.197634,40.781157 -119.196658,40.780958 -119.195681,40.780759 -119.194705,40.78056 -119.193711,40.780357 -119.192019,40.780012 -119.191043,40.779813 -119.190066,40.779614 -119.18909,40.779415 -119.188462,40.779287 -119.187799,40.779152</kml:coordinates>
                    </kml:LineString>
                </kml:MultiGeometry>
            </kml:Placemark>
            <kml:Placemark>
                <kml:name>Esplanade</kml:name>
                <kml:styleUrl>#roadStyle</kml:styleUrl>
                <kml:MultiGeometry>
                    <kml:LineString>
                        <kml:coordinates>-119.199151,40.781466 -119.199262,40.781178 -119.199388,40.780895 -119.199531,40.780616 -119.19969,40.780342 -119.199864,40.780073 -119.200053,40.779811 -119.200258,40.779555 -119.200477,40.779306 -119.20071,40.779065 -119.200956,40.778831 -119.201216,40.778606 -119.201488,40.77839 -119.201773,40.778183 -119.202069,40.777985 -119.202376,40.777798 -119.202694,40.777621 -119.203021,40.777455 -119.203358,40.777299 -119.203703,40.777155 -119.204056,40.777023 -119.204417,40.776902 -119.204784,40.776794 -119.205157,40.776698 -119.205535,40.776614 -119.205917,40.776543 -119.206304,40.776484 -119.206693,40.776439 -119.207084,40.776406 -119.207477,40.776387 -119.207871,40.77638 -119.208265,40.776387 -119.208658,40.776406 -119.209049,40.776439 -119.209438,40.776484 -119.209825,40.776543 -119.210207,40.776614 -119.210585,40.776698 -119.210958,40.776794 -119.211325,40.776902 -119.211686,40.777023 -119.212039,40.777155 -119.212384,40.777299 -119.212721,40.777455</kml:coordinates>
                    </kml:LineString>
                    <kml:LineString>
                        <kml:coordinates>-119.212721,40.777455 -119.212737,40.777607 -119.212769,40.777791 -119.212822,40.777972 -119.212895,40.778149 -119.212989,40.778321 -119.213101,40.778486 -119.213233,40.778643 -119.213382,40.77879 -119.213547,40.778927 -119.213727,40.779053 -119.213921,40.779166 -119.214127,40.779266 -119.214344,40.779351 -119.21457,40.779422 -119.214803,40.779478 -119.215041,40.779519 -119.215284,40.779543 -119.215484,40.779555</kml:coordinates>
                    </kml:LineString>
                    <kml:LineString>
                        <kml:coordinates>-119.215484,40.779555 -119.215689,40.779811 -119.215878,40.780073 -119.216052,40.780342 -119.216211,40.780616 -119.216354,40.780895 -119.21648,40.781178 -119.216591,40.781466 -119.216684,40.781756 -119.216761,40.78205 -119.216821,40.782346 -119.216864,40.782644 -119.21689,40.782942 -119.216898,40.783242 -119.21689,40.783541 -119.216864,40.78384 -119.216821,40.784137 -119.216761,40.784433 -119.216685,40.784727 -119.216591,40.785018 -119.216481,40.785305 -119.216354,40.785589 -119.216212,40.785868 -119.216053,40.786142 -119.215879,40.78641 -119.215689,40.786673 -119.215485,40.786929 -119.215266,40.787178 -119.215033,40.787419 -119.214787,40.787652 -119.214527,40.787878 -119.214255,40.788094 -119.21397,40.788301 -119.213674,40.788498 -119.213367,40.788686 -119.213049,40.788863 -119.212722,40.789029 -119.212385,40.789184 -119.21204,40.789328 -119.211686,40.789461 -119.211326,40.789581 -119.210959,40.78969 -119.210586,40.789786 -119.210208,40.78987</kml:coordinates>
                    </kml:LineString>
                </kml:MultiGeometry>
            </kml:Placemark>
            <kml:Placemark>
                <kml:name>6:00</kml:name>
                <kml:styleUrl>#roadStyle</kml:styleUrl>
                <kml:MultiGeometry>
                    <kml:LineString>
                        <kml:coordinates>-119.208943,40.782427 -119.213547,40.778927 -119.214277,40.778372 -119.21489,40.777906</kml:coordinates>
                    </kml:LineString>
                </kml:MultiGeometry>
            </kml:Placemark>
            <kml:Placemark>
                <kml:name>12:00</kml:name>
                <kml:styleUrl>#roadStyle</kml:styleUrl>
                <kml:MultiGeometry>
                    <kml:LineString>
                        <kml:coordinates>-119.206799,40.784057 -119.201487,40.788094</kml:coordinates>
                    </kml:LineString>
                </kml:MultiGeometry>
            </kml:Placemark>
            <kml:Placemark>
                <kml:name>6:15</kml:name>
                <kml:styleUrl>#roadStyle</kml:styleUrl>
                <kml:MultiGeometry>
                    <kml:LineString>
                        <kml:coordinates>-119.22089,40.775647 -119.221692,40.775179 -119.222494,40.774711 -119.223296,40.774243 -119.223811,40.773942 -119.224355,40.773625</kml:coordinates>
                    </kml:LineString>
                </kml:MultiGeometry>
            </kml:Placemark>
            <kml:Placemark>
                <kml:name>10:00</kml:name>
                <kml:styleUrl>#roadStyle</kml:styleUrl>
                <kml:MultiGeometry>
                    <kml:LineString>
                        <kml:coordinates>-119.210208,40.78987 -119.210614,40.791023 -119.210876,40.791766 -119.211138,40.792508 -119.2114,40.79325 -119.211666,40.794006 -119.212119,40.795292 -119.212381,40.796034 -119.212643,40.796776 -119.212905,40.797519 -119.213073,40.797996 -119.213251,40.798499</kml:coordinates>
                    </kml:LineString>
                </kml:MultiGeometry>
            </kml:Placemark>
            <kml:Placemark>
                <kml:name>9:00</kml:name>
                <kml:styleUrl>#roadStyle</kml:styleUrl>
                <kml:MultiGeometry>
                    <kml:LineString>
                        <kml:coordinates>-119.208943,40.784057 -119.214255,40.788094</kml:coordinates>
                    </kml:LineString>
                </kml:MultiGeometry>
            </kml:Placemark>
            <kml:Placemark>
                <kml:name>9:45</kml:name>
                <kml:styleUrl>#roadStyle</kml:styleUrl>
                <kml:MultiGeometry>
                    <kml:LineString>
                        <kml:coordinates>-119.214153,40.794767 -119.21454,40.795477 -119.214927,40.796187 -119.215314,40.796897 -119.215563,40.797353 -119.215825,40.797835</kml:coordinates>
                    </kml:LineString>
                </kml:MultiGeometry>
            </kml:Placemark>
            <kml:Placemark>
                <kml:name>2:15</kml:name>
                <kml:styleUrl>#roadStyle</kml:styleUrl>
                <kml:MultiGeometry>
                    <kml:LineString>
                        <kml:coordinates>-119.19271,40.778467 -119.191776,40.778173 -119.190842,40.777879 -119.189908,40.777584 -119.189307,40.777395 -119.188674,40.777196</kml:coordinates>
                    </kml:LineString>
                </kml:MultiGeometry>
            </kml:Placemark>
            <kml:Placemark>
                <kml:name>4:30</kml:name>
                <kml:styleUrl>#roadStyle</kml:styleUrl>
                <kml:MultiGeometry>
                    <kml:LineString>
                        <kml:coordinates>-119.207871,40.77638 -119.207871,40.775186 -119.207871,40.774418 -119.207871,40.773649 -119.207871,40.772881 -119.207871,40.772098 -119.207871,40.770767 -119.207871,40.769999 -119.207871,40.76923 -119.207871,40.768462 -119.207871,40.767968 -119.207871,40.767446</kml:coordinates>
                    </kml:LineString>
                </kml:MultiGeometry>
            </kml:Placemark>
            <kml:Placemark>
                <kml:name>9:00</kml:name>
                <kml:styleUrl>#roadStyle</kml:styleUrl>
                <kml:MultiGeometry>
                    <kml:LineString>
                        <kml:coordinates>-119.214255,40.788094 -119.215366,40.788938 -119.216081,40.789481 -119.216796,40.790025 -119.217511,40.790568 -119.218239,40.791121 -119.219477,40.792062 -119.220192,40.792606 -119.220908,40.793149 -119.221623,40.793692 -119.222083,40.794042 -119.222568,40.79441</kml:coordinates>
                    </kml:LineString>
                </kml:MultiGeometry>
            </kml:Placemark>
            <kml:Placemark>
                <kml:name>5:00</kml:name>
                <kml:styleUrl>#roadStyle</kml:styleUrl>
                <kml:MultiGeometry>
                    <kml:LineString>
                        <kml:coordinates>-119.210207,40.776614 -119.210614,40.775461 -119.210875,40.774718 -119.211137,40.773976 -119.211399,40.773234 -119.211665,40.772478 -119.212118,40.771192 -119.212379,40.77045 -119.212641,40.769708 -119.212903,40.768965 -119.213071,40.768488 -119.213248,40.767984</kml:coordinates>
                    </kml:LineString>
                </kml:MultiGeometry>
            </kml:Placemark>
            <kml:Placemark>
                <kml:name>5:45</kml:name>
                <kml:styleUrl>#roadStyle</kml:styleUrl>
                <kml:MultiGeometry>
                    <kml:LineString>
                        <kml:coordinates>-119.21786,40.773345 -119.218476,40.772735 -119.219091,40.772125 -119.219706,40.771515 -119.220102,40.771123 -119.220519,40.77071</kml:coordinates>
                    </kml:LineString>
                </kml:MultiGeometry>
            </kml:Placemark>
        </kml:Folder>
        <kml:Folder>
            <kml:name>Toilets</kml:name>
            <kml:Placemark>
                <kml:name>Toilet</kml:name>
                <kml:styleUrl>#toiletStyle</kml:styleUrl>
                <kml:Point>
                    <kml:coordinates>-119.204144,40.780646</kml:coordinates>
                </kml:Point>
            </kml:Placemark>
            <kml:Placemark>
                <kml:name>Toilet</kml:name>
                <kml:styleUrl>#toiletStyle</kml:styleUrl>
                <kml:Point>
                    <kml:coordinates>-119.211286,40.786075</kml:coordinates>
                </kml:Point>
            </kml:Placemark>
            <kml:Placemark>
                <kml:name>Toilet</kml:name>
                <kml:styleUrl>#toiletStyle</kml:styleUrl>
                <kml:Point>
                    <kml:coordinates>-119.205885,40.783242</kml:coordinates>
                </kml:Point>
            </kml:Placemark>
            <kml:Placemark>
                <kml:name>Toilet</kml:name>
                <kml:styleUrl>#toiletStyle</kml:styleUrl>
                <kml:Point>
                    <kml:coordinates>-119.198998,40.78776</kml:coordinates>
                </kml:Point>
            </kml:Placemark>
            <kml:Placemark>
                <kml:name>Toilet</kml:name>
                <kml:styleUrl>#toiletStyle</kml:styleUrl>
                <kml:Point>
                    <kml:coordinates>-119.197366,40.781471</kml:coordinates>
                </kml:Point>
            </kml:Placemark>
            <kml:Placemark>
                <kml:name>Toilet</kml:name>
                <kml:styleUrl>#toiletStyle</kml:styleUrl>
                <kml:Point>
                    <kml:coordinates>-119.2102,40.791227</kml:coordinates>
                </kml:Point>
            </kml:Placemark>
            <kml:Placemark>
                <kml:name>Toilet</kml:name>
                <kml:styleUrl>#toiletStyle</kml:styleUrl>
                <kml:Point>
                    <kml:coordinates>-119.190862,40.780374</kml:coordinates>
                </kml:Point>
            </kml:Placemark>
            <kml:Placemark>
                <kml:name>Toilet</kml:name>
                <kml:styleUrl>#toiletStyle</kml:styleUrl>
                <kml:Point>
                    <kml:coordinates>-119.211643,40.796171</kml:coordinates>
                </kml:Point>
            </kml:Placemark>
            <kml:Placemark>
                <kml:name>Toilet</kml:name>
                <kml:styleUrl>#toiletStyle</kml:styleUrl>
                <kml:Point>
                    <kml:coordinates>-119.207871,40.798516</kml:coordinates>
                </kml:Point>
            </kml:Placemark>
            <kml:Placemark>
                <kml:name>Toilet</kml:name>
                <kml:styleUrl>#toiletStyle</kml:styleUrl>
                <kml:Point>
                    <kml:coordinates>-119.203668,40.7993</kml:coordinates>
                </kml:Point>
            </kml:Placemark>
            <kml:Placemark>
                <kml:name>Toilet</kml:name>
                <kml:styleUrl>#toiletStyle</kml:styleUrl>
                <kml:Point>
                    <kml:coordinates>-119.200179,40.797353</kml:coordinates>
                </kml:Point>
            </kml:Placemark>
            <kml:Placemark>
                <kml:name>Toilet</kml:name>
                <kml:styleUrl>#toiletStyle</kml:styleUrl>
                <kml:Point>
                    <kml:coordinates>-119.195839,40.797594</kml:coordinates>
                </kml:Point>
            </kml:Placemark>
            <kml:Placemark>
                <kml:name>Toilet</kml:name>
                <kml:styleUrl>#toiletStyle</kml:styleUrl>
                <kml:Point>
                    <kml:coordinates>-119.188987,40.792384</kml:coordinates>
                </kml:Point>
            </kml:Placemark>
            <kml:Placemark>
                <kml:name>Toilet</kml:name>
                <kml:styleUrl>#toiletStyle</kml:styleUrl>
                <kml:Point>
                    <kml:coordinates>-119.196441,40.778336</kml:coordinates>
                </kml:Point>
            </kml:Placemark>
            <kml:Placemark>
                <kml:name>Toilet</kml:name>
                <kml:styleUrl>#toiletStyle</kml:styleUrl>
                <kml:Point>
                    <kml:coordinates>-119.192283,40.77651</kml:coordinates>
                </kml:Point>
            </kml:Placemark>
            <kml:Placemark>
                <kml:name>Toilet</kml:name>
                <kml:styleUrl>#toiletStyle</kml:styleUrl>
                <kml:Point>
                    <kml:coordinates>-119.197952,40.775993</kml:coordinates>
                </kml:Point>
            </kml:Placemark>
            <kml:Placemark>
                <kml:name>Toilet</kml:name>
                <kml:styleUrl>#toiletStyle</kml:styleUrl>
                <kml:Point>
                    <kml:coordinates>-119.194391,40.773129</kml:coordinates>
                </kml:Point>
            </kml:Placemark>
            <kml:Placemark>
                <kml:name>Toilet</kml:name>
                <kml:styleUrl>#toiletStyle</kml:styleUrl>
                <kml:Point>
                    <kml:coordinates>-119.2012,40.774649</kml:coordinates>
                </kml:Point>
            </kml:Placemark>
            <kml:Placemark>
                <kml:name>Toilet</kml:name>
                <kml:styleUrl>#toiletStyle</kml:styleUrl>
                <kml:Point>
                    <kml:coordinates>-119.198799,40.771488</kml:coordinates>
                </kml:Point>
            </kml:Placemark>
            <kml:Placemark>
                <kml:name>Toilet</kml:name>
                <kml:styleUrl>#toiletStyle</kml:styleUrl>
                <kml:Point>
                    <kml:coordinates>-119.204352,40.77363</kml:coordinates>
                </kml:Point>
            </kml:Placemark>
            <kml:Placemark>
                <kml:name>Toilet</kml:name>
                <kml:styleUrl>#toiletStyle</kml:styleUrl>
                <kml:Point>
                    <kml:coordinates>-119.20311,40.770104</kml:coordinates>
                </kml:Point>
            </kml:Placemark>
            <kml:Placemark>
                <kml:name>Toilet</kml:name>
                <kml:styleUrl>#toiletStyle</kml:styleUrl>
                <kml:Point>
                    <kml:coordinates>-119.207745,40.773265</kml:coordinates>
                </kml:Point>
            </kml:Placemark>
            <kml:Placemark>
                <kml:name>Toilet</kml:name>
                <kml:styleUrl>#toiletStyle</kml:styleUrl>
                <kml:Point>
                    <kml:coordinates>-119.207745,40.768846</kml:coordinates>
                </kml:Point>
            </kml:Placemark>
            <kml:Placemark>
                <kml:name>Toilet</kml:name>
                <kml:styleUrl>#toiletStyle</kml:styleUrl>
                <kml:Point>
                    <kml:coordinates>-119.211146,40.77358</kml:coordinates>
                </kml:Point>
            </kml:Placemark>
            <kml:Placemark>
                <kml:name>Toilet</kml:name>
                <kml:styleUrl>#toiletStyle</kml:styleUrl>
                <kml:Point>
                    <kml:coordinates>-119.212388,40.770054</kml:coordinates>
                </kml:Point>
            </kml:Placemark>
            <kml:Placemark>
                <kml:name>Toilet</kml:name>
                <kml:styleUrl>#toiletStyle</kml:styleUrl>
                <kml:Point>
                    <kml:coordinates>-119.214323,40.774553</kml:coordinates>
                </kml:Point>
            </kml:Placemark>
            <kml:Placemark>
                <kml:name>Toilet</kml:name>
                <kml:styleUrl>#toiletStyle</kml:styleUrl>
                <kml:Point>
                    <kml:coordinates>-119.216724,40.771392</kml:coordinates>
                </kml:Point>
            </kml:Placemark>
            <kml:Placemark>
                <kml:name>Toilet</kml:name>
                <kml:styleUrl>#toiletStyle</kml:styleUrl>
                <kml:Point>
                    <kml:coordinates>-119.21706,40.776548</kml:coordinates>
                </kml:Point>
            </kml:Placemark>
            <kml:Placemark>
                <kml:name>Toilet</kml:name>
                <kml:styleUrl>#toiletStyle</kml:styleUrl>
                <kml:Point>
                    <kml:coordinates>-119.221172,40.772993</kml:coordinates>
                </kml:Point>
            </kml:Placemark>
            <kml:Placemark>
                <kml:name>Toilet</kml:name>
                <kml:styleUrl>#toiletStyle</kml:styleUrl>
                <kml:Point>
                    <kml:coordinates>-119.219301,40.778336</kml:coordinates>
                </kml:Point>
            </kml:Placemark>
            <kml:Placemark>
                <kml:name>Toilet</kml:name>
                <kml:styleUrl>#toiletStyle</kml:styleUrl>
                <kml:Point>
                    <kml:coordinates>-119.223459,40.77651</kml:coordinates>
                </kml:Point>
            </kml:Placemark>
            <kml:Placemark>
                <kml:name>Toilet</kml:name>
                <kml:styleUrl>#toiletStyle</kml:styleUrl>
                <kml:Point>
                    <kml:coordinates>-119.220582,40.780752</kml:coordinates>
                </kml:Point>
            </kml:Placemark>
            <kml:Placemark>
                <kml:name>Toilet</kml:name>
                <kml:styleUrl>#toiletStyle</kml:styleUrl>
                <kml:Point>
                    <kml:coordinates>-119.22522,40.779806</kml:coordinates>
                </kml:Point>
            </kml:Placemark>
            <kml:Placemark>
                <kml:name>Toilet</kml:name>
                <kml:styleUrl>#toiletStyle</kml:styleUrl>
                <kml:Point>
                    <kml:coordinates>-119.220997,40.783337</kml:coordinates>
                </kml:Point>
            </kml:Placemark>
            <kml:Placemark>
                <kml:name>Toilet</kml:name>
                <kml:styleUrl>#toiletStyle</kml:styleUrl>
                <kml:Point>
                    <kml:coordinates>-119.226811,40.783337</kml:coordinates>
                </kml:Point>
            </kml:Placemark>
            <kml:Placemark>
                <kml:name>Toilet</kml:name>
                <kml:styleUrl>#toiletStyle</kml:styleUrl>
                <kml:Point>
                    <kml:coordinates>-119.220518,40.785916</kml:coordinates>
                </kml:Point>
            </kml:Placemark>
            <kml:Placemark>
                <kml:name>Toilet</kml:name>
                <kml:styleUrl>#toiletStyle</kml:styleUrl>
                <kml:Point>
                    <kml:coordinates>-119.225157,40.78686</kml:coordinates>
                </kml:Point>
            </kml:Placemark>
            <kml:Placemark>
                <kml:name>Toilet</kml:name>
                <kml:styleUrl>#toiletStyle</kml:styleUrl>
                <kml:Point>
                    <kml:coordinates>-119.219176,40.788313</kml:coordinates>
                </kml:Point>
            </kml:Placemark>
            <kml:Placemark>
                <kml:name>Toilet</kml:name>
                <kml:styleUrl>#toiletStyle</kml:styleUrl>
                <kml:Point>
                    <kml:coordinates>-119.223336,40.790138</kml:coordinates>
                </kml:Point>
            </kml:Placemark>
            <kml:Placemark>
                <kml:name>Toilet</kml:name>
                <kml:styleUrl>#toiletStyle</kml:styleUrl>
                <kml:Point>
                    <kml:coordinates>-119.217409,40.790781</kml:coordinates>
                </kml:Point>
            </kml:Placemark>
            <kml:Placemark>
                <kml:name>Toilet</kml:name>
                <kml:styleUrl>#toiletStyle</kml:styleUrl>
                <kml:Point>
                    <kml:coordinates>-119.221176,40.793489</kml:coordinates>
                </kml:Point>
            </kml:Placemark>
            <kml:Placemark>
                <kml:name>Toilet</kml:name>
                <kml:styleUrl>#toiletStyle</kml:styleUrl>
                <kml:Point>
                    <kml:coordinates>-119.214325,40.79193</kml:coordinates>
                </kml:Point>
            </kml:Placemark>
            <kml:Placemark>
                <kml:name>Toilet</kml:name>
                <kml:styleUrl>#toiletStyle</kml:styleUrl>
                <kml:Point>
                    <kml:coordinates>-119.216727,40.795092</kml:coordinates>
                </kml:Point>
            </kml:Placemark>
        </kml:Folder>
        <kml:Folder>
            <kml:name>POIs</kml:name>
            <kml:Placemark>
                <kml:name>The Man</kml:name>
                <kml:styleUrl>#manStyle</kml:styleUrl>
                <kml:Point>
                    <kml:coordinates>-119.207871,40.783242</kml:coordinates>
                </kml:Point>
            </kml:Placemark>
            <kml:Placemark>
                <kml:name>Center Camp Canopy</kml:name>
                <kml:styleUrl>#poiStyle</kml:styleUrl>
                <kml:Point>
                    <kml:coordinates>-119.215528,40.777421</kml:coordinates>
                </kml:Point>
            </kml:Placemark>
            <kml:Placemark>
                <kml:name>Temple</kml:name>
                <kml:styleUrl>#templeStyle</kml:styleUrl>
                <kml:Point>
                    <kml:coordinates>-119.201487,40.788094</kml:coordinates>
                </kml:Point>
            </kml:Placemark>
            <kml:Placemark>
                <kml:name>8-Mile Entrance</kml:name>
                <kml:styleUrl>#poiStyle</kml:styleUrl>
                <kml:Point>
                    <kml:coordinates>-119.27787,40.75386</kml:coordinates>
                </kml:Point>
            </kml:Placemark>
            <kml:Placemark>
                <kml:name>12-Mile Entrance</kml:name>
                <kml:styleUrl>#poiStyle</kml:styleUrl>
                <kml:Point>
                    <kml:coordinates>-119.26393,40.77623</kml:coordinates>
                </kml:Point>
            </kml:Placemark>
            <kml:Placemark>
                <kml:name>DPW</kml:name>
                <kml:styleUrl>#poiStyle</kml:styleUrl>
                <kml:Point>
                    <kml:coordinates>-119.219468,40.767969</kml:coordinates>
                </kml:Point>
            </kml:Placemark>
            <kml:Placemark>
                <kml:name>Services</kml:name>
                <kml:styleUrl>#poiStyle</kml:styleUrl>
                <kml:Point>
                    <kml:coordinates>-119.22796,40.774423</kml:coordinates>
                </kml:Point>
            </kml:Placemark>
            <kml:Placemark>
                <kml:name>Hell Station</kml:name>
                <kml:styleUrl>hellStyle</kml:styleUrl>
                <kml:Point>
                    <kml:coordinates>-119.220151,40.799405</kml:coordinates>
                </kml:Point>
            </kml:Placemark>
            <kml:Placemark>
                <kml:name>Port of Entry</kml:name>
                <kml:styleUrl>#airportStyle</kml:styleUrl>
                <kml:Point>
                    <kml:coordinates>-119.212551,40.760776</kml:coordinates>
                </kml:Point>
            </kml:Placemark>
            <kml:Placemark>
                <kml:name>First Aid (Main)</kml:name>
                <kml:styleUrl>#firstAidStyle</kml:styleUrl>
                <kml:Point>
                    <kml:coordinates>-119.211394,40.776776</kml:coordinates>
                </kml:Point>
            </kml:Placemark>
            <kml:Placemark>
                <kml:name>First Aid (3:00)</kml:name>
                <kml:styleUrl>#firstAidStyle</kml:styleUrl>
                <kml:Point>
                    <kml:coordinates>-119.198901,40.776326</kml:coordinates>
                </kml:Point>
            </kml:Placemark>
            <kml:Placemark>
                <kml:name>First Aid (9:00)</kml:name>
                <kml:styleUrl>#firstAidStyle</kml:styleUrl>
                <kml:Point>
                    <kml:coordinates>-119.216843,40.790158</kml:coordinates>
                </kml:Point>
            </kml:Placemark>
            <kml:Placemark>
                <kml:name>Ranger HQ</kml:name>
                <kml:styleUrl>#rangerStyle</kml:styleUrl>
                <kml:Point>
                    <kml:coordinates>-119.215845,40.779742</kml:coordinates>
                </kml:Point>
            </kml:Placemark>
            <kml:Placemark>
                <kml:name>Ranger Outpost (Berlin)</kml:name>
                <kml:styleUrl>#rangerStyle</kml:styleUrl>
                <kml:Point>
                    <kml:coordinates>-119.198774,40.776423</kml:coordinates>
                </kml:Point>
            </kml:Placemark>
            <kml:Placemark>
                <kml:name>Ranger Outpost (Tokyo)</kml:name>
                <kml:styleUrl>#rangerStyle</kml:styleUrl>
                <kml:Point>
                    <kml:coordinates>-119.21697,40.790061</kml:coordinates>
                </kml:Point>
            </kml:Placemark>
            <kml:Placemark>
                <kml:name>Greeters</kml:name>
                <kml:styleUrl>#greeterStyle</kml:styleUrl>
                <kml:Point>
                    <kml:coordinates>-119.224975,40.770237</kml:coordinates>
                </kml:Point>
            </kml:Placemark>
            <kml:Placemark>
                <kml:name>Playa Info</kml:name>
                <kml:styleUrl>#infoStyle</kml:styleUrl>
                <kml:Point>
                    <kml:coordinates>-119.213036,40.778125</kml:coordinates>
                </kml:Point>
            </kml:Placemark>
            <kml:Placemark>
                <kml:name>Point 1</kml:name>
                <kml:styleUrl>#poiStyle</kml:styleUrl>
                <kml:Point>
                    <kml:coordinates>-119.237425,40.77968</kml:coordinates>
                </kml:Point>
            </kml:Placemark>
            <kml:Placemark>
                <kml:name>Point 2</kml:name>
                <kml:styleUrl>#poiStyle</kml:styleUrl>
                <kml:Point>
                    <kml:coordinates>-119.22146,40.803508</kml:coordinates>
                </kml:Point>
            </kml:Placemark>
            <kml:Placemark>
                <kml:name>Point 3</kml:name>
                <kml:styleUrl>#poiStyle</kml:styleUrl>
                <kml:Point>
                    <kml:coordinates>-119.186707,40.799324</kml:coordinates>
                </kml:Point>
            </kml:Placemark>
            <kml:Placemark>
                <kml:name>Point 4</kml:name>
                <kml:styleUrl>#poiStyle</kml:styleUrl>
                <kml:Point>
                    <kml:coordinates>-119.181213,40.772913</kml:coordinates>
                </kml:Point>
            </kml:Placemark>
            <kml:Placemark>
                <kml:name>Point 5</kml:name>
                <kml:styleUrl>#poiStyle</kml:styleUrl>
                <kml:Point>
                    <kml:coordinates>-119.212551,40.760776</kml:coordinates>
                </kml:Point>
            </kml:Placemark>
        </kml:Folder>
        <kml:Folder>
            <kml:name>Plazas</kml:name>
            <kml:Placemark>
                <kml:name>3:00 Civic Plaza</kml:name>
                <kml:styleUrl>#plazaStyle</kml:styleUrl>
                <kml:Polygon>
                    <kml:outerBoundaryIs>
                        <kml:LinearRing>
                            <kml:coordinates>-119.199663,40.777276 -119.199616,40.777274 -119.19957,40.777267 -119.199525,40.777256 -119.199482,40.77724 -119.199443,40.77722 -119.199408,40.777196 -119.199377,40.777169 -119.19935,40.777139 -119.199329,40.777107 -119.199314,40.777073 -119.199305,40.777038 -119.199302,40.777002 -119.199305,40.776966 -119.199314,40.776931 -119.199329,40.776897 -119.19935,40.776865 -119.199377,40.776835 -119.199408,40.776808 -119.199443,40.776784 -119.199482,40.776764 -119.199525,40.776748 -119.19957,40.776737 -119.199616,40.77673 -119.199663,40.776728 -119.19971,40.77673 -119.199756,40.776737 -119.199801,40.776748 -119.199844,40.776764 -119.199883,40.776784 -119.199918,40.776808 -119.199949,40.776835 -119.199976,40.776865 -119.199997,40.776897 -119.200012,40.776931 -119.200021,40.776966 -119.200024,40.777002 -119.200021,40.777038 -119.200012,40.777073 -119.199997,40.777107 -119.199976,40.777139 -119.199949,40.777169 -119.199918,40.777196 -119.199883,40.77722 -119.199844,40.77724 -119.199801,40.777256 -119.199756,40.777267 -119.19971,40.777274 -119.199663,40.777276</kml:coordinates>
                        </kml:LinearRing>
                    </kml:outerBoundaryIs>
                </kml:Polygon>
            </kml:Placemark>
            <kml:Placemark>
                <kml:name>4:30 Civic Plaza</kml:name>
                <kml:styleUrl>#plazaStyle</kml:styleUrl>
                <kml:Polygon>
                    <kml:outerBoundaryIs>
                        <kml:LinearRing>
                            <kml:coordinates>-119.207871,40.774692 -119.207824,40.77469 -119.207778,40.774683 -119.207733,40.774672 -119.20769,40.774656 -119.207651,40.774636 -119.207616,40.774612 -119.207585,40.774585 -119.207558,40.774555 -119.207537,40.774523 -119.207522,40.774489 -119.207513,40.774454 -119.20751,40.774418 -119.207513,40.774382 -119.207522,40.774347 -119.207537,40.774313 -119.207558,40.774281 -119.207585,40.774251 -119.207616,40.774224 -119.207651,40.7742 -119.20769,40.77418 -119.207733,40.774164 -119.207778,40.774153 -119.207824,40.774146 -119.207871,40.774144 -119.207918,40.774146 -119.207964,40.774153 -119.208009,40.774164 -119.208052,40.77418 -119.208091,40.7742 -119.208126,40.774224 -119.208157,40.774251 -119.208184,40.774281 -119.208205,40.774313 -119.20822,40.774347 -119.208229,40.774382 -119.208232,40.774418 -119.208229,40.774454 -119.20822,40.774489 -119.208205,40.774523 -119.208184,40.774555 -119.208157,40.774585 -119.208126,40.774612 -119.208091,40.774636 -119.208052,40.774656 -119.208009,40.774672 -119.207964,40.774683 -119.207918,40.77469 -119.207871,40.774692</kml:coordinates>
                        </kml:LinearRing>
                    </kml:outerBoundaryIs>
                </kml:Polygon>
            </kml:Placemark>
            <kml:Placemark>
                <kml:name>7:30 Civic Plaza</kml:name>
                <kml:styleUrl>#plazaStyle</kml:styleUrl>
                <kml:Polygon>
                    <kml:outerBoundaryIs>
                        <kml:LinearRing>
                            <kml:coordinates>-119.21948,40.783515 -119.219433,40.783513 -119.219387,40.783506 -119.219342,40.783495 -119.219299,40.783479 -119.21926,40.783459 -119.219225,40.783435 -119.219194,40.783408 -119.219167,40.783378 -119.219146,40.783346 -119.219131,40.783312 -119.219122,40.783277 -119.219119,40.783241 -119.219122,40.783205 -119.219131,40.78317 -119.219146,40.783136 -119.219167,40.783104 -119.219194,40.783074 -119.219225,40.783047 -119.21926,40.783023 -119.219299,40.783003 -119.219342,40.782987 -119.219387,40.782976 -119.219433,40.782969 -119.21948,40.782967 -119.219527,40.782969 -119.219573,40.782976 -119.219618,40.782987 -119.219661,40.783003 -119.2197,40.783023 -119.219735,40.783047 -119.219766,40.783074 -119.219793,40.783104 -119.219814,40.783136 -119.219829,40.78317 -119.219838,40.783205 -119.219841,40.783241 -119.219838,40.783277 -119.219829,40.783312 -119.219814,40.783346 -119.219793,40.783378 -119.219766,40.783408 -119.219735,40.783435 -119.2197,40.783459 -119.219661,40.783479 -119.219618,40.783495 -119.219573,40.783506 -119.219527,40.783513 -119.21948,40.783515</kml:coordinates>
                        </kml:LinearRing>
                    </kml:outerBoundaryIs>
                </kml:Polygon>
            </kml:Placemark>
            <kml:Placemark>
                <kml:name>9:00 Civic Plaza</kml:name>
                <kml:styleUrl>#plazaStyle</kml:styleUrl>
                <kml:Polygon>
                    <kml:outerBoundaryIs>
                        <kml:LinearRing>
                            <kml:coordinates>-119.216081,40.789755 -119.216034,40.789753 -119.215988,40.789746 -119.215943,40.789735 -119.2159,40.789719 -119.215861,40.789699 -119.215826,40.789675 -119.215794,40.789648 -119.215768,40.789618 -119.215747,40.789586 -119.215732,40.789552 -119.215723,40.789517 -119.21572,40.789481 -119.215723,40.789445 -119.215732,40.78941 -119.215747,40.789376 -119.215768,40.789344 -119.215794,40.789314 -119.215826,40.789287 -119.215861,40.789263 -119.2159,40.789243 -119.215943,40.789227 -119.215988,40.789216 -119.216034,40.789209 -119.216081,40.789207 -119.216128,40.789209 -119.216174,40.789216 -119.216219,40.789227 -119.216262,40.789243 -119.216301,40.789263 -119.216336,40.789287 -119.216368,40.789314 -119.216394,40.789344 -119.216415,40.789376 -119.21643,40.78941 -119.216439,40.789445 -119.216442,40.789481 -119.216439,40.789517 -119.21643,40.789552 -119.216415,40.789586 -119.216394,40.789618 -119.216368,40.789648 -119.216336,40.789675 -119.216301,40.789699 -119.216262,40.789719 -119.216219,40.789735 -119.216174,40.789746 -119.216128,40.789753 -119.216081,40.789755</kml:coordinates>
                        </kml:LinearRing>
                    </kml:outerBoundaryIs>
                </kml:Polygon>
            </kml:Placemark>
            <kml:Placemark>
                <kml:name>3:00 Public Plaza</kml:name>
                <kml:styleUrl>#plazaStyle</kml:styleUrl>
                <kml:Polygon>
                    <kml:outerBoundaryIs>
                        <kml:LinearRing>
                            <kml:coordinates>-119.195553,40.774151 -119.195506,40.774149 -119.19546,40.774142 -119.195415,40.774131 -119.195372,40.774115 -119.195333,40.774095 -119.195298,40.774071 -119.195267,40.774044 -119.19524,40.774014 -119.195219,40.773982 -119.195204,40.773948 -119.195195,40.773913 -119.195192,40.773877 -119.195195,40.773841 -119.195204,40.773806 -119.195219,40.773772 -119.19524,40.77374 -119.195267,40.77371 -119.195298,40.773683 -119.195333,40.773659 -119.195372,40.773639 -119.195415,40.773623 -119.19546,40.773612 -119.195506,40.773605 -119.195553,40.773603 -119.1956,40.773605 -119.195646,40.773612 -119.195691,40.773623 -119.195734,40.773639 -119.195773,40.773659 -119.195808,40.773683 -119.195839,40.77371 -119.195866,40.77374 -119.195887,40.773772 -119.195902,40.773806 -119.195911,40.773841 -119.195914,40.773877 -119.195911,40.773913 -119.195902,40.773948 -119.195887,40.773982 -119.195866,40.774014 -119.195839,40.774044 -119.195808,40.774071 -119.195773,40.774095 -119.195734,40.774115 -119.195691,40.774131 -119.195646,40.774142 -119.1956,40.774149 -119.195553,40.774151</kml:coordinates>
                        </kml:LinearRing>
                    </kml:outerBoundaryIs>
                </kml:Polygon>
            </kml:Placemark>
            <kml:Placemark>
                <kml:name>6:00 Public Plaza</kml:name>
                <kml:styleUrl>#plazaStyle</kml:styleUrl>
                <kml:Polygon>
                    <kml:outerBoundaryIs>
                        <kml:LinearRing>
                            <kml:coordinates>-119.220189,40.774151 -119.220142,40.774149 -119.220096,40.774142 -119.220051,40.774131 -119.220008,40.774115 -119.219969,40.774095 -119.219934,40.774071 -119.219903,40.774044 -119.219876,40.774014 -119.219855,40.773982 -119.21984,40.773948 -119.219831,40.773913 -119.219828,40.773877 -119.219831,40.773841 -119.21984,40.773806 -119.219855,40.773772 -119.219876,40.77374 -119.219903,40.77371 -119.219934,40.773683 -119.219969,40.773659 -119.220008,40.773639 -119.220051,40.773623 -119.220096,40.773612 -119.220142,40.773605 -119.220189,40.773603 -119.220236,40.773605 -119.220282,40.773612 -119.220327,40.773623 -119.22037,40.773639 -119.220409,40.773659 -119.220444,40.773683 -119.220475,40.77371 -119.220502,40.77374 -119.220523,40.773772 -119.220538,40.773806 -119.220547,40.773841 -119.22055,40.773877 -119.220547,40.773913 -119.220538,40.773948 -119.220523,40.773982 -119.220502,40.774014 -119.220475,40.774044 -119.220444,40.774071 -119.220409,40.774095 -119.22037,40.774115 -119.220327,40.774131 -119.220282,40.774142 -119.220236,40.774149 -119.220189,40.774151</kml:coordinates>
                        </kml:LinearRing>
                    </kml:outerBoundaryIs>
                </kml:Polygon>
            </kml:Placemark>
            <kml:Placemark>
                <kml:name>9:00 Public Plaza</kml:name>
                <kml:styleUrl>#plazaStyle</kml:styleUrl>
                <kml:Polygon>
                    <kml:outerBoundaryIs>
                        <kml:LinearRing>
                            <kml:coordinates>-119.220192,40.79288 -119.220145,40.792878 -119.220099,40.792871 -119.220054,40.79286 -119.220011,40.792844 -119.219972,40.792824 -119.219937,40.7928 -119.219905,40.792773 -119.219879,40.792743 -119.219858,40.792711 -119.219843,40.792677 -119.219834,40.792642 -119.219831,40.792606 -119.219834,40.79257 -119.219843,40.792535 -119.219858,40.792501 -119.219879,40.792469 -119.219905,40.792439 -119.219937,40.792412 -119.219972,40.792388 -119.220011,40.792368 -119.220054,40.792352 -119.220099,40.792341 -119.220145,40.792334 -119.220192,40.792332 -119.220239,40.792334 -119.220285,40.792341 -119.22033,40.792352 -119.220373,40.792368 -119.220412,40.792388 -119.220447,40.792412 -119.220479,40.792439 -119.220505,40.792469 -119.220526,40.792501 -119.220541,40.792535 -119.22055,40.79257 -119.220553,40.792606 -119.22055,40.792642 -119.220541,40.792677 -119.220526,40.792711 -119.220505,40.792743 -119.220479,40.792773 -119.220447,40.7928 -119.220412,40.792824 -119.220373,40.792844 -119.22033,40.79286 -119.220285,40.792871 -119.220239,40.792878 -119.220192,40.79288</kml:coordinates>
                        </kml:LinearRing>
                    </kml:outerBoundaryIs>
                </kml:Polygon>
            </kml:Placemark>
            <kml:Placemark>
                <kml:name>4:30 Art Plaza</kml:name>
                <kml:styleUrl>#plazaStyle</kml:styleUrl>
                <kml:Polygon>
                    <kml:outerBoundaryIs>
                        <kml:LinearRing>
                            <kml:coordinates>-119.207871,40.770273 -119.207824,40.770271 -119.207778,40.770264 -119.207733,40.770253 -119.20769,40.770237 -119.207651,40.770217 -119.207616,40.770193 -119.207585,40.770166 -119.207558,40.770136 -119.207537,40.770104 -119.207522,40.77007 -119.207513,40.770035 -119.20751,40.769999 -119.207513,40.769963 -119.207522,40.769928 -119.207537,40.769894 -119.207558,40.769862 -119.207585,40.769832 -119.207616,40.769805 -119.207651,40.769781 -119.20769,40.769761 -119.207733,40.769745 -119.207778,40.769734 -119.207824,40.769727 -119.207871,40.769725 -119.207918,40.769727 -119.207964,40.769734 -119.208009,40.769745 -119.208052,40.769761 -119.208091,40.769781 -119.208126,40.769805 -119.208157,40.769832 -119.208184,40.769862 -119.208205,40.769894 -119.20822,40.769928 -119.208229,40.769963 -119.208232,40.769999 -119.208229,40.770035 -119.20822,40.77007 -119.208205,40.770104 -119.208184,40.770136 -119.208157,40.770166 -119.208126,40.770193 -119.208091,40.770217 -119.208052,40.770237 -119.208009,40.770253 -119.207964,40.770264 -119.207918,40.770271 -119.207871,40.770273</kml:coordinates>
                        </kml:LinearRing>
                    </kml:outerBoundaryIs>
                </kml:Polygon>
            </kml:Placemark>
            <kml:Placemark>
                <kml:name>7:30 Art Plaza</kml:name>
                <kml:styleUrl>#plazaStyle</kml:styleUrl>
                <kml:Polygon>
                    <kml:outerBoundaryIs>
                        <kml:LinearRing>
                            <kml:coordinates>-119.225294,40.783515 -119.225247,40.783513 -119.225201,40.783506 -119.225156,40.783495 -119.225113,40.783479 -119.225074,40.783459 -119.225039,40.783435 -119.225008,40.783408 -119.224981,40.783378 -119.22496,40.783346 -119.224945,40.783312 -119.224936,40.783277 -119.224933,40.783241 -119.224936,40.783205 -119.224945,40.78317 -119.22496,40.783136 -119.224981,40.783104 -119.225008,40.783074 -119.225039,40.783047 -119.225074,40.783023 -119.225113,40.783003 -119.225156,40.782987 -119.225201,40.782976 -119.225247,40.782969 -119.225294,40.782967 -119.225341,40.782969 -119.225387,40.782976 -119.225432,40.782987 -119.225475,40.783003 -119.225514,40.783023 -119.225549,40.783047 -119.22558,40.783074 -119.225607,40.783104 -119.225628,40.783136 -119.225643,40.78317 -119.225652,40.783205 -119.225655,40.783241 -119.225652,40.783277 -119.225643,40.783312 -119.225628,40.783346 -119.225607,40.783378 -119.22558,40.783408 -119.225549,40.783435 -119.225514,40.783459 -119.225475,40.783479 -119.225432,40.783495 -119.225387,40.783506 -119.225341,40.783513 -119.225294,40.783515</kml:coordinates>
                        </kml:LinearRing>
                    </kml:outerBoundaryIs>
                </kml:Polygon>
            </kml:Placemark>
            <kml:Placemark>
                <kml:name></kml:name>
                <kml:description>12:00 L3K Ring</kml:description>
                <kml:styleUrl>#plazaStyle</kml:styleUrl>
                <kml:Polygon>
                    <kml:outerBoundaryIs>
                        <kml:LinearRing>
                            <kml:coordinates>-119.207871,40.78434 -119.207682,40.78433 -119.207497,40.784302 -119.207318,40.784256 -119.207149,40.784193 -119.206992,40.784113 -119.20685,40.784018 -119.206725,40.78391 -119.20662,40.783791 -119.206537,40.783662 -119.206476,40.783526 -119.206439,40.783385 -119.206427,40.783242 -119.206439,40.783099 -119.206476,40.782958 -119.206537,40.782822 -119.20662,40.782693 -119.206725,40.782574 -119.20685,40.782466 -119.206992,40.782371 -119.207149,40.782291 -119.207318,40.782228 -119.207497,40.782182 -119.207682,40.782154 -119.207871,40.782144 -119.20806,40.782154 -119.208245,40.782182 -119.208424,40.782228 -119.208593,40.782291 -119.20875,40.782371 -119.208892,40.782466 -119.209017,40.782574 -119.209122,40.782693 -119.209205,40.782822 -119.209266,40.782958 -119.209303,40.783099 -119.209315,40.783242 -119.209303,40.783385 -119.209266,40.783526 -119.209205,40.783662 -119.209122,40.783791 -119.209017,40.78391 -119.208892,40.784018 -119.20875,40.784113 -119.208593,40.784193 -119.208424,40.784256 -119.208245,40.784302 -119.20806,40.78433 -119.207871,40.78434</kml:coordinates>
                        </kml:LinearRing>
                    </kml:outerBoundaryIs>
                </kml:Polygon>
            </kml:Placemark>
            <kml:Placemark>
                <kml:name>Center Camp Canopy</kml:name>
                <kml:styleUrl>#plazaStyle</kml:styleUrl>
                <kml:Polygon>
                    <kml:outerBoundaryIs>
                        <kml:LinearRing>
                            <kml:coordinates>-119.215209,40.777664 -119.215182,40.777642 -119.215158,40.777618 -119.215137,40.777593 -119.215119,40.777566 -119.215104,40.777538 -119.215092,40.77751 -119.215084,40.777481 -119.215078,40.777451 -119.215077,40.777421 -119.215078,40.777391 -119.215084,40.777361 -119.215092,40.777332 -119.215104,40.777304 -119.215119,40.777276 -119.215137,40.777249 -119.215158,40.777224 -119.215182,40.7772 -119.215209,40.777178 -119.215238,40.777158 -119.215269,40.77714 -119.215302,40.777124 -119.215337,40.77711 -119.215374,40.777099 -119.215411,40.77709 -119.21545,40.777083 -119.215489,40.777079 -119.215528,40.777078 -119.215567,40.777079 -119.215606,40.777083 -119.215645,40.77709 -119.215682,40.777099 -119.215719,40.77711 -119.215754,40.777124 -119.215787,40.77714 -119.215818,40.777158 -119.215847,40.777178 -119.215874,40.7772 -119.215898,40.777224 -119.215919,40.777249 -119.215937,40.777276 -119.215952,40.777304 -119.215964,40.777332 -119.215972,40.777361 -119.215978,40.777391 -119.215979,40.777421 -119.215978,40.777451 -119.215972,40.777481 -119.215964,40.77751 -119.215952,40.777538 -119.215937,40.777566 -119.215919,40.777593 -119.215898,40.777618 -119.215874,40.777642 -119.215847,40.777664 -119.215818,40.777684 -119.215787,40.777702 -119.215754,40.777718 -119.215719,40.777732 -119.215682,40.777743 -119.215645,40.777752 -119.215606,40.777759 -119.215567,40.777763 -119.215528,40.777764 -119.215489,40.777763 -119.21545,40.777759 -119.215411,40.777752 -119.215374,40.777743 -119.215337,40.777732 -119.215302,40.777718 -119.215269,40.777702 -119.215238,40.777684 -119.215209,40.777664</kml:coordinates>
                        </kml:LinearRing>
                    </kml:outerBoundaryIs>
                </kml:Polygon>
            </kml:Placemark>
            <kml:Placemark>
                <kml:name></kml:name>
                <kml:description>12:00 Temple</kml:description>
                <kml:styleUrl>#plazaStyle</kml:styleUrl>
                <kml:Polygon>
                    <kml:outerBoundaryIs>
                        <kml:LinearRing>
                            <kml:coordinates>-119.201104,40.788385 -119.201072,40.788359 -119.201043,40.78833 -119.201018,40.7883 -119.200996,40.788268 -119.200978,40.788235 -119.200964,40.788201 -119.200954,40.788165 -119.200947,40.78813 -119.200945,40.788094 -119.200949,40.788063 -119.200954,40.788023 -119.200964,40.787987 -119.200978,40.787953 -119.200996,40.78792 -119.201018,40.787888 -119.201043,40.787858 -119.201072,40.787829 -119.201104,40.787803 -119.201139,40.787779 -119.201176,40.787757 -119.201216,40.787737 -119.201258,40.787721 -119.201302,40.787707 -119.201347,40.787696 -119.201393,40.787689 -119.20144,40.787684 -119.201481,40.787692 -119.201534,40.787684 -119.201581,40.787689 -119.201627,40.787696 -119.201672,40.787707 -119.201716,40.787721 -119.201758,40.787737 -119.201798,40.787757 -119.201835,40.787779 -119.20187,40.787803 -119.201902,40.787829 -119.201931,40.787858 -119.201956,40.787888 -119.201978,40.78792 -119.201996,40.787953 -119.20201,40.787987 -119.20202,40.788023 -119.202027,40.788058 -119.202016,40.788099 -119.202027,40.78813 -119.20202,40.788165 -119.20201,40.788201 -119.201996,40.788235 -119.201978,40.788268 -119.201956,40.7883 -119.201931,40.78833 -119.201902,40.788359 -119.20187,40.788385 -119.201835,40.788409 -119.201798,40.788431 -119.201758,40.788451 -119.201716,40.788467 -119.201672,40.788481 -119.201627,40.788492 -119.201581,40.788499 -119.201528,40.788503 -119.201487,40.788506 -119.20144,40.788504 -119.201393,40.788499 -119.201347,40.788492 -119.201302,40.788481 -119.201258,40.788467 -119.201216,40.788451 -119.201176,40.788431 -119.201139,40.788409 -119.201104,40.788385</kml:coordinates>
                        </kml:LinearRing>
                    </kml:outerBoundaryIs>
                </kml:Polygon>
            </kml:Placemark>
        </kml:Folder>
        <kml:Folder>
            <kml:name>Portals</kml:name>
            <kml:Placemark>
                <kml:name>3:00 Portal</kml:name>
                <kml:styleUrl>#plazaStyle</kml:styleUrl>
                <kml:Polygon>
                    <kml:outerBoundaryIs>
                        <kml:LinearRing>
                            <kml:coordinates>-119.201643,40.778275 -119.201488,40.77839 -119.201337,40.778508 -119.199883,40.77722 -119.199918,40.777196 -119.199949,40.777169</kml:coordinates>
                        </kml:LinearRing>
                    </kml:outerBoundaryIs>
                </kml:Polygon>
            </kml:Placemark>
            <kml:Placemark>
                <kml:name>4:30 Portal</kml:name>
                <kml:styleUrl>#plazaStyle</kml:styleUrl>
                <kml:Polygon>
                    <kml:outerBoundaryIs>
                        <kml:LinearRing>
                            <kml:coordinates>-119.208088,40.776382 -119.207871,40.77638 -119.207654,40.776382 -119.207824,40.77469 -119.207871,40.774692 -119.207918,40.77469</kml:coordinates>
                        </kml:LinearRing>
                    </kml:outerBoundaryIs>
                </kml:Polygon>
            </kml:Placemark>
            <kml:Placemark>
                <kml:name>7:30 Portal</kml:name>
                <kml:styleUrl>#plazaStyle</kml:styleUrl>
                <kml:Polygon>
                    <kml:outerBoundaryIs>
                        <kml:LinearRing>
                            <kml:coordinates>-119.216896,40.783406 -119.216898,40.783242 -119.216896,40.783077 -119.219122,40.783205 -119.219119,40.783241 -119.219122,40.783277</kml:coordinates>
                        </kml:LinearRing>
                    </kml:outerBoundaryIs>
                </kml:Polygon>
            </kml:Placemark>
            <kml:Placemark>
                <kml:name>9:00 Portal</kml:name>
                <kml:styleUrl>#plazaStyle</kml:styleUrl>
                <kml:Polygon>
                    <kml:outerBoundaryIs>
                        <kml:LinearRing>
                            <kml:coordinates>-119.2141,40.788209 -119.214255,40.788094 -119.214406,40.787976 -119.215861,40.789263 -119.215826,40.789287 -119.215794,40.789314</kml:coordinates>
                        </kml:LinearRing>
                    </kml:outerBoundaryIs>
                </kml:Polygon>
            </kml:Placemark>
            <kml:Placemark>
                <kml:name>6:00 Portal</kml:name>
                <kml:styleUrl>#plazaStyle</kml:styleUrl>
                <kml:Polygon>
                    <kml:outerBoundaryIs>
                        <kml:LinearRing>
                            <kml:coordinates>-119.215158,40.777618 -119.215182,40.777642 -119.215209,40.777664 -119.215238,40.777684 -119.215269,40.777702 -119.213822,40.779111 -119.213727,40.779053 -119.213547,40.778927 -119.213382,40.77879 -119.213305,40.778718</kml:coordinates>
                        </kml:LinearRing>
                    </kml:outerBoundaryIs>
                </kml:Polygon>
            </kml:Placemark>
        </kml:Folder>
        <kml:Folder>
            <kml:name>Boundries</kml:name>
            <kml:Placemark>
                <kml:name>Phase 2 Closure Zone</kml:name>
                <kml:description>Estimated from PLSS</kml:description>
                <kml:styleUrl>#boarderStyle</kml:styleUrl>
                <kml:MultiGeometry>
                    <kml:LineString>
                        <kml:coordinates>-119.19527,40.86855 -119.19527,40.87815 -119.10142,40.87815 -119.1013,40.76949 -119.11997,40.76949 -119.11995,40.77127 -119.17964,40.7478 -119.19325,40.74778 -119.19326,40.7333 -119.21225,40.73337 -119.21229,40.71888 -119.25033,40.71902 -119.25043,40.70452 -119.26951,40.7046 -119.2696,40.69666 -119.35096,40.69703 -119.35092,40.69885 -119.34613,40.69885 -119.34607,40.70248 -119.34126,40.70246 -119.34116,40.70973 -119.3268,40.70967 -119.32672,40.71694 -119.31712,40.71686 -119.31706,40.7205 -119.31227,40.72044 -119.31223,40.72282 -119.30028,40.72282 -119.30024,40.72645 -119.29427,40.72643 -119.29421,40.73007 -119.28822,40.73005 -119.28809,40.7373 -119.27861,40.73726 -119.27844,40.74816 -119.28786,40.74821 -119.28773,40.76271 -119.26889,40.7626 -119.26893,40.75595 -119.26093,40.76198 -119.26078,40.76374 -119.26271,40.774 -119.26369,40.7764 -119.26445,40.77709 -119.27009,40.78249 -119.275,40.78867 -119.26398,40.78863 -119.26397,40.79221 -119.25769,40.79217 -119.25764,40.7958 -119.25226,40.79576 -119.24692,40.79571 -119.24686,40.80316 -119.23796,40.80316 -119.23806,40.81016 -119.2332,40.81013 -119.23331,40.82462 -119.23346,40.86856 -119.19527,40.86855</kml:coordinates>
                    </kml:LineString>
                </kml:MultiGeometry>
            </kml:Placemark>
            <kml:Placemark>
                <kml:name>Fence</kml:name>
                <kml:styleUrl>#boarderStyle</kml:styleUrl>
                <kml:MultiGeometry>
                    <kml:LineString>
                        <kml:coordinates>-119.186707,40.799324 -119.181213,40.772913 -119.212551,40.760776 -119.237425,40.77968 -119.22146,40.803508 -119.186707,40.799324</kml:coordinates>
                    </kml:LineString>
                </kml:MultiGeometry>
            </kml:Placemark>
        </kml:Folder>
        <kml:Folder>
            <kml:name>Gate Road</kml:name>
            <kml:Placemark>
                <kml:name>Gate Road</kml:name>
                <kml:styleUrl>#gateRoadStyle</kml:styleUrl>
                <kml:MultiGeometry>
                    <kml:LineString>
                        <kml:coordinates>-119.273565,40.751444 -119.263844,40.746874 -119.263671,40.746796 -119.263495,40.746722 -119.263315,40.746653 -119.263133,40.746589 -119.262947,40.74653 -119.262759,40.746476 -119.262569,40.746427 -119.262377,40.746383 -119.262182,40.746344 -119.261986,40.74631 -119.261789,40.746281 -119.26159,40.746258 -119.26139,40.74624 -119.26119,40.746227 -119.260989,40.746219 -119.260788,40.746217 -119.260587,40.74622 -119.260387,40.746229 -119.260186,40.746243 -119.259987,40.746262 -119.259788,40.746286 -119.259591,40.746316 -119.259395,40.74635 -119.259201,40.74639 -119.259009,40.746436 -119.258819,40.746486 -119.258632,40.746541 -119.258447,40.746601 -119.258265,40.746666 -119.258086,40.746735 -119.25791,40.74681 -119.257738,40.746889 -119.25757,40.746972 -119.257405,40.74706 -119.257245,40.747152 -119.257089,40.747249 -119.256937,40.747349 -119.25679,40.747454 -119.256648,40.747562 -119.256511,40.747674 -119.25638,40.747789 -119.256253,40.747908 -119.256132,40.74803 -119.256017,40.748156 -119.255908,40.748284 -119.255804,40.748415 -119.255707,40.748549 -119.255616,40.748685 -119.255531,40.748824 -119.255452,40.748964 -119.24524,40.768186 -119.245161,40.768326 -119.245076,40.768465 -119.244985,40.768601 -119.244888,40.768734 -119.244785,40.768865 -119.244676,40.768993 -119.244561,40.769118 -119.244441,40.76924 -119.244315,40.769358 -119.244183,40.769473 -119.244047,40.769585 -119.243905,40.769693 -119.243759,40.769797 -119.243608,40.769898 -119.243452,40.769994 -119.243293,40.770086 -119.243129,40.770174 -119.242961,40.770257 -119.242789,40.770336 -119.242614,40.770411 -119.242436,40.770481 -119.242254,40.770546 -119.24207,40.770606 -119.241883,40.770661 -119.241694,40.770711 -119.241502,40.770756 -119.241309,40.770797 -119.241114,40.770832 -119.240917,40.770862 -119.240719,40.770886 -119.24052,40.770906 -119.24032,40.77092 -119.24012,40.770929 -119.23992,40.770932 -119.239719,40.770931 -119.239519,40.770924 -119.239319,40.770911 -119.239119,40.770894 -119.238921,40.770871 -119.238724,40.770843 -119.238528,40.77081 -119.238334,40.770771 -119.238142,40.770728 -119.237952,40.770679 -119.237764,40.770626 -119.237579,40.770568 -119.237396,40.770504 -119.237217,40.770436 -119.23704,40.770363 -119.236868,40.770286 -119.236698,40.770204 -119.236533,40.770118 -119.233701,40.768584 -119.233537,40.768499 -119.233369,40.768418 -119.233198,40.768341 -119.233023,40.768268 -119.232845,40.768201 -119.232664,40.768138 -119.232481,40.76808 -119.232295,40.768026 -119.232106,40.767978 -119.231916,40.767934 -119.231723,40.767896 -119.231529,40.767862 -119.231334,40.767834 -119.231138,40.767811 -119.23094,40.767793 -119.230742,40.76778 -119.230543,40.767772 -119.230344,40.76777 -119.230146,40.767772 -119.229947,40.76778 -119.229749,40.767794 -119.229551,40.767812 -119.229355,40.767835 -119.22916,40.767864 -119.228966,40.767898 -119.228773,40.767936 -119.228583,40.76798 -119.228395,40.768029 -119.228209,40.768082 -119.228025,40.768141 -119.227845,40.768204 -119.227667,40.768272 -119.227492,40.768344 -119.227321,40.768421 -119.227154,40.768503 -119.22699,40.768589 -119.22683,40.768679 -119.226675,40.768773 -119.226523,40.768871 -119.226377,40.768973 -119.226235,40.769079 -119.224975,40.770237</kml:coordinates>
                    </kml:LineString>
                </kml:MultiGeometry>
            </kml:Placemark>
        </kml:Folder>
        <kml:Folder>
            <kml:name>Intersections</kml:name>
            <kml:Placemark>
                <kml:name>2:00&amp;Esp</kml:name>
                <kml:visibility>0</kml:visibility>
                <kml:styleUrl>#intersectionStyle</kml:styleUrl>
                <kml:Point>
                    <kml:coordinates>-119.199151,40.781466</kml:coordinates>
                </kml:Point>
            </kml:Placemark>
            <kml:Placemark>
                <kml:name>2:30&amp;Esp</kml:name>
                <kml:visibility>0</kml:visibility>
                <kml:styleUrl>#intersectionStyle</kml:styleUrl>
                <kml:Point>
                    <kml:coordinates>-119.200053,40.779811</kml:coordinates>
                </kml:Point>
            </kml:Placemark>
            <kml:Placemark>
                <kml:name>3:00&amp;Esp</kml:name>
                <kml:visibility>0</kml:visibility>
                <kml:styleUrl>#intersectionStyle</kml:styleUrl>
                <kml:Point>
                    <kml:coordinates>-119.201488,40.77839</kml:coordinates>
                </kml:Point>
            </kml:Placemark>
            <kml:Placemark>
                <kml:name>3:30&amp;Esp</kml:name>
                <kml:visibility>0</kml:visibility>
                <kml:styleUrl>#intersectionStyle</kml:styleUrl>
                <kml:Point>
                    <kml:coordinates>-119.203358,40.777299</kml:coordinates>
                </kml:Point>
            </kml:Placemark>
            <kml:Placemark>
                <kml:name>4:00&amp;Esp</kml:name>
                <kml:visibility>0</kml:visibility>
                <kml:styleUrl>#intersectionStyle</kml:styleUrl>
                <kml:Point>
                    <kml:coordinates>-119.205535,40.776614</kml:coordinates>
                </kml:Point>
            </kml:Placemark>
            <kml:Placemark>
                <kml:name>4:30&amp;Esp</kml:name>
                <kml:visibility>0</kml:visibility>
                <kml:styleUrl>#intersectionStyle</kml:styleUrl>
                <kml:Point>
                    <kml:coordinates>-119.207871,40.77638</kml:coordinates>
                </kml:Point>
            </kml:Placemark>
            <kml:Placemark>
                <kml:name>5:00&amp;Esp</kml:name>
                <kml:visibility>0</kml:visibility>
                <kml:styleUrl>#intersectionStyle</kml:styleUrl>
                <kml:Point>
                    <kml:coordinates>-119.210207,40.776614</kml:coordinates>
                </kml:Point>
            </kml:Placemark>
            <kml:Placemark>
                <kml:name>5:30&amp;Esp</kml:name>
                <kml:visibility>0</kml:visibility>
                <kml:styleUrl>#intersectionStyle</kml:styleUrl>
                <kml:Point>
                    <kml:coordinates>-119.212384,40.777299</kml:coordinates>
                </kml:Point>
            </kml:Placemark>
            <kml:Placemark>
                <kml:name>6:00&amp;Esp</kml:name>
                <kml:visibility>0</kml:visibility>
                <kml:styleUrl>#intersectionStyle</kml:styleUrl>
                <kml:Point>
                    <kml:coordinates>-119.213547,40.778927</kml:coordinates>
                </kml:Point>
            </kml:Placemark>
            <kml:Placemark>
                <kml:name>6:30&amp;Esp</kml:name>
                <kml:visibility>0</kml:visibility>
                <kml:styleUrl>#intersectionStyle</kml:styleUrl>
                <kml:Point>
                    <kml:coordinates>-119.215689,40.779811</kml:coordinates>
                </kml:Point>
            </kml:Placemark>
            <kml:Placemark>
                <kml:name>7:00&amp;Esp</kml:name>
                <kml:visibility>0</kml:visibility>
                <kml:styleUrl>#intersectionStyle</kml:styleUrl>
                <kml:Point>
                    <kml:coordinates>-119.216591,40.781466</kml:coordinates>
                </kml:Point>
            </kml:Placemark>
            <kml:Placemark>
                <kml:name>7:30&amp;Esp</kml:name>
                <kml:visibility>0</kml:visibility>
                <kml:styleUrl>#intersectionStyle</kml:styleUrl>
                <kml:Point>
                    <kml:coordinates>-119.216898,40.783242</kml:coordinates>
                </kml:Point>
            </kml:Placemark>
            <kml:Placemark>
                <kml:name>8:00&amp;Esp</kml:name>
                <kml:visibility>0</kml:visibility>
                <kml:styleUrl>#intersectionStyle</kml:styleUrl>
                <kml:Point>
                    <kml:coordinates>-119.216591,40.785018</kml:coordinates>
                </kml:Point>
            </kml:Placemark>
            <kml:Placemark>
                <kml:name>8:30&amp;Esp</kml:name>
                <kml:visibility>0</kml:visibility>
                <kml:styleUrl>#intersectionStyle</kml:styleUrl>
                <kml:Point>
                    <kml:coordinates>-119.215689,40.786673</kml:coordinates>
                </kml:Point>
            </kml:Placemark>
            <kml:Placemark>
                <kml:name>9:00&amp;Esp</kml:name>
                <kml:visibility>0</kml:visibility>
                <kml:styleUrl>#intersectionStyle</kml:styleUrl>
                <kml:Point>
                    <kml:coordinates>-119.214255,40.788094</kml:coordinates>
                </kml:Point>
            </kml:Placemark>
            <kml:Placemark>
                <kml:name>9:30&amp;Esp</kml:name>
                <kml:visibility>0</kml:visibility>
                <kml:styleUrl>#intersectionStyle</kml:styleUrl>
                <kml:Point>
                    <kml:coordinates>-119.212385,40.789184</kml:coordinates>
                </kml:Point>
            </kml:Placemark>
            <kml:Placemark>
                <kml:name>10:00&amp;Esp</kml:name>
                <kml:visibility>0</kml:visibility>
                <kml:styleUrl>#intersectionStyle</kml:styleUrl>
                <kml:Point>
                    <kml:coordinates>-119.210208,40.78987</kml:coordinates>
                </kml:Point>
            </kml:Placemark>
            <kml:Placemark>
                <kml:name>2:00&amp;A</kml:name>
                <kml:visibility>0</kml:visibility>
                <kml:styleUrl>#intersectionStyle</kml:styleUrl>
                <kml:Point>
                    <kml:coordinates>-119.197634,40.781157</kml:coordinates>
                </kml:Point>
            </kml:Placemark>
            <kml:Placemark>
                <kml:name>2:30&amp;A</kml:name>
                <kml:visibility>0</kml:visibility>
                <kml:styleUrl>#intersectionStyle</kml:styleUrl>
                <kml:Point>
                    <kml:coordinates>-119.198693,40.779214</kml:coordinates>
                </kml:Point>
            </kml:Placemark>
            <kml:Placemark>
                <kml:name>3:00&amp;A</kml:name>
                <kml:visibility>0</kml:visibility>
                <kml:styleUrl>#intersectionStyle</kml:styleUrl>
                <kml:Point>
                    <kml:coordinates>-119.200378,40.777545</kml:coordinates>
                </kml:Point>
            </kml:Placemark>
            <kml:Placemark>
                <kml:name>3:30&amp;A</kml:name>
                <kml:visibility>0</kml:visibility>
                <kml:styleUrl>#intersectionStyle</kml:styleUrl>
                <kml:Point>
                    <kml:coordinates>-119.202573,40.776265</kml:coordinates>
                </kml:Point>
            </kml:Placemark>
            <kml:Placemark>
                <kml:name>4:00&amp;A</kml:name>
                <kml:visibility>0</kml:visibility>
                <kml:styleUrl>#intersectionStyle</kml:styleUrl>
                <kml:Point>
                    <kml:coordinates>-119.205128,40.775461</kml:coordinates>
                </kml:Point>
            </kml:Placemark>
            <kml:Placemark>
                <kml:name>4:30&amp;A</kml:name>
                <kml:visibility>0</kml:visibility>
                <kml:styleUrl>#intersectionStyle</kml:styleUrl>
                <kml:Point>
                    <kml:coordinates>-119.207871,40.775186</kml:coordinates>
                </kml:Point>
            </kml:Placemark>
            <kml:Placemark>
                <kml:name>5:00&amp;A</kml:name>
                <kml:visibility>0</kml:visibility>
                <kml:styleUrl>#intersectionStyle</kml:styleUrl>
                <kml:Point>
                    <kml:coordinates>-119.210614,40.775461</kml:coordinates>
                </kml:Point>
            </kml:Placemark>
            <kml:Placemark>
                <kml:name>5:30&amp;A</kml:name>
                <kml:visibility>0</kml:visibility>
                <kml:styleUrl>#intersectionStyle</kml:styleUrl>
                <kml:Point>
                    <kml:coordinates>-119.213165,40.776277</kml:coordinates>
                </kml:Point>
            </kml:Placemark>
            <kml:Placemark>
                <kml:name>6:30&amp;A</kml:name>
                <kml:visibility>0</kml:visibility>
                <kml:styleUrl>#intersectionStyle</kml:styleUrl>
                <kml:Point>
                    <kml:coordinates>-119.217033,40.779217</kml:coordinates>
                </kml:Point>
            </kml:Placemark>
            <kml:Placemark>
                <kml:name>7:00&amp;A</kml:name>
                <kml:visibility>0</kml:visibility>
                <kml:styleUrl>#intersectionStyle</kml:styleUrl>
                <kml:Point>
                    <kml:coordinates>-119.218108,40.781157</kml:coordinates>
                </kml:Point>
            </kml:Placemark>
            <kml:Placemark>
                <kml:name>7:30&amp;A</kml:name>
                <kml:visibility>0</kml:visibility>
                <kml:styleUrl>#intersectionStyle</kml:styleUrl>
                <kml:Point>
                    <kml:coordinates>-119.218469,40.783242</kml:coordinates>
                </kml:Point>
            </kml:Placemark>
            <kml:Placemark>
                <kml:name>8:00&amp;A</kml:name>
                <kml:visibility>0</kml:visibility>
                <kml:styleUrl>#intersectionStyle</kml:styleUrl>
                <kml:Point>
                    <kml:coordinates>-119.218108,40.785327</kml:coordinates>
                </kml:Point>
            </kml:Placemark>
            <kml:Placemark>
                <kml:name>8:30&amp;A</kml:name>
                <kml:visibility>0</kml:visibility>
                <kml:styleUrl>#intersectionStyle</kml:styleUrl>
                <kml:Point>
                    <kml:coordinates>-119.21705,40.78727</kml:coordinates>
                </kml:Point>
            </kml:Placemark>
            <kml:Placemark>
                <kml:name>9:00&amp;A</kml:name>
                <kml:visibility>0</kml:visibility>
                <kml:styleUrl>#intersectionStyle</kml:styleUrl>
                <kml:Point>
                    <kml:coordinates>-119.215366,40.788938</kml:coordinates>
                </kml:Point>
            </kml:Placemark>
            <kml:Placemark>
                <kml:name>9:30&amp;A</kml:name>
                <kml:visibility>0</kml:visibility>
                <kml:styleUrl>#intersectionStyle</kml:styleUrl>
                <kml:Point>
                    <kml:coordinates>-119.213171,40.790218</kml:coordinates>
                </kml:Point>
            </kml:Placemark>
            <kml:Placemark>
                <kml:name>10:00&amp;A</kml:name>
                <kml:visibility>0</kml:visibility>
                <kml:styleUrl>#intersectionStyle</kml:styleUrl>
                <kml:Point>
                    <kml:coordinates>-119.210614,40.791023</kml:coordinates>
                </kml:Point>
            </kml:Placemark>
            <kml:Placemark>
                <kml:name>2:00&amp;B</kml:name>
                <kml:visibility>0</kml:visibility>
                <kml:styleUrl>#intersectionStyle</kml:styleUrl>
                <kml:Point>
                    <kml:coordinates>-119.196658,40.780958</kml:coordinates>
                </kml:Point>
            </kml:Placemark>
            <kml:Placemark>
                <kml:name>2:30&amp;B</kml:name>
                <kml:visibility>0</kml:visibility>
                <kml:styleUrl>#intersectionStyle</kml:styleUrl>
                <kml:Point>
                    <kml:coordinates>-119.197818,40.778829</kml:coordinates>
                </kml:Point>
            </kml:Placemark>
            <kml:Placemark>
                <kml:name>3:00&amp;B</kml:name>
                <kml:visibility>0</kml:visibility>
                <kml:styleUrl>#intersectionStyle</kml:styleUrl>
                <kml:Point>
                    <kml:coordinates>-119.199663,40.777002</kml:coordinates>
                </kml:Point>
            </kml:Placemark>
            <kml:Placemark>
                <kml:name>3:30&amp;B</kml:name>
                <kml:visibility>0</kml:visibility>
                <kml:styleUrl>#intersectionStyle</kml:styleUrl>
                <kml:Point>
                    <kml:coordinates>-119.202067,40.7756</kml:coordinates>
                </kml:Point>
            </kml:Placemark>
            <kml:Placemark>
                <kml:name>4:00&amp;B</kml:name>
                <kml:visibility>0</kml:visibility>
                <kml:styleUrl>#intersectionStyle</kml:styleUrl>
                <kml:Point>
                    <kml:coordinates>-119.204867,40.774718</kml:coordinates>
                </kml:Point>
            </kml:Placemark>
            <kml:Placemark>
                <kml:name>4:30&amp;B</kml:name>
                <kml:visibility>0</kml:visibility>
                <kml:styleUrl>#intersectionStyle</kml:styleUrl>
                <kml:Point>
                    <kml:coordinates>-119.207871,40.774418</kml:coordinates>
                </kml:Point>
            </kml:Placemark>
            <kml:Placemark>
                <kml:name>5:00&amp;B</kml:name>
                <kml:visibility>0</kml:visibility>
                <kml:styleUrl>#intersectionStyle</kml:styleUrl>
                <kml:Point>
                    <kml:coordinates>-119.210875,40.774718</kml:coordinates>
                </kml:Point>
            </kml:Placemark>
            <kml:Placemark>
                <kml:name>5:30&amp;B</kml:name>
                <kml:visibility>0</kml:visibility>
                <kml:styleUrl>#intersectionStyle</kml:styleUrl>
                <kml:Point>
                    <kml:coordinates>-119.213675,40.7756</kml:coordinates>
                </kml:Point>
            </kml:Placemark>
            <kml:Placemark>
                <kml:name>6:30&amp;B</kml:name>
                <kml:visibility>0</kml:visibility>
                <kml:styleUrl>#intersectionStyle</kml:styleUrl>
                <kml:Point>
                    <kml:coordinates>-119.217924,40.778829</kml:coordinates>
                </kml:Point>
            </kml:Placemark>
            <kml:Placemark>
                <kml:name>7:00&amp;B</kml:name>
                <kml:visibility>0</kml:visibility>
                <kml:styleUrl>#intersectionStyle</kml:styleUrl>
                <kml:Point>
                    <kml:coordinates>-119.219084,40.780958</kml:coordinates>
                </kml:Point>
            </kml:Placemark>
            <kml:Placemark>
                <kml:name>7:30&amp;B</kml:name>
                <kml:visibility>0</kml:visibility>
                <kml:styleUrl>#intersectionStyle</kml:styleUrl>
                <kml:Point>
                    <kml:coordinates>-119.21948,40.783241</kml:coordinates>
                </kml:Point>
            </kml:Placemark>
            <kml:Placemark>
                <kml:name>8:00&amp;B</kml:name>
                <kml:visibility>0</kml:visibility>
                <kml:styleUrl>#intersectionStyle</kml:styleUrl>
                <kml:Point>
                    <kml:coordinates>-119.219085,40.785525</kml:coordinates>
                </kml:Point>
            </kml:Placemark>
            <kml:Placemark>
                <kml:name>8:30&amp;B</kml:name>
                <kml:visibility>0</kml:visibility>
                <kml:styleUrl>#intersectionStyle</kml:styleUrl>
                <kml:Point>
                    <kml:coordinates>-119.217925,40.787654</kml:coordinates>
                </kml:Point>
            </kml:Placemark>
            <kml:Placemark>
                <kml:name>9:00&amp;B</kml:name>
                <kml:visibility>0</kml:visibility>
                <kml:styleUrl>#intersectionStyle</kml:styleUrl>
                <kml:Point>
                    <kml:coordinates>-119.216081,40.789481</kml:coordinates>
                </kml:Point>
            </kml:Placemark>
            <kml:Placemark>
                <kml:name>9:30&amp;B</kml:name>
                <kml:visibility>0</kml:visibility>
                <kml:styleUrl>#intersectionStyle</kml:styleUrl>
                <kml:Point>
                    <kml:coordinates>-119.213676,40.790884</kml:coordinates>
                </kml:Point>
            </kml:Placemark>
            <kml:Placemark>
                <kml:name>10:00&amp;B</kml:name>
                <kml:visibility>0</kml:visibility>
                <kml:styleUrl>#intersectionStyle</kml:styleUrl>
                <kml:Point>
                    <kml:coordinates>-119.210876,40.791766</kml:coordinates>
                </kml:Point>
            </kml:Placemark>
            <kml:Placemark>
                <kml:name>2:00&amp;C</kml:name>
                <kml:visibility>0</kml:visibility>
                <kml:styleUrl>#intersectionStyle</kml:styleUrl>
                <kml:Point>
                    <kml:coordinates>-119.195681,40.780759</kml:coordinates>
                </kml:Point>
            </kml:Placemark>
            <kml:Placemark>
                <kml:name>2:30&amp;C</kml:name>
                <kml:visibility>0</kml:visibility>
                <kml:styleUrl>#intersectionStyle</kml:styleUrl>
                <kml:Point>
                    <kml:coordinates>-119.196942,40.778445</kml:coordinates>
                </kml:Point>
            </kml:Placemark>
            <kml:Placemark>
                <kml:name>3:00&amp;C</kml:name>
                <kml:visibility>0</kml:visibility>
                <kml:styleUrl>#intersectionStyle</kml:styleUrl>
                <kml:Point>
                    <kml:coordinates>-119.198948,40.776459</kml:coordinates>
                </kml:Point>
            </kml:Placemark>
            <kml:Placemark>
                <kml:name>3:30&amp;C</kml:name>
                <kml:visibility>0</kml:visibility>
                <kml:styleUrl>#intersectionStyle</kml:styleUrl>
                <kml:Point>
                    <kml:coordinates>-119.201562,40.774934</kml:coordinates>
                </kml:Point>
            </kml:Placemark>
            <kml:Placemark>
                <kml:name>4:00&amp;C</kml:name>
                <kml:visibility>0</kml:visibility>
                <kml:styleUrl>#intersectionStyle</kml:styleUrl>
                <kml:Point>
                    <kml:coordinates>-119.204605,40.773976</kml:coordinates>
                </kml:Point>
            </kml:Placemark>
            <kml:Placemark>
                <kml:name>4:30&amp;C</kml:name>
                <kml:visibility>0</kml:visibility>
                <kml:styleUrl>#intersectionStyle</kml:styleUrl>
                <kml:Point>
                    <kml:coordinates>-119.207871,40.773649</kml:coordinates>
                </kml:Point>
            </kml:Placemark>
            <kml:Placemark>
                <kml:name>5:00&amp;C</kml:name>
                <kml:visibility>0</kml:visibility>
                <kml:styleUrl>#intersectionStyle</kml:styleUrl>
                <kml:Point>
                    <kml:coordinates>-119.211137,40.773976</kml:coordinates>
                </kml:Point>
            </kml:Placemark>
            <kml:Placemark>
                <kml:name>5:30&amp;C</kml:name>
                <kml:visibility>0</kml:visibility>
                <kml:styleUrl>#intersectionStyle</kml:styleUrl>
                <kml:Point>
                    <kml:coordinates>-119.21418,40.774934</kml:coordinates>
                </kml:Point>
            </kml:Placemark>
            <kml:Placemark>
                <kml:name>6:00&amp;C</kml:name>
                <kml:visibility>0</kml:visibility>
                <kml:styleUrl>#intersectionStyle</kml:styleUrl>
                <kml:Point>
                    <kml:coordinates>-119.216779,40.77647</kml:coordinates>
                </kml:Point>
            </kml:Placemark>
            <kml:Placemark>
                <kml:name>6:30&amp;C</kml:name>
                <kml:visibility>0</kml:visibility>
                <kml:styleUrl>#intersectionStyle</kml:styleUrl>
                <kml:Point>
                    <kml:coordinates>-119.2188,40.778445</kml:coordinates>
                </kml:Point>
            </kml:Placemark>
            <kml:Placemark>
                <kml:name>7:00&amp;C</kml:name>
                <kml:visibility>0</kml:visibility>
                <kml:styleUrl>#intersectionStyle</kml:styleUrl>
                <kml:Point>
                    <kml:coordinates>-119.220061,40.780759</kml:coordinates>
                </kml:Point>
            </kml:Placemark>
            <kml:Placemark>
                <kml:name>7:30&amp;C</kml:name>
                <kml:visibility>0</kml:visibility>
                <kml:styleUrl>#intersectionStyle</kml:styleUrl>
                <kml:Point>
                    <kml:coordinates>-119.220491,40.783241</kml:coordinates>
                </kml:Point>
            </kml:Placemark>
            <kml:Placemark>
                <kml:name>8:00&amp;C</kml:name>
                <kml:visibility>0</kml:visibility>
                <kml:styleUrl>#intersectionStyle</kml:styleUrl>
                <kml:Point>
                    <kml:coordinates>-119.220062,40.785724</kml:coordinates>
                </kml:Point>
            </kml:Placemark>
            <kml:Placemark>
                <kml:name>8:30&amp;C</kml:name>
                <kml:visibility>0</kml:visibility>
                <kml:styleUrl>#intersectionStyle</kml:styleUrl>
                <kml:Point>
                    <kml:coordinates>-119.218801,40.788038</kml:coordinates>
                </kml:Point>
            </kml:Placemark>
            <kml:Placemark>
                <kml:name>9:00&amp;C</kml:name>
                <kml:visibility>0</kml:visibility>
                <kml:styleUrl>#intersectionStyle</kml:styleUrl>
                <kml:Point>
                    <kml:coordinates>-119.216796,40.790025</kml:coordinates>
                </kml:Point>
            </kml:Placemark>
            <kml:Placemark>
                <kml:name>9:30&amp;C</kml:name>
                <kml:visibility>0</kml:visibility>
                <kml:styleUrl>#intersectionStyle</kml:styleUrl>
                <kml:Point>
                    <kml:coordinates>-119.214182,40.791549</kml:coordinates>
                </kml:Point>
            </kml:Placemark>
            <kml:Placemark>
                <kml:name>10:00&amp;C</kml:name>
                <kml:visibility>0</kml:visibility>
                <kml:styleUrl>#intersectionStyle</kml:styleUrl>
                <kml:Point>
                    <kml:coordinates>-119.211138,40.792508</kml:coordinates>
                </kml:Point>
            </kml:Placemark>
            <kml:Placemark>
                <kml:name>2:00&amp;D</kml:name>
                <kml:visibility>0</kml:visibility>
                <kml:styleUrl>#intersectionStyle</kml:styleUrl>
                <kml:Point>
                    <kml:coordinates>-119.194705,40.78056</kml:coordinates>
                </kml:Point>
            </kml:Placemark>
            <kml:Placemark>
                <kml:name>2:30&amp;D</kml:name>
                <kml:visibility>0</kml:visibility>
                <kml:styleUrl>#intersectionStyle</kml:styleUrl>
                <kml:Point>
                    <kml:coordinates>-119.196067,40.778061</kml:coordinates>
                </kml:Point>
            </kml:Placemark>
            <kml:Placemark>
                <kml:name>3:00&amp;D</kml:name>
                <kml:visibility>0</kml:visibility>
                <kml:styleUrl>#intersectionStyle</kml:styleUrl>
                <kml:Point>
                    <kml:coordinates>-119.198233,40.775915</kml:coordinates>
                </kml:Point>
            </kml:Placemark>
            <kml:Placemark>
                <kml:name>3:30&amp;D</kml:name>
                <kml:visibility>0</kml:visibility>
                <kml:styleUrl>#intersectionStyle</kml:styleUrl>
                <kml:Point>
                    <kml:coordinates>-119.201056,40.774269</kml:coordinates>
                </kml:Point>
            </kml:Placemark>
            <kml:Placemark>
                <kml:name>4:00&amp;D</kml:name>
                <kml:visibility>0</kml:visibility>
                <kml:styleUrl>#intersectionStyle</kml:styleUrl>
                <kml:Point>
                    <kml:coordinates>-119.204343,40.773234</kml:coordinates>
                </kml:Point>
            </kml:Placemark>
            <kml:Placemark>
                <kml:name>4:30&amp;D</kml:name>
                <kml:visibility>0</kml:visibility>
                <kml:styleUrl>#intersectionStyle</kml:styleUrl>
                <kml:Point>
                    <kml:coordinates>-119.207871,40.772881</kml:coordinates>
                </kml:Point>
            </kml:Placemark>
            <kml:Placemark>
                <kml:name>5:00&amp;D</kml:name>
                <kml:visibility>0</kml:visibility>
                <kml:styleUrl>#intersectionStyle</kml:styleUrl>
                <kml:Point>
                    <kml:coordinates>-119.211399,40.773234</kml:coordinates>
                </kml:Point>
            </kml:Placemark>
            <kml:Placemark>
                <kml:name>5:30&amp;D</kml:name>
                <kml:visibility>0</kml:visibility>
                <kml:styleUrl>#intersectionStyle</kml:styleUrl>
                <kml:Point>
                    <kml:coordinates>-119.214686,40.774269</kml:coordinates>
                </kml:Point>
            </kml:Placemark>
            <kml:Placemark>
                <kml:name>6:00&amp;D</kml:name>
                <kml:visibility>0</kml:visibility>
                <kml:styleUrl>#intersectionStyle</kml:styleUrl>
                <kml:Point>
                    <kml:coordinates>-119.217509,40.775915</kml:coordinates>
                </kml:Point>
            </kml:Placemark>
            <kml:Placemark>
                <kml:name>6:30&amp;D</kml:name>
                <kml:visibility>0</kml:visibility>
                <kml:styleUrl>#intersectionStyle</kml:styleUrl>
                <kml:Point>
                    <kml:coordinates>-119.219675,40.778061</kml:coordinates>
                </kml:Point>
            </kml:Placemark>
            <kml:Placemark>
                <kml:name>7:00&amp;D</kml:name>
                <kml:visibility>0</kml:visibility>
                <kml:styleUrl>#intersectionStyle</kml:styleUrl>
                <kml:Point>
                    <kml:coordinates>-119.221037,40.78056</kml:coordinates>
                </kml:Point>
            </kml:Placemark>
            <kml:Placemark>
                <kml:name>7:30&amp;D</kml:name>
                <kml:visibility>0</kml:visibility>
                <kml:styleUrl>#intersectionStyle</kml:styleUrl>
                <kml:Point>
                    <kml:coordinates>-119.221502,40.783241</kml:coordinates>
                </kml:Point>
            </kml:Placemark>
            <kml:Placemark>
                <kml:name>8:00&amp;D</kml:name>
                <kml:visibility>0</kml:visibility>
                <kml:styleUrl>#intersectionStyle</kml:styleUrl>
                <kml:Point>
                    <kml:coordinates>-119.221038,40.785923</kml:coordinates>
                </kml:Point>
            </kml:Placemark>
            <kml:Placemark>
                <kml:name>8:30&amp;D</kml:name>
                <kml:visibility>0</kml:visibility>
                <kml:styleUrl>#intersectionStyle</kml:styleUrl>
                <kml:Point>
                    <kml:coordinates>-119.219677,40.788422</kml:coordinates>
                </kml:Point>
            </kml:Placemark>
            <kml:Placemark>
                <kml:name>9:00&amp;D</kml:name>
                <kml:visibility>0</kml:visibility>
                <kml:styleUrl>#intersectionStyle</kml:styleUrl>
                <kml:Point>
                    <kml:coordinates>-119.217511,40.790568</kml:coordinates>
                </kml:Point>
            </kml:Placemark>
            <kml:Placemark>
                <kml:name>9:30&amp;D</kml:name>
                <kml:visibility>0</kml:visibility>
                <kml:styleUrl>#intersectionStyle</kml:styleUrl>
                <kml:Point>
                    <kml:coordinates>-119.214688,40.792215</kml:coordinates>
                </kml:Point>
            </kml:Placemark>
            <kml:Placemark>
                <kml:name>10:00&amp;D</kml:name>
                <kml:visibility>0</kml:visibility>
                <kml:styleUrl>#intersectionStyle</kml:styleUrl>
                <kml:Point>
                    <kml:coordinates>-119.2114,40.79325</kml:coordinates>
                </kml:Point>
            </kml:Placemark>
            <kml:Placemark>
                <kml:name>2:00&amp;E</kml:name>
                <kml:visibility>0</kml:visibility>
                <kml:styleUrl>#intersectionStyle</kml:styleUrl>
                <kml:Point>
                    <kml:coordinates>-119.193711,40.780357</kml:coordinates>
                </kml:Point>
            </kml:Placemark>
            <kml:Placemark>
                <kml:name>2:30&amp;E</kml:name>
                <kml:visibility>0</kml:visibility>
                <kml:styleUrl>#intersectionStyle</kml:styleUrl>
                <kml:Point>
                    <kml:coordinates>-119.195176,40.77767</kml:coordinates>
                </kml:Point>
            </kml:Placemark>
            <kml:Placemark>
                <kml:name>3:00&amp;E</kml:name>
                <kml:visibility>0</kml:visibility>
                <kml:styleUrl>#intersectionStyle</kml:styleUrl>
                <kml:Point>
                    <kml:coordinates>-119.197506,40.775362</kml:coordinates>
                </kml:Point>
            </kml:Placemark>
            <kml:Placemark>
                <kml:name>3:30&amp;E</kml:name>
                <kml:visibility>0</kml:visibility>
                <kml:styleUrl>#intersectionStyle</kml:styleUrl>
                <kml:Point>
                    <kml:coordinates>-119.200542,40.773591</kml:coordinates>
                </kml:Point>
            </kml:Placemark>
            <kml:Placemark>
                <kml:name>4:00&amp;E</kml:name>
                <kml:visibility>0</kml:visibility>
                <kml:styleUrl>#intersectionStyle</kml:styleUrl>
                <kml:Point>
                    <kml:coordinates>-119.204077,40.772478</kml:coordinates>
                </kml:Point>
            </kml:Placemark>
            <kml:Placemark>
                <kml:name>4:30&amp;E</kml:name>
                <kml:visibility>0</kml:visibility>
                <kml:styleUrl>#intersectionStyle</kml:styleUrl>
                <kml:Point>
                    <kml:coordinates>-119.207871,40.772098</kml:coordinates>
                </kml:Point>
            </kml:Placemark>
            <kml:Placemark>
                <kml:name>5:00&amp;E</kml:name>
                <kml:visibility>0</kml:visibility>
                <kml:styleUrl>#intersectionStyle</kml:styleUrl>
                <kml:Point>
                    <kml:coordinates>-119.211665,40.772478</kml:coordinates>
                </kml:Point>
            </kml:Placemark>
            <kml:Placemark>
                <kml:name>5:30&amp;E</kml:name>
                <kml:visibility>0</kml:visibility>
                <kml:styleUrl>#intersectionStyle</kml:styleUrl>
                <kml:Point>
                    <kml:coordinates>-119.2152,40.773591</kml:coordinates>
                </kml:Point>
            </kml:Placemark>
            <kml:Placemark>
                <kml:name>6:00&amp;E</kml:name>
                <kml:visibility>0</kml:visibility>
                <kml:styleUrl>#intersectionStyle</kml:styleUrl>
                <kml:Point>
                    <kml:coordinates>-119.218236,40.775362</kml:coordinates>
                </kml:Point>
            </kml:Placemark>
            <kml:Placemark>
                <kml:name>6:30&amp;E</kml:name>
                <kml:visibility>0</kml:visibility>
                <kml:styleUrl>#intersectionStyle</kml:styleUrl>
                <kml:Point>
                    <kml:coordinates>-119.220566,40.77767</kml:coordinates>
                </kml:Point>
            </kml:Placemark>
            <kml:Placemark>
                <kml:name>7:00&amp;E</kml:name>
                <kml:visibility>0</kml:visibility>
                <kml:styleUrl>#intersectionStyle</kml:styleUrl>
                <kml:Point>
                    <kml:coordinates>-119.222031,40.780357</kml:coordinates>
                </kml:Point>
            </kml:Placemark>
            <kml:Placemark>
                <kml:name>7:30&amp;E</kml:name>
                <kml:visibility>0</kml:visibility>
                <kml:styleUrl>#intersectionStyle</kml:styleUrl>
                <kml:Point>
                    <kml:coordinates>-119.222531,40.783241</kml:coordinates>
                </kml:Point>
            </kml:Placemark>
            <kml:Placemark>
                <kml:name>8:00&amp;E</kml:name>
                <kml:visibility>0</kml:visibility>
                <kml:styleUrl>#intersectionStyle</kml:styleUrl>
                <kml:Point>
                    <kml:coordinates>-119.222032,40.786125</kml:coordinates>
                </kml:Point>
            </kml:Placemark>
            <kml:Placemark>
                <kml:name>8:30&amp;E</kml:name>
                <kml:visibility>0</kml:visibility>
                <kml:styleUrl>#intersectionStyle</kml:styleUrl>
                <kml:Point>
                    <kml:coordinates>-119.220568,40.788813</kml:coordinates>
                </kml:Point>
            </kml:Placemark>
            <kml:Placemark>
                <kml:name>9:00&amp;E</kml:name>
                <kml:visibility>0</kml:visibility>
                <kml:styleUrl>#intersectionStyle</kml:styleUrl>
                <kml:Point>
                    <kml:coordinates>-119.218239,40.791121</kml:coordinates>
                </kml:Point>
            </kml:Placemark>
            <kml:Placemark>
                <kml:name>9:30&amp;E</kml:name>
                <kml:visibility>0</kml:visibility>
                <kml:styleUrl>#intersectionStyle</kml:styleUrl>
                <kml:Point>
                    <kml:coordinates>-119.215202,40.792892</kml:coordinates>
                </kml:Point>
            </kml:Placemark>
            <kml:Placemark>
                <kml:name>10:00&amp;E</kml:name>
                <kml:visibility>0</kml:visibility>
                <kml:styleUrl>#intersectionStyle</kml:styleUrl>
                <kml:Point>
                    <kml:coordinates>-119.211666,40.794006</kml:coordinates>
                </kml:Point>
            </kml:Placemark>
            <kml:Placemark>
                <kml:name>2:00&amp;F</kml:name>
                <kml:visibility>0</kml:visibility>
                <kml:styleUrl>#intersectionStyle</kml:styleUrl>
                <kml:Point>
                    <kml:coordinates>-119.192019,40.780012</kml:coordinates>
                </kml:Point>
            </kml:Placemark>
            <kml:Placemark>
                <kml:name>2:15&amp;F</kml:name>
                <kml:visibility>0</kml:visibility>
                <kml:styleUrl>#intersectionStyle</kml:styleUrl>
                <kml:Point>
                    <kml:coordinates>-119.19271,40.778467</kml:coordinates>
                </kml:Point>
            </kml:Placemark>
            <kml:Placemark>
                <kml:name>2:30&amp;F</kml:name>
                <kml:visibility>0</kml:visibility>
                <kml:styleUrl>#intersectionStyle</kml:styleUrl>
                <kml:Point>
                    <kml:coordinates>-119.193659,40.777004</kml:coordinates>
                </kml:Point>
            </kml:Placemark>
            <kml:Placemark>
                <kml:name>2:45&amp;F</kml:name>
                <kml:visibility>0</kml:visibility>
                <kml:styleUrl>#intersectionStyle</kml:styleUrl>
                <kml:Point>
                    <kml:coordinates>-119.194852,40.775647</kml:coordinates>
                </kml:Point>
            </kml:Placemark>
            <kml:Placemark>
                <kml:name>3:00&amp;F</kml:name>
                <kml:visibility>0</kml:visibility>
                <kml:styleUrl>#intersectionStyle</kml:styleUrl>
                <kml:Point>
                    <kml:coordinates>-119.196268,40.77442</kml:coordinates>
                </kml:Point>
            </kml:Placemark>
            <kml:Placemark>
                <kml:name>3:15&amp;F</kml:name>
                <kml:visibility>0</kml:visibility>
                <kml:styleUrl>#intersectionStyle</kml:styleUrl>
                <kml:Point>
                    <kml:coordinates>-119.197882,40.773345</kml:coordinates>
                </kml:Point>
            </kml:Placemark>
            <kml:Placemark>
                <kml:name>3:30&amp;F</kml:name>
                <kml:visibility>0</kml:visibility>
                <kml:styleUrl>#intersectionStyle</kml:styleUrl>
                <kml:Point>
                    <kml:coordinates>-119.199666,40.772438</kml:coordinates>
                </kml:Point>
            </kml:Placemark>
            <kml:Placemark>
                <kml:name>3:45&amp;F</kml:name>
                <kml:visibility>0</kml:visibility>
                <kml:styleUrl>#intersectionStyle</kml:styleUrl>
                <kml:Point>
                    <kml:coordinates>-119.201592,40.771717</kml:coordinates>
                </kml:Point>
            </kml:Placemark>
            <kml:Placemark>
                <kml:name>4:00&amp;F</kml:name>
                <kml:visibility>0</kml:visibility>
                <kml:styleUrl>#intersectionStyle</kml:styleUrl>
                <kml:Point>
                    <kml:coordinates>-119.203624,40.771192</kml:coordinates>
                </kml:Point>
            </kml:Placemark>
            <kml:Placemark>
                <kml:name>4:15&amp;F</kml:name>
                <kml:visibility>0</kml:visibility>
                <kml:styleUrl>#intersectionStyle</kml:styleUrl>
                <kml:Point>
                    <kml:coordinates>-119.205729,40.770874</kml:coordinates>
                </kml:Point>
            </kml:Placemark>
            <kml:Placemark>
                <kml:name>4:30&amp;F</kml:name>
                <kml:visibility>0</kml:visibility>
                <kml:styleUrl>#intersectionStyle</kml:styleUrl>
                <kml:Point>
                    <kml:coordinates>-119.207871,40.770767</kml:coordinates>
                </kml:Point>
            </kml:Placemark>
            <kml:Placemark>
                <kml:name>4:45&amp;F</kml:name>
                <kml:visibility>0</kml:visibility>
                <kml:styleUrl>#intersectionStyle</kml:styleUrl>
                <kml:Point>
                    <kml:coordinates>-119.210013,40.770874</kml:coordinates>
                </kml:Point>
            </kml:Placemark>
            <kml:Placemark>
                <kml:name>5:00&amp;F</kml:name>
                <kml:visibility>0</kml:visibility>
                <kml:styleUrl>#intersectionStyle</kml:styleUrl>
                <kml:Point>
                    <kml:coordinates>-119.212118,40.771192</kml:coordinates>
                </kml:Point>
            </kml:Placemark>
            <kml:Placemark>
                <kml:name>5:15&amp;F</kml:name>
                <kml:visibility>0</kml:visibility>
                <kml:styleUrl>#intersectionStyle</kml:styleUrl>
                <kml:Point>
                    <kml:coordinates>-119.21415,40.771717</kml:coordinates>
                </kml:Point>
            </kml:Placemark>
            <kml:Placemark>
                <kml:name>5:30&amp;F</kml:name>
                <kml:visibility>0</kml:visibility>
                <kml:styleUrl>#intersectionStyle</kml:styleUrl>
                <kml:Point>
                    <kml:coordinates>-119.216076,40.772438</kml:coordinates>
                </kml:Point>
            </kml:Placemark>
            <kml:Placemark>
                <kml:name>5:45&amp;F</kml:name>
                <kml:visibility>0</kml:visibility>
                <kml:styleUrl>#intersectionStyle</kml:styleUrl>
                <kml:Point>
                    <kml:coordinates>-119.21786,40.773345</kml:coordinates>
                </kml:Point>
            </kml:Placemark>
            <kml:Placemark>
                <kml:name>6:00&amp;F</kml:name>
                <kml:visibility>0</kml:visibility>
                <kml:styleUrl>#intersectionStyle</kml:styleUrl>
                <kml:Point>
                    <kml:coordinates>-119.219474,40.77442</kml:coordinates>
                </kml:Point>
            </kml:Placemark>
            <kml:Placemark>
                <kml:name>6:15&amp;F</kml:name>
                <kml:visibility>0</kml:visibility>
                <kml:styleUrl>#intersectionStyle</kml:styleUrl>
                <kml:Point>
                    <kml:coordinates>-119.22089,40.775647</kml:coordinates>
                </kml:Point>
            </kml:Placemark>
            <kml:Placemark>
                <kml:name>6:30&amp;F</kml:name>
                <kml:visibility>0</kml:visibility>
                <kml:styleUrl>#intersectionStyle</kml:styleUrl>
                <kml:Point>
                    <kml:coordinates>-119.222083,40.777004</kml:coordinates>
                </kml:Point>
            </kml:Placemark>
            <kml:Placemark>
                <kml:name>6:45&amp;F</kml:name>
                <kml:visibility>0</kml:visibility>
                <kml:styleUrl>#intersectionStyle</kml:styleUrl>
                <kml:Point>
                    <kml:coordinates>-119.223032,40.778467</kml:coordinates>
                </kml:Point>
            </kml:Placemark>
            <kml:Placemark>
                <kml:name>7:00&amp;F</kml:name>
                <kml:visibility>0</kml:visibility>
                <kml:styleUrl>#intersectionStyle</kml:styleUrl>
                <kml:Point>
                    <kml:coordinates>-119.223723,40.780012</kml:coordinates>
                </kml:Point>
            </kml:Placemark>
            <kml:Placemark>
                <kml:name>7:15&amp;F</kml:name>
                <kml:visibility>0</kml:visibility>
                <kml:styleUrl>#intersectionStyle</kml:styleUrl>
                <kml:Point>
                    <kml:coordinates>-119.224142,40.781613</kml:coordinates>
                </kml:Point>
            </kml:Placemark>
            <kml:Placemark>
                <kml:name>7:30&amp;F</kml:name>
                <kml:visibility>0</kml:visibility>
                <kml:styleUrl>#intersectionStyle</kml:styleUrl>
                <kml:Point>
                    <kml:coordinates>-119.224283,40.783241</kml:coordinates>
                </kml:Point>
            </kml:Placemark>
            <kml:Placemark>
                <kml:name>7:45&amp;F</kml:name>
                <kml:visibility>0</kml:visibility>
                <kml:styleUrl>#intersectionStyle</kml:styleUrl>
                <kml:Point>
                    <kml:coordinates>-119.224143,40.784869</kml:coordinates>
                </kml:Point>
            </kml:Placemark>
            <kml:Placemark>
                <kml:name>8:00&amp;F</kml:name>
                <kml:visibility>0</kml:visibility>
                <kml:styleUrl>#intersectionStyle</kml:styleUrl>
                <kml:Point>
                    <kml:coordinates>-119.223724,40.78647</kml:coordinates>
                </kml:Point>
            </kml:Placemark>
            <kml:Placemark>
                <kml:name>8:15&amp;F</kml:name>
                <kml:visibility>0</kml:visibility>
                <kml:styleUrl>#intersectionStyle</kml:styleUrl>
                <kml:Point>
                    <kml:coordinates>-119.223035,40.788015</kml:coordinates>
                </kml:Point>
            </kml:Placemark>
            <kml:Placemark>
                <kml:name>8:30&amp;F</kml:name>
                <kml:visibility>0</kml:visibility>
                <kml:styleUrl>#intersectionStyle</kml:styleUrl>
                <kml:Point>
                    <kml:coordinates>-119.222085,40.789478</kml:coordinates>
                </kml:Point>
            </kml:Placemark>
            <kml:Placemark>
                <kml:name>8:45&amp;F</kml:name>
                <kml:visibility>0</kml:visibility>
                <kml:styleUrl>#intersectionStyle</kml:styleUrl>
                <kml:Point>
                    <kml:coordinates>-119.220893,40.790835</kml:coordinates>
                </kml:Point>
            </kml:Placemark>
            <kml:Placemark>
                <kml:name>9:00&amp;F</kml:name>
                <kml:visibility>0</kml:visibility>
                <kml:styleUrl>#intersectionStyle</kml:styleUrl>
                <kml:Point>
                    <kml:coordinates>-119.219477,40.792062</kml:coordinates>
                </kml:Point>
            </kml:Placemark>
            <kml:Placemark>
                <kml:name>9:15&amp;F</kml:name>
                <kml:visibility>0</kml:visibility>
                <kml:styleUrl>#intersectionStyle</kml:styleUrl>
                <kml:Point>
                    <kml:coordinates>-119.217863,40.793138</kml:coordinates>
                </kml:Point>
            </kml:Placemark>
            <kml:Placemark>
                <kml:name>9:30&amp;F</kml:name>
                <kml:visibility>0</kml:visibility>
                <kml:styleUrl>#intersectionStyle</kml:styleUrl>
                <kml:Point>
                    <kml:coordinates>-119.216078,40.794045</kml:coordinates>
                </kml:Point>
            </kml:Placemark>
            <kml:Placemark>
                <kml:name>9:45&amp;F</kml:name>
                <kml:visibility>0</kml:visibility>
                <kml:styleUrl>#intersectionStyle</kml:styleUrl>
                <kml:Point>
                    <kml:coordinates>-119.214153,40.794767</kml:coordinates>
                </kml:Point>
            </kml:Placemark>
            <kml:Placemark>
                <kml:name>10:00&amp;F</kml:name>
                <kml:visibility>0</kml:visibility>
                <kml:styleUrl>#intersectionStyle</kml:styleUrl>
                <kml:Point>
                    <kml:coordinates>-119.212119,40.795292</kml:coordinates>
                </kml:Point>
            </kml:Placemark>
            <kml:Placemark>
                <kml:name>2:00&amp;G</kml:name>
                <kml:visibility>0</kml:visibility>
                <kml:styleUrl>#intersectionStyle</kml:styleUrl>
                <kml:Point>
                    <kml:coordinates>-119.191043,40.779813</kml:coordinates>
                </kml:Point>
            </kml:Placemark>
            <kml:Placemark>
                <kml:name>2:15&amp;G</kml:name>
                <kml:visibility>0</kml:visibility>
                <kml:styleUrl>#intersectionStyle</kml:styleUrl>
                <kml:Point>
                    <kml:coordinates>-119.191776,40.778173</kml:coordinates>
                </kml:Point>
            </kml:Placemark>
            <kml:Placemark>
                <kml:name>2:30&amp;G</kml:name>
                <kml:visibility>0</kml:visibility>
                <kml:styleUrl>#intersectionStyle</kml:styleUrl>
                <kml:Point>
                    <kml:coordinates>-119.192784,40.776619</kml:coordinates>
                </kml:Point>
            </kml:Placemark>
            <kml:Placemark>
                <kml:name>2:45&amp;G</kml:name>
                <kml:visibility>0</kml:visibility>
                <kml:styleUrl>#intersectionStyle</kml:styleUrl>
                <kml:Point>
                    <kml:coordinates>-119.19405,40.775179</kml:coordinates>
                </kml:Point>
            </kml:Placemark>
            <kml:Placemark>
                <kml:name>3:00&amp;G</kml:name>
                <kml:visibility>0</kml:visibility>
                <kml:styleUrl>#intersectionStyle</kml:styleUrl>
                <kml:Point>
                    <kml:coordinates>-119.195553,40.773877</kml:coordinates>
                </kml:Point>
            </kml:Placemark>
            <kml:Placemark>
                <kml:name>3:15&amp;G</kml:name>
                <kml:visibility>0</kml:visibility>
                <kml:styleUrl>#intersectionStyle</kml:styleUrl>
                <kml:Point>
                    <kml:coordinates>-119.197266,40.772735</kml:coordinates>
                </kml:Point>
            </kml:Placemark>
            <kml:Placemark>
                <kml:name>3:30&amp;G</kml:name>
                <kml:visibility>0</kml:visibility>
                <kml:styleUrl>#intersectionStyle</kml:styleUrl>
                <kml:Point>
                    <kml:coordinates>-119.199161,40.771773</kml:coordinates>
                </kml:Point>
            </kml:Placemark>
            <kml:Placemark>
                <kml:name>3:45&amp;G</kml:name>
                <kml:visibility>0</kml:visibility>
                <kml:styleUrl>#intersectionStyle</kml:styleUrl>
                <kml:Point>
                    <kml:coordinates>-119.201205,40.771007</kml:coordinates>
                </kml:Point>
            </kml:Placemark>
            <kml:Placemark>
                <kml:name>4:00&amp;G</kml:name>
                <kml:visibility>0</kml:visibility>
                <kml:styleUrl>#intersectionStyle</kml:styleUrl>
                <kml:Point>
                    <kml:coordinates>-119.203363,40.77045</kml:coordinates>
                </kml:Point>
            </kml:Placemark>
            <kml:Placemark>
                <kml:name>4:15&amp;G</kml:name>
                <kml:visibility>0</kml:visibility>
                <kml:styleUrl>#intersectionStyle</kml:styleUrl>
                <kml:Point>
                    <kml:coordinates>-119.205597,40.770112</kml:coordinates>
                </kml:Point>
            </kml:Placemark>
            <kml:Placemark>
                <kml:name>4:30&amp;G</kml:name>
                <kml:visibility>0</kml:visibility>
                <kml:styleUrl>#intersectionStyle</kml:styleUrl>
                <kml:Point>
                    <kml:coordinates>-119.207871,40.769999</kml:coordinates>
                </kml:Point>
            </kml:Placemark>
            <kml:Placemark>
                <kml:name>4:45&amp;G</kml:name>
                <kml:visibility>0</kml:visibility>
                <kml:styleUrl>#intersectionStyle</kml:styleUrl>
                <kml:Point>
                    <kml:coordinates>-119.210145,40.770112</kml:coordinates>
                </kml:Point>
            </kml:Placemark>
            <kml:Placemark>
                <kml:name>5:00&amp;G</kml:name>
                <kml:visibility>0</kml:visibility>
                <kml:styleUrl>#intersectionStyle</kml:styleUrl>
                <kml:Point>
                    <kml:coordinates>-119.212379,40.77045</kml:coordinates>
                </kml:Point>
            </kml:Placemark>
            <kml:Placemark>
                <kml:name>5:15&amp;G</kml:name>
                <kml:visibility>0</kml:visibility>
                <kml:styleUrl>#intersectionStyle</kml:styleUrl>
                <kml:Point>
                    <kml:coordinates>-119.214537,40.771007</kml:coordinates>
                </kml:Point>
            </kml:Placemark>
            <kml:Placemark>
                <kml:name>5:30&amp;G</kml:name>
                <kml:visibility>0</kml:visibility>
                <kml:styleUrl>#intersectionStyle</kml:styleUrl>
                <kml:Point>
                    <kml:coordinates>-119.216581,40.771773</kml:coordinates>
                </kml:Point>
            </kml:Placemark>
            <kml:Placemark>
                <kml:name>5:45&amp;G</kml:name>
                <kml:visibility>0</kml:visibility>
                <kml:styleUrl>#intersectionStyle</kml:styleUrl>
                <kml:Point>
                    <kml:coordinates>-119.218476,40.772735</kml:coordinates>
                </kml:Point>
            </kml:Placemark>
            <kml:Placemark>
                <kml:name>6:00&amp;G</kml:name>
                <kml:visibility>0</kml:visibility>
                <kml:styleUrl>#intersectionStyle</kml:styleUrl>
                <kml:Point>
                    <kml:coordinates>-119.220189,40.773877</kml:coordinates>
                </kml:Point>
            </kml:Placemark>
            <kml:Placemark>
                <kml:name>6:15&amp;G</kml:name>
                <kml:visibility>0</kml:visibility>
                <kml:styleUrl>#intersectionStyle</kml:styleUrl>
                <kml:Point>
                    <kml:coordinates>-119.221692,40.775179</kml:coordinates>
                </kml:Point>
            </kml:Placemark>
            <kml:Placemark>
                <kml:name>6:30&amp;G</kml:name>
                <kml:visibility>0</kml:visibility>
                <kml:styleUrl>#intersectionStyle</kml:styleUrl>
                <kml:Point>
                    <kml:coordinates>-119.222958,40.776619</kml:coordinates>
                </kml:Point>
            </kml:Placemark>
            <kml:Placemark>
                <kml:name>6:45&amp;G</kml:name>
                <kml:visibility>0</kml:visibility>
                <kml:styleUrl>#intersectionStyle</kml:styleUrl>
                <kml:Point>
                    <kml:coordinates>-119.223966,40.778173</kml:coordinates>
                </kml:Point>
            </kml:Placemark>
            <kml:Placemark>
                <kml:name>7:00&amp;G</kml:name>
                <kml:visibility>0</kml:visibility>
                <kml:styleUrl>#intersectionStyle</kml:styleUrl>
                <kml:Point>
                    <kml:coordinates>-119.224699,40.779813</kml:coordinates>
                </kml:Point>
            </kml:Placemark>
            <kml:Placemark>
                <kml:name>7:15&amp;G</kml:name>
                <kml:visibility>0</kml:visibility>
                <kml:styleUrl>#intersectionStyle</kml:styleUrl>
                <kml:Point>
                    <kml:coordinates>-119.225144,40.781512</kml:coordinates>
                </kml:Point>
            </kml:Placemark>
            <kml:Placemark>
                <kml:name>7:30&amp;G</kml:name>
                <kml:visibility>0</kml:visibility>
                <kml:styleUrl>#intersectionStyle</kml:styleUrl>
                <kml:Point>
                    <kml:coordinates>-119.225294,40.783241</kml:coordinates>
                </kml:Point>
            </kml:Placemark>
            <kml:Placemark>
                <kml:name>7:45&amp;G</kml:name>
                <kml:visibility>0</kml:visibility>
                <kml:styleUrl>#intersectionStyle</kml:styleUrl>
                <kml:Point>
                    <kml:coordinates>-119.225145,40.784969</kml:coordinates>
                </kml:Point>
            </kml:Placemark>
            <kml:Placemark>
                <kml:name>8:00&amp;G</kml:name>
                <kml:visibility>0</kml:visibility>
                <kml:styleUrl>#intersectionStyle</kml:styleUrl>
                <kml:Point>
                    <kml:coordinates>-119.224701,40.786668</kml:coordinates>
                </kml:Point>
            </kml:Placemark>
            <kml:Placemark>
                <kml:name>8:15&amp;G</kml:name>
                <kml:visibility>0</kml:visibility>
                <kml:styleUrl>#intersectionStyle</kml:styleUrl>
                <kml:Point>
                    <kml:coordinates>-119.223969,40.788309</kml:coordinates>
                </kml:Point>
            </kml:Placemark>
            <kml:Placemark>
                <kml:name>8:30&amp;G</kml:name>
                <kml:visibility>0</kml:visibility>
                <kml:styleUrl>#intersectionStyle</kml:styleUrl>
                <kml:Point>
                    <kml:coordinates>-119.222961,40.789863</kml:coordinates>
                </kml:Point>
            </kml:Placemark>
            <kml:Placemark>
                <kml:name>8:45&amp;G</kml:name>
                <kml:visibility>0</kml:visibility>
                <kml:styleUrl>#intersectionStyle</kml:styleUrl>
                <kml:Point>
                    <kml:coordinates>-119.221695,40.791303</kml:coordinates>
                </kml:Point>
            </kml:Placemark>
            <kml:Placemark>
                <kml:name>9:00&amp;G</kml:name>
                <kml:visibility>0</kml:visibility>
                <kml:styleUrl>#intersectionStyle</kml:styleUrl>
                <kml:Point>
                    <kml:coordinates>-119.220192,40.792606</kml:coordinates>
                </kml:Point>
            </kml:Placemark>
            <kml:Placemark>
                <kml:name>9:15&amp;G</kml:name>
                <kml:visibility>0</kml:visibility>
                <kml:styleUrl>#intersectionStyle</kml:styleUrl>
                <kml:Point>
                    <kml:coordinates>-119.218479,40.793748</kml:coordinates>
                </kml:Point>
            </kml:Placemark>
            <kml:Placemark>
                <kml:name>9:30&amp;G</kml:name>
                <kml:visibility>0</kml:visibility>
                <kml:styleUrl>#intersectionStyle</kml:styleUrl>
                <kml:Point>
                    <kml:coordinates>-119.216584,40.794711</kml:coordinates>
                </kml:Point>
            </kml:Placemark>
            <kml:Placemark>
                <kml:name>9:45&amp;G</kml:name>
                <kml:visibility>0</kml:visibility>
                <kml:styleUrl>#intersectionStyle</kml:styleUrl>
                <kml:Point>
                    <kml:coordinates>-119.21454,40.795477</kml:coordinates>
                </kml:Point>
            </kml:Placemark>
            <kml:Placemark>
                <kml:name>10:00&amp;G</kml:name>
                <kml:visibility>0</kml:visibility>
                <kml:styleUrl>#intersectionStyle</kml:styleUrl>
                <kml:Point>
                    <kml:coordinates>-119.212381,40.796034</kml:coordinates>
                </kml:Point>
            </kml:Placemark>
            <kml:Placemark>
                <kml:name>2:00&amp;H</kml:name>
                <kml:visibility>0</kml:visibility>
                <kml:styleUrl>#intersectionStyle</kml:styleUrl>
                <kml:Point>
                    <kml:coordinates>-119.190066,40.779614</kml:coordinates>
                </kml:Point>
            </kml:Placemark>
            <kml:Placemark>
                <kml:name>2:15&amp;H</kml:name>
                <kml:visibility>0</kml:visibility>
                <kml:styleUrl>#intersectionStyle</kml:styleUrl>
                <kml:Point>
                    <kml:coordinates>-119.190842,40.777879</kml:coordinates>
                </kml:Point>
            </kml:Placemark>
            <kml:Placemark>
                <kml:name>2:30&amp;H</kml:name>
                <kml:visibility>0</kml:visibility>
                <kml:styleUrl>#intersectionStyle</kml:styleUrl>
                <kml:Point>
                    <kml:coordinates>-119.191909,40.776235</kml:coordinates>
                </kml:Point>
            </kml:Placemark>
            <kml:Placemark>
                <kml:name>2:45&amp;H</kml:name>
                <kml:visibility>0</kml:visibility>
                <kml:styleUrl>#intersectionStyle</kml:styleUrl>
                <kml:Point>
                    <kml:coordinates>-119.193248,40.774711</kml:coordinates>
                </kml:Point>
            </kml:Placemark>
            <kml:Placemark>
                <kml:name>3:00&amp;H</kml:name>
                <kml:visibility>0</kml:visibility>
                <kml:styleUrl>#intersectionStyle</kml:styleUrl>
                <kml:Point>
                    <kml:coordinates>-119.194838,40.773333</kml:coordinates>
                </kml:Point>
            </kml:Placemark>
            <kml:Placemark>
                <kml:name>3:15&amp;H</kml:name>
                <kml:visibility>0</kml:visibility>
                <kml:styleUrl>#intersectionStyle</kml:styleUrl>
                <kml:Point>
                    <kml:coordinates>-119.196651,40.772125</kml:coordinates>
                </kml:Point>
            </kml:Placemark>
            <kml:Placemark>
                <kml:name>3:30&amp;H</kml:name>
                <kml:visibility>0</kml:visibility>
                <kml:styleUrl>#intersectionStyle</kml:styleUrl>
                <kml:Point>
                    <kml:coordinates>-119.198656,40.771107</kml:coordinates>
                </kml:Point>
            </kml:Placemark>
            <kml:Placemark>
                <kml:name>3:45&amp;H</kml:name>
                <kml:visibility>0</kml:visibility>
                <kml:styleUrl>#intersectionStyle</kml:styleUrl>
                <kml:Point>
                    <kml:coordinates>-119.200818,40.770297</kml:coordinates>
                </kml:Point>
            </kml:Placemark>
            <kml:Placemark>
                <kml:name>4:00&amp;H</kml:name>
                <kml:visibility>0</kml:visibility>
                <kml:styleUrl>#intersectionStyle</kml:styleUrl>
                <kml:Point>
                    <kml:coordinates>-119.203101,40.769708</kml:coordinates>
                </kml:Point>
            </kml:Placemark>
            <kml:Placemark>
                <kml:name>4:15&amp;H</kml:name>
                <kml:visibility>0</kml:visibility>
                <kml:styleUrl>#intersectionStyle</kml:styleUrl>
                <kml:Point>
                    <kml:coordinates>-119.205465,40.76935</kml:coordinates>
                </kml:Point>
            </kml:Placemark>
            <kml:Placemark>
                <kml:name>4:30&amp;H</kml:name>
                <kml:visibility>0</kml:visibility>
                <kml:styleUrl>#intersectionStyle</kml:styleUrl>
                <kml:Point>
                    <kml:coordinates>-119.207871,40.76923</kml:coordinates>
                </kml:Point>
            </kml:Placemark>
            <kml:Placemark>
                <kml:name>4:45&amp;H</kml:name>
                <kml:visibility>0</kml:visibility>
                <kml:styleUrl>#intersectionStyle</kml:styleUrl>
                <kml:Point>
                    <kml:coordinates>-119.210277,40.76935</kml:coordinates>
                </kml:Point>
            </kml:Placemark>
            <kml:Placemark>
                <kml:name>5:00&amp;H</kml:name>
                <kml:visibility>0</kml:visibility>
                <kml:styleUrl>#intersectionStyle</kml:styleUrl>
                <kml:Point>
                    <kml:coordinates>-119.212641,40.769708</kml:coordinates>
                </kml:Point>
            </kml:Placemark>
            <kml:Placemark>
                <kml:name>5:15&amp;H</kml:name>
                <kml:visibility>0</kml:visibility>
                <kml:styleUrl>#intersectionStyle</kml:styleUrl>
                <kml:Point>
                    <kml:coordinates>-119.214924,40.770297</kml:coordinates>
                </kml:Point>
            </kml:Placemark>
            <kml:Placemark>
                <kml:name>5:30&amp;H</kml:name>
                <kml:visibility>0</kml:visibility>
                <kml:styleUrl>#intersectionStyle</kml:styleUrl>
                <kml:Point>
                    <kml:coordinates>-119.217086,40.771107</kml:coordinates>
                </kml:Point>
            </kml:Placemark>
            <kml:Placemark>
                <kml:name>5:45&amp;H</kml:name>
                <kml:visibility>0</kml:visibility>
                <kml:styleUrl>#intersectionStyle</kml:styleUrl>
                <kml:Point>
                    <kml:coordinates>-119.219091,40.772125</kml:coordinates>
                </kml:Point>
            </kml:Placemark>
            <kml:Placemark>
                <kml:name>6:00&amp;H</kml:name>
                <kml:visibility>0</kml:visibility>
                <kml:styleUrl>#intersectionStyle</kml:styleUrl>
                <kml:Point>
                    <kml:coordinates>-119.220904,40.773333</kml:coordinates>
                </kml:Point>
            </kml:Placemark>
            <kml:Placemark>
                <kml:name>6:15&amp;H</kml:name>
                <kml:visibility>0</kml:visibility>
                <kml:styleUrl>#intersectionStyle</kml:styleUrl>
                <kml:Point>
                    <kml:coordinates>-119.222494,40.774711</kml:coordinates>
                </kml:Point>
            </kml:Placemark>
            <kml:Placemark>
                <kml:name>6:30&amp;H</kml:name>
                <kml:visibility>0</kml:visibility>
                <kml:styleUrl>#intersectionStyle</kml:styleUrl>
                <kml:Point>
                    <kml:coordinates>-119.223833,40.776235</kml:coordinates>
                </kml:Point>
            </kml:Placemark>
            <kml:Placemark>
                <kml:name>6:45&amp;H</kml:name>
                <kml:visibility>0</kml:visibility>
                <kml:styleUrl>#intersectionStyle</kml:styleUrl>
                <kml:Point>
                    <kml:coordinates>-119.2249,40.777879</kml:coordinates>
                </kml:Point>
            </kml:Placemark>
            <kml:Placemark>
                <kml:name>7:00&amp;H</kml:name>
                <kml:visibility>0</kml:visibility>
                <kml:styleUrl>#intersectionStyle</kml:styleUrl>
                <kml:Point>
                    <kml:coordinates>-119.225676,40.779614</kml:coordinates>
                </kml:Point>
            </kml:Placemark>
            <kml:Placemark>
                <kml:name>7:15&amp;H</kml:name>
                <kml:visibility>0</kml:visibility>
                <kml:styleUrl>#intersectionStyle</kml:styleUrl>
                <kml:Point>
                    <kml:coordinates>-119.226147,40.781412</kml:coordinates>
                </kml:Point>
            </kml:Placemark>
            <kml:Placemark>
                <kml:name>7:30&amp;H</kml:name>
                <kml:visibility>0</kml:visibility>
                <kml:styleUrl>#intersectionStyle</kml:styleUrl>
                <kml:Point>
                    <kml:coordinates>-119.226305,40.783241</kml:coordinates>
                </kml:Point>
            </kml:Placemark>
            <kml:Placemark>
                <kml:name>7:45&amp;H</kml:name>
                <kml:visibility>0</kml:visibility>
                <kml:styleUrl>#intersectionStyle</kml:styleUrl>
                <kml:Point>
                    <kml:coordinates>-119.226148,40.785069</kml:coordinates>
                </kml:Point>
            </kml:Placemark>
            <kml:Placemark>
                <kml:name>8:00&amp;H</kml:name>
                <kml:visibility>0</kml:visibility>
                <kml:styleUrl>#intersectionStyle</kml:styleUrl>
                <kml:Point>
                    <kml:coordinates>-119.225678,40.786867</kml:coordinates>
                </kml:Point>
            </kml:Placemark>
            <kml:Placemark>
                <kml:name>8:15&amp;H</kml:name>
                <kml:visibility>0</kml:visibility>
                <kml:styleUrl>#intersectionStyle</kml:styleUrl>
                <kml:Point>
                    <kml:coordinates>-119.224903,40.788603</kml:coordinates>
                </kml:Point>
            </kml:Placemark>
            <kml:Placemark>
                <kml:name>8:30&amp;H</kml:name>
                <kml:visibility>0</kml:visibility>
                <kml:styleUrl>#intersectionStyle</kml:styleUrl>
                <kml:Point>
                    <kml:coordinates>-119.223837,40.790247</kml:coordinates>
                </kml:Point>
            </kml:Placemark>
            <kml:Placemark>
                <kml:name>8:45&amp;H</kml:name>
                <kml:visibility>0</kml:visibility>
                <kml:styleUrl>#intersectionStyle</kml:styleUrl>
                <kml:Point>
                    <kml:coordinates>-119.222497,40.791771</kml:coordinates>
                </kml:Point>
            </kml:Placemark>
            <kml:Placemark>
                <kml:name>9:00&amp;H</kml:name>
                <kml:visibility>0</kml:visibility>
                <kml:styleUrl>#intersectionStyle</kml:styleUrl>
                <kml:Point>
                    <kml:coordinates>-119.220908,40.793149</kml:coordinates>
                </kml:Point>
            </kml:Placemark>
            <kml:Placemark>
                <kml:name>9:15&amp;H</kml:name>
                <kml:visibility>0</kml:visibility>
                <kml:styleUrl>#intersectionStyle</kml:styleUrl>
                <kml:Point>
                    <kml:coordinates>-119.219095,40.794358</kml:coordinates>
                </kml:Point>
            </kml:Placemark>
            <kml:Placemark>
                <kml:name>9:30&amp;H</kml:name>
                <kml:visibility>0</kml:visibility>
                <kml:styleUrl>#intersectionStyle</kml:styleUrl>
                <kml:Point>
                    <kml:coordinates>-119.21709,40.795376</kml:coordinates>
                </kml:Point>
            </kml:Placemark>
            <kml:Placemark>
                <kml:name>9:45&amp;H</kml:name>
                <kml:visibility>0</kml:visibility>
                <kml:styleUrl>#intersectionStyle</kml:styleUrl>
                <kml:Point>
                    <kml:coordinates>-119.214927,40.796187</kml:coordinates>
                </kml:Point>
            </kml:Placemark>
            <kml:Placemark>
                <kml:name>10:00&amp;H</kml:name>
                <kml:visibility>0</kml:visibility>
                <kml:styleUrl>#intersectionStyle</kml:styleUrl>
                <kml:Point>
                    <kml:coordinates>-119.212643,40.796776</kml:coordinates>
                </kml:Point>
            </kml:Placemark>
            <kml:Placemark>
                <kml:name>2:00&amp;I</kml:name>
                <kml:visibility>0</kml:visibility>
                <kml:styleUrl>#intersectionStyle</kml:styleUrl>
                <kml:Point>
                    <kml:coordinates>-119.18909,40.779415</kml:coordinates>
                </kml:Point>
            </kml:Placemark>
            <kml:Placemark>
                <kml:name>2:15&amp;I</kml:name>
                <kml:visibility>0</kml:visibility>
                <kml:styleUrl>#intersectionStyle</kml:styleUrl>
                <kml:Point>
                    <kml:coordinates>-119.189908,40.777584</kml:coordinates>
                </kml:Point>
            </kml:Placemark>
            <kml:Placemark>
                <kml:name>2:30&amp;I</kml:name>
                <kml:visibility>0</kml:visibility>
                <kml:styleUrl>#intersectionStyle</kml:styleUrl>
                <kml:Point>
                    <kml:coordinates>-119.191033,40.775851</kml:coordinates>
                </kml:Point>
            </kml:Placemark>
            <kml:Placemark>
                <kml:name>2:45&amp;I</kml:name>
                <kml:visibility>0</kml:visibility>
                <kml:styleUrl>#intersectionStyle</kml:styleUrl>
                <kml:Point>
                    <kml:coordinates>-119.192446,40.774243</kml:coordinates>
                </kml:Point>
            </kml:Placemark>
            <kml:Placemark>
                <kml:name>3:00&amp;I</kml:name>
                <kml:visibility>0</kml:visibility>
                <kml:styleUrl>#intersectionStyle</kml:styleUrl>
                <kml:Point>
                    <kml:coordinates>-119.194124,40.77279</kml:coordinates>
                </kml:Point>
            </kml:Placemark>
            <kml:Placemark>
                <kml:name>3:15&amp;I</kml:name>
                <kml:visibility>0</kml:visibility>
                <kml:styleUrl>#intersectionStyle</kml:styleUrl>
                <kml:Point>
                    <kml:coordinates>-119.196036,40.771515</kml:coordinates>
                </kml:Point>
            </kml:Placemark>
            <kml:Placemark>
                <kml:name>3:30&amp;I</kml:name>
                <kml:visibility>0</kml:visibility>
                <kml:styleUrl>#intersectionStyle</kml:styleUrl>
                <kml:Point>
                    <kml:coordinates>-119.19815,40.770441</kml:coordinates>
                </kml:Point>
            </kml:Placemark>
            <kml:Placemark>
                <kml:name>3:45&amp;I</kml:name>
                <kml:visibility>0</kml:visibility>
                <kml:styleUrl>#intersectionStyle</kml:styleUrl>
                <kml:Point>
                    <kml:coordinates>-119.200431,40.769587</kml:coordinates>
                </kml:Point>
            </kml:Placemark>
            <kml:Placemark>
                <kml:name>4:00&amp;I</kml:name>
                <kml:visibility>0</kml:visibility>
                <kml:styleUrl>#intersectionStyle</kml:styleUrl>
                <kml:Point>
                    <kml:coordinates>-119.202839,40.768965</kml:coordinates>
                </kml:Point>
            </kml:Placemark>
            <kml:Placemark>
                <kml:name>4:15&amp;I</kml:name>
                <kml:visibility>0</kml:visibility>
                <kml:styleUrl>#intersectionStyle</kml:styleUrl>
                <kml:Point>
                    <kml:coordinates>-119.205333,40.768588</kml:coordinates>
                </kml:Point>
            </kml:Placemark>
            <kml:Placemark>
                <kml:name>4:30&amp;I</kml:name>
                <kml:visibility>0</kml:visibility>
                <kml:styleUrl>#intersectionStyle</kml:styleUrl>
                <kml:Point>
                    <kml:coordinates>-119.207871,40.768462</kml:coordinates>
                </kml:Point>
            </kml:Placemark>
            <kml:Placemark>
                <kml:name>4:45&amp;I</kml:name>
                <kml:visibility>0</kml:visibility>
                <kml:styleUrl>#intersectionStyle</kml:styleUrl>
                <kml:Point>
                    <kml:coordinates>-119.210409,40.768588</kml:coordinates>
                </kml:Point>
            </kml:Placemark>
            <kml:Placemark>
                <kml:name>5:00&amp;I</kml:name>
                <kml:visibility>0</kml:visibility>
                <kml:styleUrl>#intersectionStyle</kml:styleUrl>
                <kml:Point>
                    <kml:coordinates>-119.212903,40.768965</kml:coordinates>
                </kml:Point>
            </kml:Placemark>
            <kml:Placemark>
                <kml:name>5:15&amp;I</kml:name>
                <kml:visibility>0</kml:visibility>
                <kml:styleUrl>#intersectionStyle</kml:styleUrl>
                <kml:Point>
                    <kml:coordinates>-119.215311,40.769587</kml:coordinates>
                </kml:Point>
            </kml:Placemark>
            <kml:Placemark>
                <kml:name>5:30&amp;I</kml:name>
                <kml:visibility>0</kml:visibility>
                <kml:styleUrl>#intersectionStyle</kml:styleUrl>
                <kml:Point>
                    <kml:coordinates>-119.217592,40.770441</kml:coordinates>
                </kml:Point>
            </kml:Placemark>
            <kml:Placemark>
                <kml:name>5:45&amp;I</kml:name>
                <kml:visibility>0</kml:visibility>
                <kml:styleUrl>#intersectionStyle</kml:styleUrl>
                <kml:Point>
                    <kml:coordinates>-119.219706,40.771515</kml:coordinates>
                </kml:Point>
            </kml:Placemark>
            <kml:Placemark>
                <kml:name>6:00&amp;I</kml:name>
                <kml:visibility>0</kml:visibility>
                <kml:styleUrl>#intersectionStyle</kml:styleUrl>
                <kml:Point>
                    <kml:coordinates>-119.221618,40.77279</kml:coordinates>
                </kml:Point>
            </kml:Placemark>
            <kml:Placemark>
                <kml:name>6:15&amp;I</kml:name>
                <kml:visibility>0</kml:visibility>
                <kml:styleUrl>#intersectionStyle</kml:styleUrl>
                <kml:Point>
                    <kml:coordinates>-119.223296,40.774243</kml:coordinates>
                </kml:Point>
            </kml:Placemark>
            <kml:Placemark>
                <kml:name>6:30&amp;I</kml:name>
                <kml:visibility>0</kml:visibility>
                <kml:styleUrl>#intersectionStyle</kml:styleUrl>
                <kml:Point>
                    <kml:coordinates>-119.224709,40.775851</kml:coordinates>
                </kml:Point>
            </kml:Placemark>
            <kml:Placemark>
                <kml:name>6:45&amp;I</kml:name>
                <kml:visibility>0</kml:visibility>
                <kml:styleUrl>#intersectionStyle</kml:styleUrl>
                <kml:Point>
                    <kml:coordinates>-119.225834,40.777584</kml:coordinates>
                </kml:Point>
            </kml:Placemark>
            <kml:Placemark>
                <kml:name>7:00&amp;I</kml:name>
                <kml:visibility>0</kml:visibility>
                <kml:styleUrl>#intersectionStyle</kml:styleUrl>
                <kml:Point>
                    <kml:coordinates>-119.226652,40.779415</kml:coordinates>
                </kml:Point>
            </kml:Placemark>
            <kml:Placemark>
                <kml:name>7:15&amp;I</kml:name>
                <kml:visibility>0</kml:visibility>
                <kml:styleUrl>#intersectionStyle</kml:styleUrl>
                <kml:Point>
                    <kml:coordinates>-119.227149,40.781311</kml:coordinates>
                </kml:Point>
            </kml:Placemark>
            <kml:Placemark>
                <kml:name>7:30&amp;I</kml:name>
                <kml:visibility>0</kml:visibility>
                <kml:styleUrl>#intersectionStyle</kml:styleUrl>
                <kml:Point>
                    <kml:coordinates>-119.227316,40.78324</kml:coordinates>
                </kml:Point>
            </kml:Placemark>
            <kml:Placemark>
                <kml:name>7:45&amp;I</kml:name>
                <kml:visibility>0</kml:visibility>
                <kml:styleUrl>#intersectionStyle</kml:styleUrl>
                <kml:Point>
                    <kml:coordinates>-119.22715,40.78517</kml:coordinates>
                </kml:Point>
            </kml:Placemark>
            <kml:Placemark>
                <kml:name>8:00&amp;I</kml:name>
                <kml:visibility>0</kml:visibility>
                <kml:styleUrl>#intersectionStyle</kml:styleUrl>
                <kml:Point>
                    <kml:coordinates>-119.226654,40.787066</kml:coordinates>
                </kml:Point>
            </kml:Placemark>
            <kml:Placemark>
                <kml:name>8:15&amp;I</kml:name>
                <kml:visibility>0</kml:visibility>
                <kml:styleUrl>#intersectionStyle</kml:styleUrl>
                <kml:Point>
                    <kml:coordinates>-119.225837,40.788897</kml:coordinates>
                </kml:Point>
            </kml:Placemark>
            <kml:Placemark>
                <kml:name>8:30&amp;I</kml:name>
                <kml:visibility>0</kml:visibility>
                <kml:styleUrl>#intersectionStyle</kml:styleUrl>
                <kml:Point>
                    <kml:coordinates>-119.224713,40.790631</kml:coordinates>
                </kml:Point>
            </kml:Placemark>
            <kml:Placemark>
                <kml:name>8:45&amp;I</kml:name>
                <kml:visibility>0</kml:visibility>
                <kml:styleUrl>#intersectionStyle</kml:styleUrl>
                <kml:Point>
                    <kml:coordinates>-119.2233,40.792239</kml:coordinates>
                </kml:Point>
            </kml:Placemark>
            <kml:Placemark>
                <kml:name>9:00&amp;I</kml:name>
                <kml:visibility>0</kml:visibility>
                <kml:styleUrl>#intersectionStyle</kml:styleUrl>
                <kml:Point>
                    <kml:coordinates>-119.221623,40.793692</kml:coordinates>
                </kml:Point>
            </kml:Placemark>
            <kml:Placemark>
                <kml:name>9:15&amp;I</kml:name>
                <kml:visibility>0</kml:visibility>
                <kml:styleUrl>#intersectionStyle</kml:styleUrl>
                <kml:Point>
                    <kml:coordinates>-119.21971,40.794967</kml:coordinates>
                </kml:Point>
            </kml:Placemark>
            <kml:Placemark>
                <kml:name>9:30&amp;I</kml:name>
                <kml:visibility>0</kml:visibility>
                <kml:styleUrl>#intersectionStyle</kml:styleUrl>
                <kml:Point>
                    <kml:coordinates>-119.217595,40.796042</kml:coordinates>
                </kml:Point>
            </kml:Placemark>
            <kml:Placemark>
                <kml:name>9:45&amp;I</kml:name>
                <kml:visibility>0</kml:visibility>
                <kml:styleUrl>#intersectionStyle</kml:styleUrl>
                <kml:Point>
                    <kml:coordinates>-119.215314,40.796897</kml:coordinates>
                </kml:Point>
            </kml:Placemark>
            <kml:Placemark>
                <kml:name>10:00&amp;I</kml:name>
                <kml:visibility>0</kml:visibility>
                <kml:styleUrl>#intersectionStyle</kml:styleUrl>
                <kml:Point>
                    <kml:coordinates>-119.212905,40.797519</kml:coordinates>
                </kml:Point>
            </kml:Placemark>
            <kml:Placemark>
                <kml:name>2:00&amp;J</kml:name>
                <kml:visibility>0</kml:visibility>
                <kml:styleUrl>#intersectionStyle</kml:styleUrl>
                <kml:Point>
                    <kml:coordinates>-119.188462,40.779287</kml:coordinates>
                </kml:Point>
            </kml:Placemark>
            <kml:Placemark>
                <kml:name>2:15&amp;J</kml:name>
                <kml:visibility>0</kml:visibility>
                <kml:styleUrl>#intersectionStyle</kml:styleUrl>
                <kml:Point>
                    <kml:coordinates>-119.189307,40.777395</kml:coordinates>
                </kml:Point>
            </kml:Placemark>
            <kml:Placemark>
                <kml:name>2:30&amp;J</kml:name>
                <kml:visibility>0</kml:visibility>
                <kml:styleUrl>#intersectionStyle</kml:styleUrl>
                <kml:Point>
                    <kml:coordinates>-119.19047,40.775604</kml:coordinates>
                </kml:Point>
            </kml:Placemark>
            <kml:Placemark>
                <kml:name>2:45&amp;J</kml:name>
                <kml:visibility>0</kml:visibility>
                <kml:styleUrl>#intersectionStyle</kml:styleUrl>
                <kml:Point>
                    <kml:coordinates>-119.191931,40.773942</kml:coordinates>
                </kml:Point>
            </kml:Placemark>
            <kml:Placemark>
                <kml:name>3:00&amp;J</kml:name>
                <kml:visibility>0</kml:visibility>
                <kml:styleUrl>#intersectionStyle</kml:styleUrl>
                <kml:Point>
                    <kml:coordinates>-119.193664,40.772441</kml:coordinates>
                </kml:Point>
            </kml:Placemark>
            <kml:Placemark>
                <kml:name>3:15&amp;J</kml:name>
                <kml:visibility>0</kml:visibility>
                <kml:styleUrl>#intersectionStyle</kml:styleUrl>
                <kml:Point>
                    <kml:coordinates>-119.19564,40.771123</kml:coordinates>
                </kml:Point>
            </kml:Placemark>
            <kml:Placemark>
                <kml:name>3:30&amp;J</kml:name>
                <kml:visibility>0</kml:visibility>
                <kml:styleUrl>#intersectionStyle</kml:styleUrl>
                <kml:Point>
                    <kml:coordinates>-119.197826,40.770014</kml:coordinates>
                </kml:Point>
            </kml:Placemark>
            <kml:Placemark>
                <kml:name>3:45&amp;J</kml:name>
                <kml:visibility>0</kml:visibility>
                <kml:styleUrl>#intersectionStyle</kml:styleUrl>
                <kml:Point>
                    <kml:coordinates>-119.200183,40.76913</kml:coordinates>
                </kml:Point>
            </kml:Placemark>
            <kml:Placemark>
                <kml:name>4:00&amp;J</kml:name>
                <kml:visibility>0</kml:visibility>
                <kml:styleUrl>#intersectionStyle</kml:styleUrl>
                <kml:Point>
                    <kml:coordinates>-119.202671,40.768488</kml:coordinates>
                </kml:Point>
            </kml:Placemark>
            <kml:Placemark>
                <kml:name>4:15&amp;J</kml:name>
                <kml:visibility>0</kml:visibility>
                <kml:styleUrl>#intersectionStyle</kml:styleUrl>
                <kml:Point>
                    <kml:coordinates>-119.205249,40.768098</kml:coordinates>
                </kml:Point>
            </kml:Placemark>
            <kml:Placemark>
                <kml:name>4:30&amp;J</kml:name>
                <kml:visibility>0</kml:visibility>
                <kml:styleUrl>#intersectionStyle</kml:styleUrl>
                <kml:Point>
                    <kml:coordinates>-119.207871,40.767968</kml:coordinates>
                </kml:Point>
            </kml:Placemark>
            <kml:Placemark>
                <kml:name>4:45&amp;J</kml:name>
                <kml:visibility>0</kml:visibility>
                <kml:styleUrl>#intersectionStyle</kml:styleUrl>
                <kml:Point>
                    <kml:coordinates>-119.210493,40.768098</kml:coordinates>
                </kml:Point>
            </kml:Placemark>
            <kml:Placemark>
                <kml:name>5:00&amp;J</kml:name>
                <kml:visibility>0</kml:visibility>
                <kml:styleUrl>#intersectionStyle</kml:styleUrl>
                <kml:Point>
                    <kml:coordinates>-119.213071,40.768488</kml:coordinates>
                </kml:Point>
            </kml:Placemark>
            <kml:Placemark>
                <kml:name>5:15&amp;J</kml:name>
                <kml:visibility>0</kml:visibility>
                <kml:styleUrl>#intersectionStyle</kml:styleUrl>
                <kml:Point>
                    <kml:coordinates>-119.215559,40.76913</kml:coordinates>
                </kml:Point>
            </kml:Placemark>
            <kml:Placemark>
                <kml:name>5:30&amp;J</kml:name>
                <kml:visibility>0</kml:visibility>
                <kml:styleUrl>#intersectionStyle</kml:styleUrl>
                <kml:Point>
                    <kml:coordinates>-119.217916,40.770014</kml:coordinates>
                </kml:Point>
            </kml:Placemark>
            <kml:Placemark>
                <kml:name>5:45&amp;J</kml:name>
                <kml:visibility>0</kml:visibility>
                <kml:styleUrl>#intersectionStyle</kml:styleUrl>
                <kml:Point>
                    <kml:coordinates>-119.220102,40.771123</kml:coordinates>
                </kml:Point>
            </kml:Placemark>
            <kml:Placemark>
                <kml:name>6:00&amp;J</kml:name>
                <kml:visibility>0</kml:visibility>
                <kml:styleUrl>#intersectionStyle</kml:styleUrl>
                <kml:Point>
                    <kml:coordinates>-119.222078,40.772441</kml:coordinates>
                </kml:Point>
            </kml:Placemark>
            <kml:Placemark>
                <kml:name>6:15&amp;J</kml:name>
                <kml:visibility>0</kml:visibility>
                <kml:styleUrl>#intersectionStyle</kml:styleUrl>
                <kml:Point>
                    <kml:coordinates>-119.223811,40.773942</kml:coordinates>
                </kml:Point>
            </kml:Placemark>
            <kml:Placemark>
                <kml:name>6:30&amp;J</kml:name>
                <kml:visibility>0</kml:visibility>
                <kml:styleUrl>#intersectionStyle</kml:styleUrl>
                <kml:Point>
                    <kml:coordinates>-119.225272,40.775604</kml:coordinates>
                </kml:Point>
            </kml:Placemark>
            <kml:Placemark>
                <kml:name>6:45&amp;J</kml:name>
                <kml:visibility>0</kml:visibility>
                <kml:styleUrl>#intersectionStyle</kml:styleUrl>
                <kml:Point>
                    <kml:coordinates>-119.226435,40.777395</kml:coordinates>
                </kml:Point>
            </kml:Placemark>
            <kml:Placemark>
                <kml:name>7:00&amp;J</kml:name>
                <kml:visibility>0</kml:visibility>
                <kml:styleUrl>#intersectionStyle</kml:styleUrl>
                <kml:Point>
                    <kml:coordinates>-119.22728,40.779287</kml:coordinates>
                </kml:Point>
            </kml:Placemark>
            <kml:Placemark>
                <kml:name>7:15&amp;J</kml:name>
                <kml:visibility>0</kml:visibility>
                <kml:styleUrl>#intersectionStyle</kml:styleUrl>
                <kml:Point>
                    <kml:coordinates>-119.227793,40.781247</kml:coordinates>
                </kml:Point>
            </kml:Placemark>
            <kml:Placemark>
                <kml:name>7:30&amp;J</kml:name>
                <kml:visibility>0</kml:visibility>
                <kml:styleUrl>#intersectionStyle</kml:styleUrl>
                <kml:Point>
                    <kml:coordinates>-119.227966,40.78324</kml:coordinates>
                </kml:Point>
            </kml:Placemark>
            <kml:Placemark>
                <kml:name>7:45&amp;J</kml:name>
                <kml:visibility>0</kml:visibility>
                <kml:styleUrl>#intersectionStyle</kml:styleUrl>
                <kml:Point>
                    <kml:coordinates>-119.227795,40.785234</kml:coordinates>
                </kml:Point>
            </kml:Placemark>
            <kml:Placemark>
                <kml:name>8:00&amp;J</kml:name>
                <kml:visibility>0</kml:visibility>
                <kml:styleUrl>#intersectionStyle</kml:styleUrl>
                <kml:Point>
                    <kml:coordinates>-119.227282,40.787194</kml:coordinates>
                </kml:Point>
            </kml:Placemark>
            <kml:Placemark>
                <kml:name>8:15&amp;J</kml:name>
                <kml:visibility>0</kml:visibility>
                <kml:styleUrl>#intersectionStyle</kml:styleUrl>
                <kml:Point>
                    <kml:coordinates>-119.226438,40.789086</kml:coordinates>
                </kml:Point>
            </kml:Placemark>
            <kml:Placemark>
                <kml:name>8:30&amp;J</kml:name>
                <kml:visibility>0</kml:visibility>
                <kml:styleUrl>#intersectionStyle</kml:styleUrl>
                <kml:Point>
                    <kml:coordinates>-119.225276,40.790878</kml:coordinates>
                </kml:Point>
            </kml:Placemark>
            <kml:Placemark>
                <kml:name>8:45&amp;J</kml:name>
                <kml:visibility>0</kml:visibility>
                <kml:styleUrl>#intersectionStyle</kml:styleUrl>
                <kml:Point>
                    <kml:coordinates>-119.223816,40.792539</kml:coordinates>
                </kml:Point>
            </kml:Placemark>
            <kml:Placemark>
                <kml:name>9:00&amp;J</kml:name>
                <kml:visibility>0</kml:visibility>
                <kml:styleUrl>#intersectionStyle</kml:styleUrl>
                <kml:Point>
                    <kml:coordinates>-119.222083,40.794042</kml:coordinates>
                </kml:Point>
            </kml:Placemark>
            <kml:Placemark>
                <kml:name>9:15&amp;J</kml:name>
                <kml:visibility>0</kml:visibility>
                <kml:styleUrl>#intersectionStyle</kml:styleUrl>
                <kml:Point>
                    <kml:coordinates>-119.220106,40.795359</kml:coordinates>
                </kml:Point>
            </kml:Placemark>
            <kml:Placemark>
                <kml:name>9:30&amp;J</kml:name>
                <kml:visibility>0</kml:visibility>
                <kml:styleUrl>#intersectionStyle</kml:styleUrl>
                <kml:Point>
                    <kml:coordinates>-119.21792,40.79647</kml:coordinates>
                </kml:Point>
            </kml:Placemark>
            <kml:Placemark>
                <kml:name>9:45&amp;J</kml:name>
                <kml:visibility>0</kml:visibility>
                <kml:styleUrl>#intersectionStyle</kml:styleUrl>
                <kml:Point>
                    <kml:coordinates>-119.215563,40.797353</kml:coordinates>
                </kml:Point>
            </kml:Placemark>
            <kml:Placemark>
                <kml:name>10:00&amp;J</kml:name>
                <kml:visibility>0</kml:visibility>
                <kml:styleUrl>#intersectionStyle</kml:styleUrl>
                <kml:Point>
                    <kml:coordinates>-119.213073,40.797996</kml:coordinates>
                </kml:Point>
            </kml:Placemark>
            <kml:Placemark>
                <kml:name>2:00&amp;K</kml:name>
                <kml:visibility>0</kml:visibility>
                <kml:styleUrl>#intersectionStyle</kml:styleUrl>
                <kml:Point>
                    <kml:coordinates>-119.187799,40.779152</kml:coordinates>
                </kml:Point>
            </kml:Placemark>
            <kml:Placemark>
                <kml:name>2:15&amp;K</kml:name>
                <kml:visibility>0</kml:visibility>
                <kml:styleUrl>#intersectionStyle</kml:styleUrl>
                <kml:Point>
                    <kml:coordinates>-119.188674,40.777196</kml:coordinates>
                </kml:Point>
            </kml:Placemark>
            <kml:Placemark>
                <kml:name>2:30&amp;K</kml:name>
                <kml:visibility>0</kml:visibility>
                <kml:styleUrl>#intersectionStyle</kml:styleUrl>
                <kml:Point>
                    <kml:coordinates>-119.189876,40.775343</kml:coordinates>
                </kml:Point>
            </kml:Placemark>
            <kml:Placemark>
                <kml:name>2:45&amp;K</kml:name>
                <kml:visibility>0</kml:visibility>
                <kml:styleUrl>#intersectionStyle</kml:styleUrl>
                <kml:Point>
                    <kml:coordinates>-119.191387,40.773625</kml:coordinates>
                </kml:Point>
            </kml:Placemark>
            <kml:Placemark>
                <kml:name>3:00&amp;K</kml:name>
                <kml:visibility>0</kml:visibility>
                <kml:styleUrl>#intersectionStyle</kml:styleUrl>
                <kml:Point>
                    <kml:coordinates>-119.193179,40.772072</kml:coordinates>
                </kml:Point>
            </kml:Placemark>
            <kml:Placemark>
                <kml:name>3:15&amp;K</kml:name>
                <kml:visibility>0</kml:visibility>
                <kml:styleUrl>#intersectionStyle</kml:styleUrl>
                <kml:Point>
                    <kml:coordinates>-119.195223,40.77071</kml:coordinates>
                </kml:Point>
            </kml:Placemark>
            <kml:Placemark>
                <kml:name>3:30&amp;K</kml:name>
                <kml:visibility>0</kml:visibility>
                <kml:styleUrl>#intersectionStyle</kml:styleUrl>
                <kml:Point>
                    <kml:coordinates>-119.197483,40.769562</kml:coordinates>
                </kml:Point>
            </kml:Placemark>
            <kml:Placemark>
                <kml:name>3:45&amp;K</kml:name>
                <kml:visibility>0</kml:visibility>
                <kml:styleUrl>#intersectionStyle</kml:styleUrl>
                <kml:Point>
                    <kml:coordinates>-119.19992,40.768648</kml:coordinates>
                </kml:Point>
            </kml:Placemark>
            <kml:Placemark>
                <kml:name>4:00&amp;K</kml:name>
                <kml:visibility>0</kml:visibility>
                <kml:styleUrl>#intersectionStyle</kml:styleUrl>
                <kml:Point>
                    <kml:coordinates>-119.202494,40.767984</kml:coordinates>
                </kml:Point>
            </kml:Placemark>
            <kml:Placemark>
                <kml:name>4:15&amp;K</kml:name>
                <kml:visibility>0</kml:visibility>
                <kml:styleUrl>#intersectionStyle</kml:styleUrl>
                <kml:Point>
                    <kml:coordinates>-119.205159,40.767581</kml:coordinates>
                </kml:Point>
            </kml:Placemark>
            <kml:Placemark>
                <kml:name>4:30&amp;K</kml:name>
                <kml:visibility>0</kml:visibility>
                <kml:styleUrl>#intersectionStyle</kml:styleUrl>
                <kml:Point>
                    <kml:coordinates>-119.207871,40.767446</kml:coordinates>
                </kml:Point>
            </kml:Placemark>
            <kml:Placemark>
                <kml:name>4:45&amp;K</kml:name>
                <kml:visibility>0</kml:visibility>
                <kml:styleUrl>#intersectionStyle</kml:styleUrl>
                <kml:Point>
                    <kml:coordinates>-119.210583,40.767581</kml:coordinates>
                </kml:Point>
            </kml:Placemark>
            <kml:Placemark>
                <kml:name>5:00&amp;K</kml:name>
                <kml:visibility>0</kml:visibility>
                <kml:styleUrl>#intersectionStyle</kml:styleUrl>
                <kml:Point>
                    <kml:coordinates>-119.213248,40.767984</kml:coordinates>
                </kml:Point>
            </kml:Placemark>
            <kml:Placemark>
                <kml:name>5:15&amp;K</kml:name>
                <kml:visibility>0</kml:visibility>
                <kml:styleUrl>#intersectionStyle</kml:styleUrl>
                <kml:Point>
                    <kml:coordinates>-119.215822,40.768648</kml:coordinates>
                </kml:Point>
            </kml:Placemark>
            <kml:Placemark>
                <kml:name>5:30&amp;K</kml:name>
                <kml:visibility>0</kml:visibility>
                <kml:styleUrl>#intersectionStyle</kml:styleUrl>
                <kml:Point>
                    <kml:coordinates>-119.218259,40.769562</kml:coordinates>
                </kml:Point>
            </kml:Placemark>
            <kml:Placemark>
                <kml:name>5:45&amp;K</kml:name>
                <kml:visibility>0</kml:visibility>
                <kml:styleUrl>#intersectionStyle</kml:styleUrl>
                <kml:Point>
                    <kml:coordinates>-119.220519,40.77071</kml:coordinates>
                </kml:Point>
            </kml:Placemark>
            <kml:Placemark>
                <kml:name>6:00&amp;K</kml:name>
                <kml:visibility>0</kml:visibility>
                <kml:styleUrl>#intersectionStyle</kml:styleUrl>
                <kml:Point>
                    <kml:coordinates>-119.222563,40.772072</kml:coordinates>
                </kml:Point>
            </kml:Placemark>
            <kml:Placemark>
                <kml:name>6:15&amp;K</kml:name>
                <kml:visibility>0</kml:visibility>
                <kml:styleUrl>#intersectionStyle</kml:styleUrl>
                <kml:Point>
                    <kml:coordinates>-119.224355,40.773625</kml:coordinates>
                </kml:Point>
            </kml:Placemark>
            <kml:Placemark>
                <kml:name>6:30&amp;K</kml:name>
                <kml:visibility>0</kml:visibility>
                <kml:styleUrl>#intersectionStyle</kml:styleUrl>
                <kml:Point>
                    <kml:coordinates>-119.225866,40.775343</kml:coordinates>
                </kml:Point>
            </kml:Placemark>
            <kml:Placemark>
                <kml:name>6:45&amp;K</kml:name>
                <kml:visibility>0</kml:visibility>
                <kml:styleUrl>#intersectionStyle</kml:styleUrl>
                <kml:Point>
                    <kml:coordinates>-119.227068,40.777196</kml:coordinates>
                </kml:Point>
            </kml:Placemark>
            <kml:Placemark>
                <kml:name>7:00&amp;K</kml:name>
                <kml:visibility>0</kml:visibility>
                <kml:styleUrl>#intersectionStyle</kml:styleUrl>
                <kml:Point>
                    <kml:coordinates>-119.227943,40.779152</kml:coordinates>
                </kml:Point>
            </kml:Placemark>
            <kml:Placemark>
                <kml:name>7:15&amp;K</kml:name>
                <kml:visibility>0</kml:visibility>
                <kml:styleUrl>#intersectionStyle</kml:styleUrl>
                <kml:Point>
                    <kml:coordinates>-119.228474,40.781178</kml:coordinates>
                </kml:Point>
            </kml:Placemark>
            <kml:Placemark>
                <kml:name>7:30&amp;K</kml:name>
                <kml:visibility>0</kml:visibility>
                <kml:styleUrl>#intersectionStyle</kml:styleUrl>
                <kml:Point>
                    <kml:coordinates>-119.228652,40.78324</kml:coordinates>
                </kml:Point>
            </kml:Placemark>
            <kml:Placemark>
                <kml:name>7:45&amp;K</kml:name>
                <kml:visibility>0</kml:visibility>
                <kml:styleUrl>#intersectionStyle</kml:styleUrl>
                <kml:Point>
                    <kml:coordinates>-119.228475,40.785302</kml:coordinates>
                </kml:Point>
            </kml:Placemark>
            <kml:Placemark>
                <kml:name>8:00&amp;K</kml:name>
                <kml:visibility>0</kml:visibility>
                <kml:styleUrl>#intersectionStyle</kml:styleUrl>
                <kml:Point>
                    <kml:coordinates>-119.227945,40.787329</kml:coordinates>
                </kml:Point>
            </kml:Placemark>
            <kml:Placemark>
                <kml:name>8:15&amp;K</kml:name>
                <kml:visibility>0</kml:visibility>
                <kml:styleUrl>#intersectionStyle</kml:styleUrl>
                <kml:Point>
                    <kml:coordinates>-119.227072,40.789285</kml:coordinates>
                </kml:Point>
            </kml:Placemark>
            <kml:Placemark>
                <kml:name>8:30&amp;K</kml:name>
                <kml:visibility>0</kml:visibility>
                <kml:styleUrl>#intersectionStyle</kml:styleUrl>
                <kml:Point>
                    <kml:coordinates>-119.22587,40.791139</kml:coordinates>
                </kml:Point>
            </kml:Placemark>
            <kml:Placemark>
                <kml:name>8:45&amp;K</kml:name>
                <kml:visibility>0</kml:visibility>
                <kml:styleUrl>#intersectionStyle</kml:styleUrl>
                <kml:Point>
                    <kml:coordinates>-119.22436,40.792857</kml:coordinates>
                </kml:Point>
            </kml:Placemark>
            <kml:Placemark>
                <kml:name>9:00&amp;K</kml:name>
                <kml:visibility>0</kml:visibility>
                <kml:styleUrl>#intersectionStyle</kml:styleUrl>
                <kml:Point>
                    <kml:coordinates>-119.222568,40.79441</kml:coordinates>
                </kml:Point>
            </kml:Placemark>
            <kml:Placemark>
                <kml:name>9:15&amp;K</kml:name>
                <kml:visibility>0</kml:visibility>
                <kml:styleUrl>#intersectionStyle</kml:styleUrl>
                <kml:Point>
                    <kml:coordinates>-119.220524,40.795773</kml:coordinates>
                </kml:Point>
            </kml:Placemark>
            <kml:Placemark>
                <kml:name>9:30&amp;K</kml:name>
                <kml:visibility>0</kml:visibility>
                <kml:styleUrl>#intersectionStyle</kml:styleUrl>
                <kml:Point>
                    <kml:coordinates>-119.218264,40.796921</kml:coordinates>
                </kml:Point>
            </kml:Placemark>
            <kml:Placemark>
                <kml:name>9:45&amp;K</kml:name>
                <kml:visibility>0</kml:visibility>
                <kml:styleUrl>#intersectionStyle</kml:styleUrl>
                <kml:Point>
                    <kml:coordinates>-119.215825,40.797835</kml:coordinates>
                </kml:Point>
            </kml:Placemark>
            <kml:Placemark>
                <kml:name>10:00&amp;K</kml:name>
                <kml:visibility>0</kml:visibility>
                <kml:styleUrl>#intersectionStyle</kml:styleUrl>
                <kml:Point>
                    <kml:coordinates>-119.213251,40.798499</kml:coordinates>
                </kml:Point>
            </kml:Placemark>
            <kml:Placemark>
                <kml:name>12:00&amp;CenterCamp</kml:name>
                <kml:visibility>0</kml:visibility>
                <kml:styleUrl>#intersectionStyle</kml:styleUrl>
                <kml:Point>
                    <kml:coordinates>-119.21489,40.777906</kml:coordinates>
                </kml:Point>
            </kml:Placemark>
            <kml:Placemark>
                <kml:name>3:00&amp;CenterCamp</kml:name>
                <kml:visibility>0</kml:visibility>
                <kml:styleUrl>#intersectionStyle</kml:styleUrl>
                <kml:Point>
                    <kml:coordinates>-119.21489,40.776936</kml:coordinates>
                </kml:Point>
            </kml:Placemark>
            <kml:Placemark>
                <kml:name>6:00&amp;CenterCamp</kml:name>
                <kml:visibility>0</kml:visibility>
                <kml:styleUrl>#intersectionStyle</kml:styleUrl>
                <kml:Point>
                    <kml:coordinates>-119.216166,40.776936</kml:coordinates>
                </kml:Point>
            </kml:Placemark>
            <kml:Placemark>
                <kml:name>9:00&amp;CenterCamp</kml:name>
                <kml:visibility>0</kml:visibility>
                <kml:styleUrl>#intersectionStyle</kml:styleUrl>
                <kml:Point>
                    <kml:coordinates>-119.216166,40.777906</kml:coordinates>
                </kml:Point>
            </kml:Placemark>
        </kml:Folder>
        <kml:Folder>
            <kml:name>Art</kml:name>
        </kml:Folder>
        <kml:Folder>
            <kml:name>Runway</kml:name>
        </kml:Folder>
        <kml:Folder>
            <kml:name>Walk-in Camping</kml:name>
            <kml:Placemark>
                <kml:name>Walk-in Camping</kml:name>
                <kml:styleUrl>#walkInCampingStyle</kml:styleUrl>
                <kml:Polygon>
                    <kml:outerBoundaryIs>
                        <kml:LinearRing>
                            <kml:coordinates>-119.187642,40.77912 -119.187898,40.778453 -119.188192,40.777796 -119.188524,40.777148 -119.188892,40.776513 -119.189296,40.77589 -119.189736,40.775281 -119.19021,40.774687 -119.190717,40.77411 -119.191258,40.77355 -119.19183,40.773008 -119.192432,40.772486 -119.193064,40.771984 -119.193724,40.771504 -119.194411,40.771046 -119.195124,40.770612 -119.195861,40.770201 -119.19662,40.769815 -119.197401,40.769455 -119.198202,40.769121 -119.199022,40.768814 -119.199858,40.768534 -119.20071,40.768282 -119.201575,40.768059 -119.202452,40.767865 -119.203339,40.7677 -119.204235,40.767564 -119.205138,40.767459 -119.206046,40.767383 -119.206958,40.767338 -119.207871,40.767323 -119.208784,40.767338 -119.209696,40.767383 -119.210604,40.767459 -119.211507,40.767564 -119.212403,40.7677 -119.213051,40.76782 -119.212441,40.761511 -119.212356,40.761512 -119.212272,40.761506 -119.21219,40.761492 -119.21211,40.761471 -119.212034,40.761442 -119.211962,40.761407 -119.211897,40.761366 -119.211838,40.76132 -119.211787,40.761269 -119.211745,40.761213 -119.181374,40.772975 -119.182411,40.778053 -119.187642,40.77912</kml:coordinates>
                        </kml:LinearRing>
                    </kml:outerBoundaryIs>
                </kml:Polygon>
            </kml:Placemark>
        </kml:Folder>
    </kml:Document>
</kml:kml>
