<?xml version="1.0" encoding="UTF-8"?>
<gpx xmlns="http://www.topografix.com/GPX/1/0" xmlns:xsi="http://www.w3.org/2001/XMLSchema-instance" version="1.0" creator="BlackRockCityBaseMap.java" xsi:schemaLocation="http://www.topografix.com/GPX/1/0 http://www.topografix.com/GPX/1/0/gpx.xsd">
  <name>Black Rock City 2025</name>
  <author>Willivolt</author>
  <url>http://www.wkeller.net/BRC-GPS/</url>
  <wpt lat="40.786958" lon="-119.202994">
    <name>The Man</name>
    <cmt>The Man</cmt>
  </wpt>
  <wpt lat="40.786958" lon="-119.202994">
    <name>Black Rock City</name>
    <cmt>Black Rock City</cmt>
  </wpt>
  <wpt lat="40.781146" lon="-119.210640">
    <name>Center Camp Canopy</name>
    <cmt>Center Camp Canopy</cmt>
  </wpt>
  <wpt lat="40.791803" lon="-119.196619">
    <name>Temple</name>
    <cmt>Temple</cmt>
  </wpt>
  <wpt lat="40.753860" lon="-119.277870">
    <name>8-Mile Entrance</name>
    <cmt>8-Mile Entrance</cmt>
  </wpt>
  <wpt lat="40.776230" lon="-119.263930">
    <name>12-Mile Entrance</name>
    <cmt>12-Mile Entrance</cmt>
  </wpt>
  <wpt lat="40.771707" lon="-119.214576">
    <name>DPW</name>
    <cmt>DPW</cmt>
  </wpt>
  <wpt lat="40.778151" lon="-119.223056">
    <name>Services</name>
    <cmt>Services</cmt>
  </wpt>
  <wpt lat="40.803098" lon="-119.215257">
    <name>Hell Station</name>
    <cmt>Hell Station</cmt>
  </wpt>
  <wpt lat="40.764137" lon="-119.207748">
    <name>Port of Entry</name>
    <cmt>Port of Entry</cmt>
  </wpt>
  <wpt lat="40.780501" lon="-119.206513">
    <name>First Aid (Main)</name>
    <cmt>First Aid (Main)</cmt>
  </wpt>
  <wpt lat="40.780052" lon="-119.194037">
    <name>First Aid (3:00)</name>
    <cmt>First Aid (3:00)</cmt>
  </wpt>
  <wpt lat="40.793864" lon="-119.211953">
    <name>First Aid (9:00)</name>
    <cmt>First Aid (9:00)</cmt>
  </wpt>
  <wpt lat="40.783463" lon="-119.210957">
    <name>Ranger HQ</name>
    <cmt>Ranger HQ</cmt>
  </wpt>
  <wpt lat="40.780149" lon="-119.193909">
    <name>Ranger Outpost (Berlin)</name>
    <cmt>Ranger Outpost (Berlin)</cmt>
  </wpt>
  <wpt lat="40.793767" lon="-119.212081">
    <name>Ranger Outpost (Tokyo)</name>
    <cmt>Ranger Outpost (Tokyo)</cmt>
  </wpt>
  <wpt lat="40.773739" lon="-119.220380">
    <name>Greeters</name>
    <cmt>Greeters</cmt>
  </wpt>
  <wpt lat="40.781848" lon="-119.208152">
    <name>Playa Info</name>
    <cmt>Playa Info</cmt>
  </wpt>
  <wpt lat="40.783340" lon="-119.233017">
    <name>Point 1</name>
    <cmt>Point 1</cmt>
  </wpt>
  <wpt lat="40.807544" lon="-119.216799">
    <name>Point 2</name>
    <cmt>Point 2</cmt>
  </wpt>
  <wpt lat="40.803294" lon="-119.181494">
    <name>Point 3</name>
    <cmt>Point 3</cmt>
  </wpt>
  <wpt lat="40.776465" lon="-119.175913">
    <name>Point 4</name>
    <cmt>Point 4</cmt>
  </wpt>
  <wpt lat="40.764137" lon="-119.207748">
    <name>Point 5</name>
    <cmt>Point 5</cmt>
  </wpt>
  <trk>
    <name>Fence</name>
    <trkseg>
      <trkpt lat="40.803294" lon="-119.181494">
        <name>Fence Post 0</name>
      </trkpt>
      <trkpt lat="40.776465" lon="-119.175913">
        <name>Fence Post 72</name>
      </trkpt>
      <trkpt lat="40.764137" lon="-119.207748">
        <name>Fence Post 144</name>
      </trkpt>
      <trkpt lat="40.783340" lon="-119.233017">
        <name>Fence Post 216</name>
      </trkpt>
      <trkpt lat="40.807544" lon="-119.216799">
        <name>Fence Post 288</name>
      </trkpt>
      <trkpt lat="40.803294" lon="-119.181494">
        <name>Fence Post 0</name>
      </trkpt>
    </trkseg>
  </trk>
  <trk>
    <name>10:00</name>
    <trkseg>
      <trkpt lat="40.793577" lon="-119.205327">
        <name>man/10:00/2500</name>
      </trkpt>
      <trkpt lat="40.794728" lon="-119.205734">
        <name>man/10:00/2935</name>
      </trkpt>
      <trkpt lat="40.795469" lon="-119.205995">
        <name>man/10:00/3215</name>
      </trkpt>
      <trkpt lat="40.796211" lon="-119.206256">
        <name>man/10:00/3495</name>
      </trkpt>
      <trkpt lat="40.796952" lon="-119.206518">
        <name>man/10:00/3775</name>
      </trkpt>
      <trkpt lat="40.797706" lon="-119.206784">
        <name>man/10:00/4060</name>
      </trkpt>
      <trkpt lat="40.798990" lon="-119.207237">
        <name>man/10:00/4545</name>
      </trkpt>
      <trkpt lat="40.799732" lon="-119.207498">
        <name>man/10:00/4825</name>
      </trkpt>
      <trkpt lat="40.800473" lon="-119.207759">
        <name>man/10:00/5105</name>
      </trkpt>
      <trkpt lat="40.801214" lon="-119.208021">
        <name>man/10:00/5385</name>
      </trkpt>
      <trkpt lat="40.801691" lon="-119.208189">
        <name>man/10:00/5565</name>
      </trkpt>
      <trkpt lat="40.802194" lon="-119.208366">
        <name>man/10:00/5755</name>
      </trkpt>
    </trkseg>
  </trk>
  <trk>
    <name>12:00</name>
    <trkseg>
      <trkpt lat="40.787772" lon="-119.201923">
        <name>man/12:00/420</name>
      </trkpt>
      <trkpt lat="40.791803" lon="-119.196619">
        <name>man/12:00/2500</name>
      </trkpt>
    </trkseg>
  </trk>
  <trk>
    <name>2:00</name>
    <trkseg>
      <trkpt lat="40.785184" lon="-119.194286">
        <name>man/2:00/2500</name>
      </trkpt>
      <trkpt lat="40.784876" lon="-119.192771">
        <name>man/2:00/2935</name>
      </trkpt>
      <trkpt lat="40.784677" lon="-119.191796">
        <name>man/2:00/3215</name>
      </trkpt>
      <trkpt lat="40.784478" lon="-119.190821">
        <name>man/2:00/3495</name>
      </trkpt>
      <trkpt lat="40.784279" lon="-119.189846">
        <name>man/2:00/3775</name>
      </trkpt>
      <trkpt lat="40.784077" lon="-119.188853">
        <name>man/2:00/4060</name>
      </trkpt>
      <trkpt lat="40.783733" lon="-119.187164">
        <name>man/2:00/4545</name>
      </trkpt>
      <trkpt lat="40.783534" lon="-119.186189">
        <name>man/2:00/4825</name>
      </trkpt>
      <trkpt lat="40.783335" lon="-119.185214">
        <name>man/2:00/5105</name>
      </trkpt>
      <trkpt lat="40.783136" lon="-119.184238">
        <name>man/2:00/5385</name>
      </trkpt>
      <trkpt lat="40.783009" lon="-119.183612">
        <name>man/2:00/5565</name>
      </trkpt>
      <trkpt lat="40.782874" lon="-119.182950">
        <name>man/2:00/5755</name>
      </trkpt>
    </trkseg>
  </trk>
  <trk>
    <name>2:15</name>
    <trkseg>
      <trkpt lat="40.782190" lon="-119.187853">
        <name>man/2:15/4545</name>
      </trkpt>
      <trkpt lat="40.781896" lon="-119.186921">
        <name>man/2:15/4825</name>
      </trkpt>
      <trkpt lat="40.781602" lon="-119.185988">
        <name>man/2:15/5105</name>
      </trkpt>
      <trkpt lat="40.781308" lon="-119.185055">
        <name>man/2:15/5385</name>
      </trkpt>
      <trkpt lat="40.781120" lon="-119.184456">
        <name>man/2:15/5565</name>
      </trkpt>
      <trkpt lat="40.780920" lon="-119.183823">
        <name>man/2:15/5755</name>
      </trkpt>
    </trkseg>
  </trk>
  <trk>
    <name>2:30</name>
    <trkseg>
      <trkpt lat="40.783532" lon="-119.195187">
        <name>man/2:30/2500</name>
      </trkpt>
      <trkpt lat="40.782935" lon="-119.193829">
        <name>man/2:30/2935</name>
      </trkpt>
      <trkpt lat="40.782552" lon="-119.192955">
        <name>man/2:30/3215</name>
      </trkpt>
      <trkpt lat="40.782168" lon="-119.192080">
        <name>man/2:30/3495</name>
      </trkpt>
      <trkpt lat="40.781784" lon="-119.191206">
        <name>man/2:30/3775</name>
      </trkpt>
      <trkpt lat="40.781393" lon="-119.190316">
        <name>man/2:30/4060</name>
      </trkpt>
      <trkpt lat="40.780729" lon="-119.188802">
        <name>man/2:30/4545</name>
      </trkpt>
      <trkpt lat="40.780345" lon="-119.187928">
        <name>man/2:30/4825</name>
      </trkpt>
      <trkpt lat="40.779961" lon="-119.187053">
        <name>man/2:30/5105</name>
      </trkpt>
      <trkpt lat="40.779577" lon="-119.186179">
        <name>man/2:30/5385</name>
      </trkpt>
      <trkpt lat="40.779330" lon="-119.185617">
        <name>man/2:30/5565</name>
      </trkpt>
      <trkpt lat="40.779070" lon="-119.185024">
        <name>man/2:30/5755</name>
      </trkpt>
    </trkseg>
  </trk>
  <trk>
    <name>2:45</name>
    <trkseg>
      <trkpt lat="40.779374" lon="-119.189993">
        <name>man/2:45/4545</name>
      </trkpt>
      <trkpt lat="40.778907" lon="-119.189192">
        <name>man/2:45/4825</name>
      </trkpt>
      <trkpt lat="40.778439" lon="-119.188391">
        <name>man/2:45/5105</name>
      </trkpt>
      <trkpt lat="40.777972" lon="-119.187590">
        <name>man/2:45/5385</name>
      </trkpt>
      <trkpt lat="40.777672" lon="-119.187076">
        <name>man/2:45/5565</name>
      </trkpt>
      <trkpt lat="40.777355" lon="-119.186532">
        <name>man/2:45/5755</name>
      </trkpt>
    </trkseg>
  </trk>
  <trk>
    <name>3:00</name>
    <trkseg>
      <trkpt lat="40.782113" lon="-119.196620">
        <name>man/3:00/2500</name>
      </trkpt>
      <trkpt lat="40.781270" lon="-119.195511">
        <name>man/3:00/2935</name>
      </trkpt>
      <trkpt lat="40.780727" lon="-119.194797">
        <name>man/3:00/3215</name>
      </trkpt>
      <trkpt lat="40.780184" lon="-119.194083">
        <name>man/3:00/3495</name>
      </trkpt>
      <trkpt lat="40.779641" lon="-119.193369">
        <name>man/3:00/3775</name>
      </trkpt>
      <trkpt lat="40.779089" lon="-119.192643">
        <name>man/3:00/4060</name>
      </trkpt>
      <trkpt lat="40.778149" lon="-119.191407">
        <name>man/3:00/4545</name>
      </trkpt>
      <trkpt lat="40.777606" lon="-119.190693">
        <name>man/3:00/4825</name>
      </trkpt>
      <trkpt lat="40.777063" lon="-119.189979">
        <name>man/3:00/5105</name>
      </trkpt>
      <trkpt lat="40.776521" lon="-119.189265">
        <name>man/3:00/5385</name>
      </trkpt>
      <trkpt lat="40.776172" lon="-119.188807">
        <name>man/3:00/5565</name>
      </trkpt>
      <trkpt lat="40.775804" lon="-119.188322">
        <name>man/3:00/5755</name>
      </trkpt>
    </trkseg>
  </trk>
  <trk>
    <name>3:00</name>
    <trkseg>
      <trkpt lat="40.786144" lon="-119.201923">
        <name>man/3:00/420</name>
      </trkpt>
      <trkpt lat="40.782113" lon="-119.196620">
        <name>man/3:00/2500</name>
      </trkpt>
    </trkseg>
  </trk>
  <trk>
    <name>3:15</name>
    <trkseg>
      <trkpt lat="40.777075" lon="-119.193018">
        <name>man/3:15/4545</name>
      </trkpt>
      <trkpt lat="40.776466" lon="-119.192404">
        <name>man/3:15/4825</name>
      </trkpt>
      <trkpt lat="40.775857" lon="-119.191789">
        <name>man/3:15/5105</name>
      </trkpt>
      <trkpt lat="40.775248" lon="-119.191175">
        <name>man/3:15/5385</name>
      </trkpt>
      <trkpt lat="40.774857" lon="-119.190780">
        <name>man/3:15/5565</name>
      </trkpt>
      <trkpt lat="40.774443" lon="-119.190363">
        <name>man/3:15/5755</name>
      </trkpt>
    </trkseg>
  </trk>
  <trk>
    <name>3:30</name>
    <trkseg>
      <trkpt lat="40.781024" lon="-119.198487">
        <name>man/3:30/2500</name>
      </trkpt>
      <trkpt lat="40.779991" lon="-119.197703">
        <name>man/3:30/2935</name>
      </trkpt>
      <trkpt lat="40.779327" lon="-119.197198">
        <name>man/3:30/3215</name>
      </trkpt>
      <trkpt lat="40.778662" lon="-119.196693">
        <name>man/3:30/3495</name>
      </trkpt>
      <trkpt lat="40.777997" lon="-119.196189">
        <name>man/3:30/3775</name>
      </trkpt>
      <trkpt lat="40.777321" lon="-119.195675">
        <name>man/3:30/4060</name>
      </trkpt>
      <trkpt lat="40.776170" lon="-119.194801">
        <name>man/3:30/4545</name>
      </trkpt>
      <trkpt lat="40.775505" lon="-119.194296">
        <name>man/3:30/4825</name>
      </trkpt>
      <trkpt lat="40.774840" lon="-119.193791">
        <name>man/3:30/5105</name>
      </trkpt>
      <trkpt lat="40.774176" lon="-119.193287">
        <name>man/3:30/5385</name>
      </trkpt>
      <trkpt lat="40.773748" lon="-119.192962">
        <name>man/3:30/5565</name>
      </trkpt>
      <trkpt lat="40.773297" lon="-119.192620">
        <name>man/3:30/5755</name>
      </trkpt>
    </trkseg>
  </trk>
  <trk>
    <name>3:45</name>
    <trkseg>
      <trkpt lat="40.775449" lon="-119.196723">
        <name>man/3:45/4545</name>
      </trkpt>
      <trkpt lat="40.774740" lon="-119.196337">
        <name>man/3:45/4825</name>
      </trkpt>
      <trkpt lat="40.774031" lon="-119.195951">
        <name>man/3:45/5105</name>
      </trkpt>
      <trkpt lat="40.773322" lon="-119.195564">
        <name>man/3:45/5385</name>
      </trkpt>
      <trkpt lat="40.772866" lon="-119.195316">
        <name>man/3:45/5565</name>
      </trkpt>
      <trkpt lat="40.772385" lon="-119.195054">
        <name>man/3:45/5755</name>
      </trkpt>
    </trkseg>
  </trk>
  <trk>
    <name>4:00</name>
    <trkseg>
      <trkpt lat="40.780339" lon="-119.200661">
        <name>man/4:00/2500</name>
      </trkpt>
      <trkpt lat="40.779188" lon="-119.200255">
        <name>man/4:00/2935</name>
      </trkpt>
      <trkpt lat="40.778446" lon="-119.199994">
        <name>man/4:00/3215</name>
      </trkpt>
      <trkpt lat="40.777705" lon="-119.199733">
        <name>man/4:00/3495</name>
      </trkpt>
      <trkpt lat="40.776964" lon="-119.199471">
        <name>man/4:00/3775</name>
      </trkpt>
      <trkpt lat="40.776209" lon="-119.199205">
        <name>man/4:00/4060</name>
      </trkpt>
      <trkpt lat="40.774925" lon="-119.198753">
        <name>man/4:00/4545</name>
      </trkpt>
      <trkpt lat="40.774184" lon="-119.198492">
        <name>man/4:00/4825</name>
      </trkpt>
      <trkpt lat="40.773443" lon="-119.198230">
        <name>man/4:00/5105</name>
      </trkpt>
      <trkpt lat="40.772701" lon="-119.197969">
        <name>man/4:00/5385</name>
      </trkpt>
      <trkpt lat="40.772225" lon="-119.197801">
        <name>man/4:00/5565</name>
      </trkpt>
      <trkpt lat="40.771722" lon="-119.197624">
        <name>man/4:00/5755</name>
      </trkpt>
    </trkseg>
  </trk>
  <trk>
    <name>4:15</name>
    <trkseg>
      <trkpt lat="40.774607" lon="-119.200855">
        <name>man/4:15/4545</name>
      </trkpt>
      <trkpt lat="40.773847" lon="-119.200723">
        <name>man/4:15/4825</name>
      </trkpt>
      <trkpt lat="40.773086" lon="-119.200592">
        <name>man/4:15/5105</name>
      </trkpt>
      <trkpt lat="40.772325" lon="-119.200460">
        <name>man/4:15/5385</name>
      </trkpt>
      <trkpt lat="40.771836" lon="-119.200375">
        <name>man/4:15/5565</name>
      </trkpt>
      <trkpt lat="40.771319" lon="-119.200286">
        <name>man/4:15/5755</name>
      </trkpt>
    </trkseg>
  </trk>
  <trk>
    <name>4:30</name>
    <trkseg>
      <trkpt lat="40.780106" lon="-119.202994">
        <name>man/4:30/2500</name>
      </trkpt>
      <trkpt lat="40.778914" lon="-119.202994">
        <name>man/4:30/2935</name>
      </trkpt>
      <trkpt lat="40.778146" lon="-119.202994">
        <name>man/4:30/3215</name>
      </trkpt>
      <trkpt lat="40.777379" lon="-119.202994">
        <name>man/4:30/3495</name>
      </trkpt>
      <trkpt lat="40.776611" lon="-119.202994">
        <name>man/4:30/3775</name>
      </trkpt>
      <trkpt lat="40.775830" lon="-119.202994">
        <name>man/4:30/4060</name>
      </trkpt>
      <trkpt lat="40.774501" lon="-119.202994">
        <name>man/4:30/4545</name>
      </trkpt>
      <trkpt lat="40.773734" lon="-119.202994">
        <name>man/4:30/4825</name>
      </trkpt>
      <trkpt lat="40.772966" lon="-119.202994">
        <name>man/4:30/5105</name>
      </trkpt>
      <trkpt lat="40.772199" lon="-119.202994">
        <name>man/4:30/5385</name>
      </trkpt>
      <trkpt lat="40.771705" lon="-119.202994">
        <name>man/4:30/5565</name>
      </trkpt>
      <trkpt lat="40.771185" lon="-119.202994">
        <name>man/4:30/5755</name>
      </trkpt>
    </trkseg>
  </trk>
  <trk>
    <name>4:45</name>
    <trkseg>
      <trkpt lat="40.774607" lon="-119.205133">
        <name>man/4:45/4545</name>
      </trkpt>
      <trkpt lat="40.773847" lon="-119.205265">
        <name>man/4:45/4825</name>
      </trkpt>
      <trkpt lat="40.773086" lon="-119.205396">
        <name>man/4:45/5105</name>
      </trkpt>
      <trkpt lat="40.772325" lon="-119.205528">
        <name>man/4:45/5385</name>
      </trkpt>
      <trkpt lat="40.771836" lon="-119.205613">
        <name>man/4:45/5565</name>
      </trkpt>
      <trkpt lat="40.771319" lon="-119.205702">
        <name>man/4:45/5755</name>
      </trkpt>
    </trkseg>
  </trk>
  <trk>
    <name>5:00</name>
    <trkseg>
      <trkpt lat="40.780339" lon="-119.205327">
        <name>man/5:00/2500</name>
      </trkpt>
      <trkpt lat="40.779188" lon="-119.205733">
        <name>man/5:00/2935</name>
      </trkpt>
      <trkpt lat="40.778446" lon="-119.205994">
        <name>man/5:00/3215</name>
      </trkpt>
      <trkpt lat="40.777705" lon="-119.206255">
        <name>man/5:00/3495</name>
      </trkpt>
      <trkpt lat="40.776964" lon="-119.206517">
        <name>man/5:00/3775</name>
      </trkpt>
      <trkpt lat="40.776209" lon="-119.206783">
        <name>man/5:00/4060</name>
      </trkpt>
      <trkpt lat="40.774925" lon="-119.207235">
        <name>man/5:00/4545</name>
      </trkpt>
      <trkpt lat="40.774184" lon="-119.207496">
        <name>man/5:00/4825</name>
      </trkpt>
      <trkpt lat="40.773443" lon="-119.207758">
        <name>man/5:00/5105</name>
      </trkpt>
      <trkpt lat="40.772701" lon="-119.208019">
        <name>man/5:00/5385</name>
      </trkpt>
      <trkpt lat="40.772225" lon="-119.208187">
        <name>man/5:00/5565</name>
      </trkpt>
      <trkpt lat="40.771722" lon="-119.208364">
        <name>man/5:00/5755</name>
      </trkpt>
    </trkseg>
  </trk>
  <trk>
    <name>5:15</name>
    <trkseg>
      <trkpt lat="40.775449" lon="-119.209265">
        <name>man/5:15/4545</name>
      </trkpt>
      <trkpt lat="40.774740" lon="-119.209651">
        <name>man/5:15/4825</name>
      </trkpt>
      <trkpt lat="40.774031" lon="-119.210037">
        <name>man/5:15/5105</name>
      </trkpt>
      <trkpt lat="40.773322" lon="-119.210424">
        <name>man/5:15/5385</name>
      </trkpt>
      <trkpt lat="40.772866" lon="-119.210672">
        <name>man/5:15/5565</name>
      </trkpt>
      <trkpt lat="40.772385" lon="-119.210934">
        <name>man/5:15/5755</name>
      </trkpt>
    </trkseg>
  </trk>
  <trk>
    <name>5:30</name>
    <trkseg>
      <trkpt lat="40.780003" lon="-119.208280">
        <name>man/5:30/2935</name>
      </trkpt>
      <trkpt lat="40.779327" lon="-119.208790">
        <name>man/5:30/3215</name>
      </trkpt>
      <trkpt lat="40.778662" lon="-119.209295">
        <name>man/5:30/3495</name>
      </trkpt>
      <trkpt lat="40.777997" lon="-119.209799">
        <name>man/5:30/3775</name>
      </trkpt>
      <trkpt lat="40.777321" lon="-119.210313">
        <name>man/5:30/4060</name>
      </trkpt>
      <trkpt lat="40.776170" lon="-119.211187">
        <name>man/5:30/4545</name>
      </trkpt>
      <trkpt lat="40.775505" lon="-119.211692">
        <name>man/5:30/4825</name>
      </trkpt>
      <trkpt lat="40.774840" lon="-119.212197">
        <name>man/5:30/5105</name>
      </trkpt>
      <trkpt lat="40.774176" lon="-119.212701">
        <name>man/5:30/5385</name>
      </trkpt>
      <trkpt lat="40.773748" lon="-119.213026">
        <name>man/5:30/5565</name>
      </trkpt>
      <trkpt lat="40.773297" lon="-119.213368">
        <name>man/5:30/5755</name>
      </trkpt>
      <trkpt lat="40.772846" lon="-119.213711">
        <name>man/5:30/5945</name>
      </trkpt>
      <trkpt lat="40.772704" lon="-119.213819">
        <name>man/5:30/6005</name>
      </trkpt>
      <trkpt lat="40.771707" lon="-119.214576">
        <name>man/5:30/6425</name>
      </trkpt>
    </trkseg>
    <trkseg>
      <trkpt lat="40.781179" lon="-119.207837" />
      <trkpt lat="40.781145" lon="-119.207842">
        <name>cc/1:30/776</name>
      </trkpt>
      <trkpt lat="40.780960" lon="-119.207853">
        <name>cc/1:40/776</name>
      </trkpt>
      <trkpt lat="40.780776" lon="-119.207885">
        <name>cc/1:50/776</name>
      </trkpt>
      <trkpt lat="40.780595" lon="-119.207938">
        <name>cc/2:00/776</name>
      </trkpt>
      <trkpt lat="40.780418" lon="-119.208011">
        <name>cc/2:10/776</name>
      </trkpt>
      <trkpt lat="40.780247" lon="-119.208104">
        <name>cc/2:20/776</name>
      </trkpt>
      <trkpt lat="40.780082" lon="-119.208217">
        <name>cc/2:30/776</name>
      </trkpt>
      <trkpt lat="40.780003" lon="-119.208280">
        <name>cc/2:35/776</name>
      </trkpt>
    </trkseg>
  </trk>
  <trk>
    <name>5:45</name>
    <trkseg>
      <trkpt lat="40.777075" lon="-119.212970">
        <name>man/5:45/4545</name>
      </trkpt>
      <trkpt lat="40.776466" lon="-119.213584">
        <name>man/5:45/4825</name>
      </trkpt>
      <trkpt lat="40.775857" lon="-119.214199">
        <name>man/5:45/5105</name>
      </trkpt>
      <trkpt lat="40.775248" lon="-119.214813">
        <name>man/5:45/5385</name>
      </trkpt>
      <trkpt lat="40.774857" lon="-119.215208">
        <name>man/5:45/5565</name>
      </trkpt>
      <trkpt lat="40.774443" lon="-119.215625">
        <name>man/5:45/5755</name>
      </trkpt>
    </trkseg>
  </trk>
  <trk>
    <name>6:00</name>
    <trkseg>
      <trkpt lat="40.780661" lon="-119.211278">
        <name>cc/6:00/250</name>
      </trkpt>
      <trkpt lat="40.780196" lon="-119.211890">
        <name>man/6:00/3495</name>
      </trkpt>
    </trkseg>
    <trkseg>
      <trkpt lat="40.780196" lon="-119.211890">
        <name>man/6:00/3495</name>
      </trkpt>
      <trkpt lat="40.779642" lon="-119.212619">
        <name>man/6:00/3775</name>
      </trkpt>
      <trkpt lat="40.779089" lon="-119.213345">
        <name>man/6:00/4060</name>
      </trkpt>
      <trkpt lat="40.778149" lon="-119.214581">
        <name>man/6:00/4545</name>
      </trkpt>
      <trkpt lat="40.777606" lon="-119.215295">
        <name>man/6:00/4825</name>
      </trkpt>
      <trkpt lat="40.777063" lon="-119.216009">
        <name>man/6:00/5105</name>
      </trkpt>
      <trkpt lat="40.776521" lon="-119.216723">
        <name>man/6:00/5385</name>
      </trkpt>
      <trkpt lat="40.776172" lon="-119.217181">
        <name>man/6:00/5565</name>
      </trkpt>
      <trkpt lat="40.775804" lon="-119.217666">
        <name>man/6:00/5755</name>
      </trkpt>
    </trkseg>
  </trk>
  <trk>
    <name>6:00</name>
    <trkseg>
      <trkpt lat="40.786144" lon="-119.204065">
        <name>man/6:00/420</name>
      </trkpt>
      <trkpt lat="40.782649" lon="-119.208662">
        <name>cc/12:00/776</name>
      </trkpt>
      <trkpt lat="40.782095" lon="-119.209391">
        <name>cc/12:00/490</name>
      </trkpt>
      <trkpt lat="40.781630" lon="-119.210003">
        <name>cc/12:00/250</name>
      </trkpt>
    </trkseg>
  </trk>
  <trk>
    <name>6:15</name>
    <trkseg>
      <trkpt lat="40.779374" lon="-119.215995">
        <name>man/6:15/4545</name>
      </trkpt>
      <trkpt lat="40.778907" lon="-119.216796">
        <name>man/6:15/4825</name>
      </trkpt>
      <trkpt lat="40.778439" lon="-119.217597">
        <name>man/6:15/5105</name>
      </trkpt>
      <trkpt lat="40.777972" lon="-119.218398">
        <name>man/6:15/5385</name>
      </trkpt>
      <trkpt lat="40.777672" lon="-119.218912">
        <name>man/6:15/5565</name>
      </trkpt>
      <trkpt lat="40.777355" lon="-119.219456">
        <name>man/6:15/5755</name>
      </trkpt>
    </trkseg>
  </trk>
  <trk>
    <name>6:30</name>
    <trkseg>
      <trkpt lat="40.782939" lon="-119.212144">
        <name>man/6:30/2935</name>
      </trkpt>
      <trkpt lat="40.782552" lon="-119.213033">
        <name>man/6:30/3215</name>
      </trkpt>
      <trkpt lat="40.782168" lon="-119.213908">
        <name>man/6:30/3495</name>
      </trkpt>
      <trkpt lat="40.781784" lon="-119.214782">
        <name>man/6:30/3775</name>
      </trkpt>
      <trkpt lat="40.781393" lon="-119.215672">
        <name>man/6:30/4060</name>
      </trkpt>
      <trkpt lat="40.780729" lon="-119.217186">
        <name>man/6:30/4545</name>
      </trkpt>
      <trkpt lat="40.780345" lon="-119.218060">
        <name>man/6:30/4825</name>
      </trkpt>
      <trkpt lat="40.779961" lon="-119.218935">
        <name>man/6:30/5105</name>
      </trkpt>
      <trkpt lat="40.779577" lon="-119.219809">
        <name>man/6:30/5385</name>
      </trkpt>
      <trkpt lat="40.779330" lon="-119.220371">
        <name>man/6:30/5565</name>
      </trkpt>
      <trkpt lat="40.779070" lon="-119.220964">
        <name>man/6:30/5755</name>
      </trkpt>
      <trkpt lat="40.778809" lon="-119.221557">
        <name>man/6:30/5945</name>
      </trkpt>
      <trkpt lat="40.778727" lon="-119.221745">
        <name>man/6:30/6005</name>
      </trkpt>
      <trkpt lat="40.778151" lon="-119.223056">
        <name>man/6:30/6425</name>
      </trkpt>
    </trkseg>
    <trkseg>
      <trkpt lat="40.783276" lon="-119.210597" />
      <trkpt lat="40.783272" lon="-119.210640">
        <name>cc/10:30/776</name>
      </trkpt>
      <trkpt lat="40.783264" lon="-119.210884">
        <name>cc/10:20/776</name>
      </trkpt>
      <trkpt lat="40.783240" lon="-119.211126">
        <name>cc/10:10/776</name>
      </trkpt>
      <trkpt lat="40.783200" lon="-119.211364">
        <name>cc/10:00/776</name>
      </trkpt>
      <trkpt lat="40.783144" lon="-119.211597">
        <name>cc/9:50/776</name>
      </trkpt>
      <trkpt lat="40.783073" lon="-119.211823">
        <name>cc/9:40/776</name>
      </trkpt>
      <trkpt lat="40.782987" lon="-119.212039">
        <name>cc/9:30/776</name>
      </trkpt>
      <trkpt lat="40.782939" lon="-119.212144">
        <name>cc/9:25/776</name>
      </trkpt>
    </trkseg>
  </trk>
  <trk>
    <name>6:45</name>
    <trkseg>
      <trkpt lat="40.782190" lon="-119.218135">
        <name>man/6:45/4545</name>
      </trkpt>
      <trkpt lat="40.781896" lon="-119.219067">
        <name>man/6:45/4825</name>
      </trkpt>
      <trkpt lat="40.781602" lon="-119.220000">
        <name>man/6:45/5105</name>
      </trkpt>
      <trkpt lat="40.781308" lon="-119.220933">
        <name>man/6:45/5385</name>
      </trkpt>
      <trkpt lat="40.781120" lon="-119.221532">
        <name>man/6:45/5565</name>
      </trkpt>
      <trkpt lat="40.780920" lon="-119.222165">
        <name>man/6:45/5755</name>
      </trkpt>
    </trkseg>
  </trk>
  <trk>
    <name>7:00</name>
    <trkseg>
      <trkpt lat="40.785184" lon="-119.211702">
        <name>man/7:00/2500</name>
      </trkpt>
      <trkpt lat="40.784876" lon="-119.213217">
        <name>man/7:00/2935</name>
      </trkpt>
      <trkpt lat="40.784677" lon="-119.214192">
        <name>man/7:00/3215</name>
      </trkpt>
      <trkpt lat="40.784478" lon="-119.215167">
        <name>man/7:00/3495</name>
      </trkpt>
      <trkpt lat="40.784279" lon="-119.216142">
        <name>man/7:00/3775</name>
      </trkpt>
      <trkpt lat="40.784077" lon="-119.217135">
        <name>man/7:00/4060</name>
      </trkpt>
      <trkpt lat="40.783733" lon="-119.218824">
        <name>man/7:00/4545</name>
      </trkpt>
      <trkpt lat="40.783534" lon="-119.219799">
        <name>man/7:00/4825</name>
      </trkpt>
      <trkpt lat="40.783335" lon="-119.220774">
        <name>man/7:00/5105</name>
      </trkpt>
      <trkpt lat="40.783136" lon="-119.221750">
        <name>man/7:00/5385</name>
      </trkpt>
      <trkpt lat="40.783009" lon="-119.222376">
        <name>man/7:00/5565</name>
      </trkpt>
      <trkpt lat="40.782874" lon="-119.223038">
        <name>man/7:00/5755</name>
      </trkpt>
    </trkseg>
  </trk>
  <trk>
    <name>7:15</name>
    <trkseg>
      <trkpt lat="40.785331" lon="-119.219243">
        <name>man/7:15/4545</name>
      </trkpt>
      <trkpt lat="40.785231" lon="-119.220244">
        <name>man/7:15/4825</name>
      </trkpt>
      <trkpt lat="40.785130" lon="-119.221245">
        <name>man/7:15/5105</name>
      </trkpt>
      <trkpt lat="40.785030" lon="-119.222246">
        <name>man/7:15/5385</name>
      </trkpt>
      <trkpt lat="40.784965" lon="-119.222889">
        <name>man/7:15/5565</name>
      </trkpt>
      <trkpt lat="40.784897" lon="-119.223568">
        <name>man/7:15/5755</name>
      </trkpt>
    </trkseg>
  </trk>
  <trk>
    <name>7:30</name>
    <trkseg>
      <trkpt lat="40.786958" lon="-119.212009">
        <name>man/7:30/2500</name>
      </trkpt>
      <trkpt lat="40.786958" lon="-119.213578">
        <name>man/7:30/2935</name>
      </trkpt>
      <trkpt lat="40.786957" lon="-119.214587">
        <name>man/7:30/3215</name>
      </trkpt>
      <trkpt lat="40.786957" lon="-119.215597">
        <name>man/7:30/3495</name>
      </trkpt>
      <trkpt lat="40.786957" lon="-119.216607">
        <name>man/7:30/3775</name>
      </trkpt>
      <trkpt lat="40.786957" lon="-119.217634">
        <name>man/7:30/4060</name>
      </trkpt>
      <trkpt lat="40.786957" lon="-119.219383">
        <name>man/7:30/4545</name>
      </trkpt>
      <trkpt lat="40.786957" lon="-119.220393">
        <name>man/7:30/4825</name>
      </trkpt>
      <trkpt lat="40.786957" lon="-119.221403">
        <name>man/7:30/5105</name>
      </trkpt>
      <trkpt lat="40.786956" lon="-119.222412">
        <name>man/7:30/5385</name>
      </trkpt>
      <trkpt lat="40.786956" lon="-119.223061">
        <name>man/7:30/5565</name>
      </trkpt>
      <trkpt lat="40.786956" lon="-119.223747">
        <name>man/7:30/5755</name>
      </trkpt>
    </trkseg>
  </trk>
  <trk>
    <name>7:45</name>
    <trkseg>
      <trkpt lat="40.788583" lon="-119.219243">
        <name>man/7:45/4545</name>
      </trkpt>
      <trkpt lat="40.788683" lon="-119.220245">
        <name>man/7:45/4825</name>
      </trkpt>
      <trkpt lat="40.788783" lon="-119.221246">
        <name>man/7:45/5105</name>
      </trkpt>
      <trkpt lat="40.788883" lon="-119.222247">
        <name>man/7:45/5385</name>
      </trkpt>
      <trkpt lat="40.788947" lon="-119.222890">
        <name>man/7:45/5565</name>
      </trkpt>
      <trkpt lat="40.789015" lon="-119.223570">
        <name>man/7:45/5755</name>
      </trkpt>
    </trkseg>
  </trk>
  <trk>
    <name>8:00</name>
    <trkseg>
      <trkpt lat="40.788731" lon="-119.211702">
        <name>man/8:00/2500</name>
      </trkpt>
      <trkpt lat="40.789040" lon="-119.213217">
        <name>man/8:00/2935</name>
      </trkpt>
      <trkpt lat="40.789238" lon="-119.214193">
        <name>man/8:00/3215</name>
      </trkpt>
      <trkpt lat="40.789437" lon="-119.215168">
        <name>man/8:00/3495</name>
      </trkpt>
      <trkpt lat="40.789635" lon="-119.216143">
        <name>man/8:00/3775</name>
      </trkpt>
      <trkpt lat="40.789837" lon="-119.217136">
        <name>man/8:00/4060</name>
      </trkpt>
      <trkpt lat="40.790181" lon="-119.218826">
        <name>man/8:00/4545</name>
      </trkpt>
      <trkpt lat="40.790380" lon="-119.219801">
        <name>man/8:00/4825</name>
      </trkpt>
      <trkpt lat="40.790578" lon="-119.220776">
        <name>man/8:00/5105</name>
      </trkpt>
      <trkpt lat="40.790776" lon="-119.221752">
        <name>man/8:00/5385</name>
      </trkpt>
      <trkpt lat="40.790904" lon="-119.222379">
        <name>man/8:00/5565</name>
      </trkpt>
      <trkpt lat="40.791039" lon="-119.223041">
        <name>man/8:00/5755</name>
      </trkpt>
    </trkseg>
  </trk>
  <trk>
    <name>8:15</name>
    <trkseg>
      <trkpt lat="40.791724" lon="-119.218137">
        <name>man/8:15/4545</name>
      </trkpt>
      <trkpt lat="40.792018" lon="-119.219070">
        <name>man/8:15/4825</name>
      </trkpt>
      <trkpt lat="40.792311" lon="-119.220003">
        <name>man/8:15/5105</name>
      </trkpt>
      <trkpt lat="40.792605" lon="-119.220936">
        <name>man/8:15/5385</name>
      </trkpt>
      <trkpt lat="40.792793" lon="-119.221535">
        <name>man/8:15/5565</name>
      </trkpt>
      <trkpt lat="40.792993" lon="-119.222169">
        <name>man/8:15/5755</name>
      </trkpt>
    </trkseg>
  </trk>
  <trk>
    <name>8:30</name>
    <trkseg>
      <trkpt lat="40.790384" lon="-119.210802">
        <name>man/8:30/2500</name>
      </trkpt>
      <trkpt lat="40.790980" lon="-119.212160">
        <name>man/8:30/2935</name>
      </trkpt>
      <trkpt lat="40.791363" lon="-119.213035">
        <name>man/8:30/3215</name>
      </trkpt>
      <trkpt lat="40.791747" lon="-119.213909">
        <name>man/8:30/3495</name>
      </trkpt>
      <trkpt lat="40.792131" lon="-119.214784">
        <name>man/8:30/3775</name>
      </trkpt>
      <trkpt lat="40.792521" lon="-119.215674">
        <name>man/8:30/4060</name>
      </trkpt>
      <trkpt lat="40.793186" lon="-119.217189">
        <name>man/8:30/4545</name>
      </trkpt>
      <trkpt lat="40.793569" lon="-119.218063">
        <name>man/8:30/4825</name>
      </trkpt>
      <trkpt lat="40.793953" lon="-119.218938">
        <name>man/8:30/5105</name>
      </trkpt>
      <trkpt lat="40.794336" lon="-119.219813">
        <name>man/8:30/5385</name>
      </trkpt>
      <trkpt lat="40.794583" lon="-119.220375">
        <name>man/8:30/5565</name>
      </trkpt>
      <trkpt lat="40.794843" lon="-119.220968">
        <name>man/8:30/5755</name>
      </trkpt>
    </trkseg>
  </trk>
  <trk>
    <name>8:45</name>
    <trkseg>
      <trkpt lat="40.794541" lon="-119.215998">
        <name>man/8:45/4545</name>
      </trkpt>
      <trkpt lat="40.795008" lon="-119.216799">
        <name>man/8:45/4825</name>
      </trkpt>
      <trkpt lat="40.795475" lon="-119.217600">
        <name>man/8:45/5105</name>
      </trkpt>
      <trkpt lat="40.795942" lon="-119.218402">
        <name>man/8:45/5385</name>
      </trkpt>
      <trkpt lat="40.796242" lon="-119.218917">
        <name>man/8:45/5565</name>
      </trkpt>
      <trkpt lat="40.796559" lon="-119.219460">
        <name>man/8:45/5755</name>
      </trkpt>
    </trkseg>
  </trk>
  <trk>
    <name>9:00</name>
    <trkseg>
      <trkpt lat="40.791803" lon="-119.209369">
        <name>man/9:00/2500</name>
      </trkpt>
      <trkpt lat="40.792646" lon="-119.210478">
        <name>man/9:00/2935</name>
      </trkpt>
      <trkpt lat="40.793189" lon="-119.211192">
        <name>man/9:00/3215</name>
      </trkpt>
      <trkpt lat="40.793731" lon="-119.211907">
        <name>man/9:00/3495</name>
      </trkpt>
      <trkpt lat="40.794274" lon="-119.212621">
        <name>man/9:00/3775</name>
      </trkpt>
      <trkpt lat="40.794826" lon="-119.213348">
        <name>man/9:00/4060</name>
      </trkpt>
      <trkpt lat="40.795766" lon="-119.214584">
        <name>man/9:00/4545</name>
      </trkpt>
      <trkpt lat="40.796308" lon="-119.215299">
        <name>man/9:00/4825</name>
      </trkpt>
      <trkpt lat="40.796851" lon="-119.216013">
        <name>man/9:00/5105</name>
      </trkpt>
      <trkpt lat="40.797394" lon="-119.216727">
        <name>man/9:00/5385</name>
      </trkpt>
      <trkpt lat="40.797742" lon="-119.217186">
        <name>man/9:00/5565</name>
      </trkpt>
      <trkpt lat="40.798111" lon="-119.217671">
        <name>man/9:00/5755</name>
      </trkpt>
    </trkseg>
  </trk>
  <trk>
    <name>9:00</name>
    <trkseg>
      <trkpt lat="40.787772" lon="-119.204065">
        <name>man/9:00/420</name>
      </trkpt>
      <trkpt lat="40.791803" lon="-119.209369">
        <name>man/9:00/2500</name>
      </trkpt>
    </trkseg>
  </trk>
  <trk>
    <name>9:15</name>
    <trkseg>
      <trkpt lat="40.796840" lon="-119.212973">
        <name>man/9:15/4545</name>
      </trkpt>
      <trkpt lat="40.797449" lon="-119.213587">
        <name>man/9:15/4825</name>
      </trkpt>
      <trkpt lat="40.798058" lon="-119.214202">
        <name>man/9:15/5105</name>
      </trkpt>
      <trkpt lat="40.798667" lon="-119.214817">
        <name>man/9:15/5385</name>
      </trkpt>
      <trkpt lat="40.799058" lon="-119.215212">
        <name>man/9:15/5565</name>
      </trkpt>
      <trkpt lat="40.799471" lon="-119.215630">
        <name>man/9:15/5755</name>
      </trkpt>
    </trkseg>
  </trk>
  <trk>
    <name>9:30</name>
    <trkseg>
      <trkpt lat="40.792892" lon="-119.207502">
        <name>man/9:30/2500</name>
      </trkpt>
      <trkpt lat="40.793924" lon="-119.208286">
        <name>man/9:30/2935</name>
      </trkpt>
      <trkpt lat="40.794589" lon="-119.208791">
        <name>man/9:30/3215</name>
      </trkpt>
      <trkpt lat="40.795254" lon="-119.209296">
        <name>man/9:30/3495</name>
      </trkpt>
      <trkpt lat="40.795918" lon="-119.209801">
        <name>man/9:30/3775</name>
      </trkpt>
      <trkpt lat="40.796595" lon="-119.210315">
        <name>man/9:30/4060</name>
      </trkpt>
      <trkpt lat="40.797746" lon="-119.211190">
        <name>man/9:30/4545</name>
      </trkpt>
      <trkpt lat="40.798410" lon="-119.211695">
        <name>man/9:30/4825</name>
      </trkpt>
      <trkpt lat="40.799075" lon="-119.212200">
        <name>man/9:30/5105</name>
      </trkpt>
      <trkpt lat="40.799740" lon="-119.212705">
        <name>man/9:30/5385</name>
      </trkpt>
      <trkpt lat="40.800167" lon="-119.213030">
        <name>man/9:30/5565</name>
      </trkpt>
      <trkpt lat="40.800618" lon="-119.213372">
        <name>man/9:30/5755</name>
      </trkpt>
      <trkpt lat="40.803098" lon="-119.215257">
        <name>man/9:30/6800</name>
      </trkpt>
    </trkseg>
  </trk>
  <trk>
    <name>9:45</name>
    <trkseg>
      <trkpt lat="40.798467" lon="-119.209267">
        <name>man/9:45/4545</name>
      </trkpt>
      <trkpt lat="40.799176" lon="-119.209654">
        <name>man/9:45/4825</name>
      </trkpt>
      <trkpt lat="40.799885" lon="-119.210040">
        <name>man/9:45/5105</name>
      </trkpt>
      <trkpt lat="40.800594" lon="-119.210427">
        <name>man/9:45/5385</name>
      </trkpt>
      <trkpt lat="40.801049" lon="-119.210675">
        <name>man/9:45/5565</name>
      </trkpt>
      <trkpt lat="40.801530" lon="-119.210937">
        <name>man/9:45/5755</name>
      </trkpt>
    </trkseg>
  </trk>
  <trk>
    <name>Atwood</name>
    <trkseg>
      <trkpt lat="40.784876" lon="-119.192771">
        <name>man/2:00/2935</name>
      </trkpt>
      <trkpt lat="40.784539" lon="-119.192901">
        <name>man/2:05/2935</name>
      </trkpt>
      <trkpt lat="40.784206" lon="-119.193049">
        <name>man/2:10/2935</name>
      </trkpt>
      <trkpt lat="40.783879" lon="-119.193216">
        <name>man/2:15/2935</name>
      </trkpt>
      <trkpt lat="40.783558" lon="-119.193402">
        <name>man/2:20/2935</name>
      </trkpt>
      <trkpt lat="40.783243" lon="-119.193607">
        <name>man/2:25/2935</name>
      </trkpt>
      <trkpt lat="40.782935" lon="-119.193829">
        <name>man/2:30/2935</name>
      </trkpt>
      <trkpt lat="40.782635" lon="-119.194068">
        <name>man/2:35/2935</name>
      </trkpt>
      <trkpt lat="40.782344" lon="-119.194325">
        <name>man/2:40/2935</name>
      </trkpt>
      <trkpt lat="40.782061" lon="-119.194598">
        <name>man/2:45/2935</name>
      </trkpt>
      <trkpt lat="40.781787" lon="-119.194887">
        <name>man/2:50/2935</name>
      </trkpt>
      <trkpt lat="40.781523" lon="-119.195192">
        <name>man/2:55/2935</name>
      </trkpt>
      <trkpt lat="40.781270" lon="-119.195511">
        <name>man/3:00/2935</name>
      </trkpt>
      <trkpt lat="40.781027" lon="-119.195844">
        <name>man/3:05/2935</name>
      </trkpt>
      <trkpt lat="40.780795" lon="-119.196192">
        <name>man/3:10/2935</name>
      </trkpt>
      <trkpt lat="40.780576" lon="-119.196552">
        <name>man/3:15/2935</name>
      </trkpt>
      <trkpt lat="40.780368" lon="-119.196924">
        <name>man/3:20/2935</name>
      </trkpt>
      <trkpt lat="40.780173" lon="-119.197308">
        <name>man/3:25/2935</name>
      </trkpt>
      <trkpt lat="40.779991" lon="-119.197703">
        <name>man/3:30/2935</name>
      </trkpt>
      <trkpt lat="40.779822" lon="-119.198108">
        <name>man/3:35/2935</name>
      </trkpt>
      <trkpt lat="40.779667" lon="-119.198522">
        <name>man/3:40/2935</name>
      </trkpt>
      <trkpt lat="40.779526" lon="-119.198944">
        <name>man/3:45/2935</name>
      </trkpt>
      <trkpt lat="40.779399" lon="-119.199375">
        <name>man/3:50/2935</name>
      </trkpt>
      <trkpt lat="40.779286" lon="-119.199812">
        <name>man/3:55/2935</name>
      </trkpt>
      <trkpt lat="40.779188" lon="-119.200255">
        <name>man/4:00/2935</name>
      </trkpt>
      <trkpt lat="40.779104" lon="-119.200704">
        <name>man/4:05/2935</name>
      </trkpt>
      <trkpt lat="40.779036" lon="-119.201156">
        <name>man/4:10/2935</name>
      </trkpt>
      <trkpt lat="40.778982" lon="-119.201613">
        <name>man/4:15/2935</name>
      </trkpt>
      <trkpt lat="40.778944" lon="-119.202072">
        <name>man/4:20/2935</name>
      </trkpt>
      <trkpt lat="40.778921" lon="-119.202532">
        <name>man/4:25/2935</name>
      </trkpt>
      <trkpt lat="40.778914" lon="-119.202994">
        <name>man/4:30/2935</name>
      </trkpt>
      <trkpt lat="40.778921" lon="-119.203456">
        <name>man/4:35/2935</name>
      </trkpt>
      <trkpt lat="40.778944" lon="-119.203916">
        <name>man/4:40/2935</name>
      </trkpt>
      <trkpt lat="40.778982" lon="-119.204375">
        <name>man/4:45/2935</name>
      </trkpt>
      <trkpt lat="40.779036" lon="-119.204832">
        <name>man/4:50/2935</name>
      </trkpt>
      <trkpt lat="40.779104" lon="-119.205284">
        <name>man/4:55/2935</name>
      </trkpt>
      <trkpt lat="40.779188" lon="-119.205733">
        <name>man/5:00/2935</name>
      </trkpt>
      <trkpt lat="40.779286" lon="-119.206176">
        <name>man/5:05/2935</name>
      </trkpt>
      <trkpt lat="40.779399" lon="-119.206613">
        <name>man/5:10/2935</name>
      </trkpt>
      <trkpt lat="40.779526" lon="-119.207044">
        <name>man/5:15/2935</name>
      </trkpt>
      <trkpt lat="40.779667" lon="-119.207466">
        <name>man/5:20/2935</name>
      </trkpt>
      <trkpt lat="40.779822" lon="-119.207880">
        <name>man/5:25/2935</name>
      </trkpt>
      <trkpt lat="40.780003" lon="-119.208280">
        <name>man/5:30/2935</name>
      </trkpt>
      <trkpt lat="40.780173" lon="-119.208680">
        <name>man/5:35/2935</name>
      </trkpt>
      <trkpt lat="40.780368" lon="-119.209064">
        <name>man/5:40/2935</name>
      </trkpt>
      <trkpt lat="40.780424" lon="-119.209150">
        <name>man/5:41/2935</name>
      </trkpt>
      <trkpt lat="40.780576" lon="-119.209436">
        <name>man/5:45/2935</name>
      </trkpt>
      <trkpt lat="40.780795" lon="-119.209796">
        <name>man/5:50/2935</name>
      </trkpt>
      <trkpt lat="40.780829" lon="-119.209841" />
    </trkseg>
    <trkseg>
      <trkpt lat="40.781753" lon="-119.211056" />
      <trkpt lat="40.781787" lon="-119.211101">
        <name>man/6:10/2935</name>
      </trkpt>
      <trkpt lat="40.782061" lon="-119.211390">
        <name>man/6:15/2935</name>
      </trkpt>
      <trkpt lat="40.782278" lon="-119.211590">
        <name>man/6:19/2935</name>
      </trkpt>
      <trkpt lat="40.782344" lon="-119.211663">
        <name>man/6:20/2935</name>
      </trkpt>
      <trkpt lat="40.782635" lon="-119.211920">
        <name>man/6:25/2935</name>
      </trkpt>
      <trkpt lat="40.782939" lon="-119.212144">
        <name>man/6:30/2935</name>
      </trkpt>
      <trkpt lat="40.783243" lon="-119.212381">
        <name>man/6:35/2935</name>
      </trkpt>
      <trkpt lat="40.783558" lon="-119.212586">
        <name>man/6:40/2935</name>
      </trkpt>
      <trkpt lat="40.783879" lon="-119.212772">
        <name>man/6:45/2935</name>
      </trkpt>
      <trkpt lat="40.784206" lon="-119.212939">
        <name>man/6:50/2935</name>
      </trkpt>
      <trkpt lat="40.784539" lon="-119.213087">
        <name>man/6:55/2935</name>
      </trkpt>
      <trkpt lat="40.784876" lon="-119.213217">
        <name>man/7:00/2935</name>
      </trkpt>
      <trkpt lat="40.785216" lon="-119.213326">
        <name>man/7:05/2935</name>
      </trkpt>
      <trkpt lat="40.785561" lon="-119.213417">
        <name>man/7:10/2935</name>
      </trkpt>
      <trkpt lat="40.785908" lon="-119.213487">
        <name>man/7:15/2935</name>
      </trkpt>
      <trkpt lat="40.786256" lon="-119.213537">
        <name>man/7:20/2935</name>
      </trkpt>
      <trkpt lat="40.786607" lon="-119.213567">
        <name>man/7:25/2935</name>
      </trkpt>
      <trkpt lat="40.786958" lon="-119.213578">
        <name>man/7:30/2935</name>
      </trkpt>
      <trkpt lat="40.787308" lon="-119.213568">
        <name>man/7:35/2935</name>
      </trkpt>
      <trkpt lat="40.787659" lon="-119.213537">
        <name>man/7:40/2935</name>
      </trkpt>
      <trkpt lat="40.788008" lon="-119.213487">
        <name>man/7:45/2935</name>
      </trkpt>
      <trkpt lat="40.788354" lon="-119.213417">
        <name>man/7:50/2935</name>
      </trkpt>
      <trkpt lat="40.788699" lon="-119.213327">
        <name>man/7:55/2935</name>
      </trkpt>
      <trkpt lat="40.789040" lon="-119.213217">
        <name>man/8:00/2935</name>
      </trkpt>
      <trkpt lat="40.789377" lon="-119.213088">
        <name>man/8:05/2935</name>
      </trkpt>
      <trkpt lat="40.789709" lon="-119.212940">
        <name>man/8:10/2935</name>
      </trkpt>
      <trkpt lat="40.790036" lon="-119.212772">
        <name>man/8:15/2935</name>
      </trkpt>
      <trkpt lat="40.790357" lon="-119.212586">
        <name>man/8:20/2935</name>
      </trkpt>
      <trkpt lat="40.790672" lon="-119.212382">
        <name>man/8:25/2935</name>
      </trkpt>
      <trkpt lat="40.790980" lon="-119.212160">
        <name>man/8:30/2935</name>
      </trkpt>
      <trkpt lat="40.791280" lon="-119.211921">
        <name>man/8:35/2935</name>
      </trkpt>
      <trkpt lat="40.791572" lon="-119.211664">
        <name>man/8:40/2935</name>
      </trkpt>
      <trkpt lat="40.791855" lon="-119.211391">
        <name>man/8:45/2935</name>
      </trkpt>
      <trkpt lat="40.792128" lon="-119.211102">
        <name>man/8:50/2935</name>
      </trkpt>
      <trkpt lat="40.792392" lon="-119.210798">
        <name>man/8:55/2935</name>
      </trkpt>
      <trkpt lat="40.792646" lon="-119.210478">
        <name>man/9:00/2935</name>
      </trkpt>
      <trkpt lat="40.792889" lon="-119.210145">
        <name>man/9:05/2935</name>
      </trkpt>
      <trkpt lat="40.793120" lon="-119.209798">
        <name>man/9:10/2935</name>
      </trkpt>
      <trkpt lat="40.793340" lon="-119.209438">
        <name>man/9:15/2935</name>
      </trkpt>
      <trkpt lat="40.793547" lon="-119.209065">
        <name>man/9:20/2935</name>
      </trkpt>
      <trkpt lat="40.793742" lon="-119.208681">
        <name>man/9:25/2935</name>
      </trkpt>
      <trkpt lat="40.793924" lon="-119.208286">
        <name>man/9:30/2935</name>
      </trkpt>
      <trkpt lat="40.794093" lon="-119.207881">
        <name>man/9:35/2935</name>
      </trkpt>
      <trkpt lat="40.794249" lon="-119.207467">
        <name>man/9:40/2935</name>
      </trkpt>
      <trkpt lat="40.794390" lon="-119.207045">
        <name>man/9:45/2935</name>
      </trkpt>
      <trkpt lat="40.794517" lon="-119.206614">
        <name>man/9:50/2935</name>
      </trkpt>
      <trkpt lat="40.794630" lon="-119.206177">
        <name>man/9:55/2935</name>
      </trkpt>
      <trkpt lat="40.794728" lon="-119.205734">
        <name>man/10:00/2935</name>
      </trkpt>
    </trkseg>
  </trk>
  <trk>
    <name>Airport Rd.</name>
    <trkseg>
      <trkpt lat="40.771722" lon="-119.208364">
        <name>man/5:00/5755</name>
      </trkpt>
      <trkpt lat="40.764137" lon="-119.207748">
        <name>Port of Entry</name>
      </trkpt>
    </trkseg>
  </trk>
  <trk>
    <name>Alley</name>
    <trkseg>
      <trkpt lat="40.782278" lon="-119.211590">
        <name>man/6:19/2935</name>
      </trkpt>
      <trkpt lat="40.782309" lon="-119.211524">
        <name>cc/9:30/490</name>
      </trkpt>
      <trkpt lat="40.782363" lon="-119.211387">
        <name>cc/9:40/490</name>
      </trkpt>
      <trkpt lat="40.782408" lon="-119.211245">
        <name>cc/9:50/490</name>
      </trkpt>
      <trkpt lat="40.782443" lon="-119.211098">
        <name>cc/10:00/490</name>
      </trkpt>
      <trkpt lat="40.782468" lon="-119.210947">
        <name>cc/10:10/490</name>
      </trkpt>
      <trkpt lat="40.782483" lon="-119.210794">
        <name>cc/10:20/490</name>
      </trkpt>
      <trkpt lat="40.782489" lon="-119.210640">
        <name>cc/10:30/490</name>
      </trkpt>
      <trkpt lat="40.782483" lon="-119.210486">
        <name>cc/10:40/490</name>
      </trkpt>
      <trkpt lat="40.782468" lon="-119.210333">
        <name>cc/10:50/490</name>
      </trkpt>
      <trkpt lat="40.782443" lon="-119.210183">
        <name>cc/11:00/490</name>
      </trkpt>
      <trkpt lat="40.782408" lon="-119.210036">
        <name>cc/11:10/490</name>
      </trkpt>
      <trkpt lat="40.782363" lon="-119.209894">
        <name>cc/11:20/490</name>
      </trkpt>
      <trkpt lat="40.782309" lon="-119.209757">
        <name>cc/11:30/490</name>
      </trkpt>
      <trkpt lat="40.782246" lon="-119.209627">
        <name>cc/11:40/490</name>
      </trkpt>
      <trkpt lat="40.782174" lon="-119.209505">
        <name>cc/11:50/490</name>
      </trkpt>
      <trkpt lat="40.782095" lon="-119.209391">
        <name>cc/12:00/490</name>
      </trkpt>
    </trkseg>
    <trkseg>
      <trkpt lat="40.782095" lon="-119.209391">
        <name>cc/12:00/490</name>
      </trkpt>
      <trkpt lat="40.782009" lon="-119.209287">
        <name>cc/12:10/490</name>
      </trkpt>
      <trkpt lat="40.781916" lon="-119.209193">
        <name>cc/12:20/490</name>
      </trkpt>
      <trkpt lat="40.781817" lon="-119.209110">
        <name>cc/12:30/490</name>
      </trkpt>
      <trkpt lat="40.781713" lon="-119.209039">
        <name>cc/12:40/490</name>
      </trkpt>
      <trkpt lat="40.781605" lon="-119.208980">
        <name>cc/12:50/490</name>
      </trkpt>
      <trkpt lat="40.781493" lon="-119.208934">
        <name>cc/1:00/490</name>
      </trkpt>
      <trkpt lat="40.781379" lon="-119.208900">
        <name>cc/1:10/490</name>
      </trkpt>
      <trkpt lat="40.781263" lon="-119.208880">
        <name>cc/1:20/490</name>
      </trkpt>
      <trkpt lat="40.781146" lon="-119.208873">
        <name>cc/1:30/490</name>
      </trkpt>
      <trkpt lat="40.781028" lon="-119.208880">
        <name>cc/1:40/490</name>
      </trkpt>
      <trkpt lat="40.780912" lon="-119.208900">
        <name>cc/1:50/490</name>
      </trkpt>
      <trkpt lat="40.780798" lon="-119.208934">
        <name>cc/2:00/490</name>
      </trkpt>
      <trkpt lat="40.780686" lon="-119.208980">
        <name>cc/2:10/490</name>
      </trkpt>
      <trkpt lat="40.780578" lon="-119.209039">
        <name>cc/2:20/490</name>
      </trkpt>
      <trkpt lat="40.780474" lon="-119.209110">
        <name>cc/2:30/490</name>
      </trkpt>
      <trkpt lat="40.780424" lon="-119.209150">
        <name>man/5:41/2935</name>
      </trkpt>
    </trkseg>
    <trkseg>
      <trkpt lat="40.780424" lon="-119.209150">
        <name>man/5:41/2935</name>
      </trkpt>
      <trkpt lat="40.779784" lon="-119.209726">
        <name>man/5:41/3215</name>
      </trkpt>
      <trkpt lat="40.779159" lon="-119.210312">
        <name>man/5:41/3495</name>
      </trkpt>
    </trkseg>
    <trkseg>
      <trkpt lat="40.782278" lon="-119.211590">
        <name>man/6:19/2935</name>
      </trkpt>
      <trkpt lat="40.781841" lon="-119.212432">
        <name>man/6:19/3215</name>
      </trkpt>
      <trkpt lat="40.781395" lon="-119.213253">
        <name>man/6:19/3495</name>
      </trkpt>
    </trkseg>
  </trk>
  <trk>
    <name>Bradbury</name>
    <trkseg>
      <trkpt lat="40.784677" lon="-119.191796">
        <name>man/2:00/3215</name>
      </trkpt>
      <trkpt lat="40.784308" lon="-119.191938">
        <name>man/2:05/3215</name>
      </trkpt>
      <trkpt lat="40.783944" lon="-119.192100">
        <name>man/2:10/3215</name>
      </trkpt>
      <trkpt lat="40.783585" lon="-119.192284">
        <name>man/2:15/3215</name>
      </trkpt>
      <trkpt lat="40.783234" lon="-119.192488">
        <name>man/2:20/3215</name>
      </trkpt>
      <trkpt lat="40.782889" lon="-119.192711">
        <name>man/2:25/3215</name>
      </trkpt>
      <trkpt lat="40.782552" lon="-119.192955">
        <name>man/2:30/3215</name>
      </trkpt>
      <trkpt lat="40.782223" lon="-119.193217">
        <name>man/2:35/3215</name>
      </trkpt>
      <trkpt lat="40.781903" lon="-119.193498">
        <name>man/2:40/3215</name>
      </trkpt>
      <trkpt lat="40.781593" lon="-119.193797">
        <name>man/2:45/3215</name>
      </trkpt>
      <trkpt lat="40.781294" lon="-119.194114">
        <name>man/2:50/3215</name>
      </trkpt>
      <trkpt lat="40.781005" lon="-119.194447">
        <name>man/2:55/3215</name>
      </trkpt>
      <trkpt lat="40.780727" lon="-119.194797">
        <name>man/3:00/3215</name>
      </trkpt>
      <trkpt lat="40.780461" lon="-119.195162">
        <name>man/3:05/3215</name>
      </trkpt>
      <trkpt lat="40.780208" lon="-119.195543">
        <name>man/3:10/3215</name>
      </trkpt>
      <trkpt lat="40.779967" lon="-119.195937">
        <name>man/3:15/3215</name>
      </trkpt>
      <trkpt lat="40.779740" lon="-119.196345">
        <name>man/3:20/3215</name>
      </trkpt>
      <trkpt lat="40.779526" lon="-119.196766">
        <name>man/3:25/3215</name>
      </trkpt>
      <trkpt lat="40.779327" lon="-119.197198">
        <name>man/3:30/3215</name>
      </trkpt>
      <trkpt lat="40.779142" lon="-119.197641">
        <name>man/3:35/3215</name>
      </trkpt>
      <trkpt lat="40.778972" lon="-119.198095">
        <name>man/3:40/3215</name>
      </trkpt>
      <trkpt lat="40.778817" lon="-119.198558">
        <name>man/3:45/3215</name>
      </trkpt>
      <trkpt lat="40.778678" lon="-119.199029">
        <name>man/3:50/3215</name>
      </trkpt>
      <trkpt lat="40.778554" lon="-119.199508">
        <name>man/3:55/3215</name>
      </trkpt>
      <trkpt lat="40.778446" lon="-119.199994">
        <name>man/4:00/3215</name>
      </trkpt>
      <trkpt lat="40.778355" lon="-119.200485">
        <name>man/4:05/3215</name>
      </trkpt>
      <trkpt lat="40.778280" lon="-119.200981">
        <name>man/4:10/3215</name>
      </trkpt>
      <trkpt lat="40.778222" lon="-119.201481">
        <name>man/4:15/3215</name>
      </trkpt>
      <trkpt lat="40.778180" lon="-119.201984">
        <name>man/4:20/3215</name>
      </trkpt>
      <trkpt lat="40.778155" lon="-119.202488">
        <name>man/4:25/3215</name>
      </trkpt>
      <trkpt lat="40.778146" lon="-119.202994">
        <name>man/4:30/3215</name>
      </trkpt>
      <trkpt lat="40.778155" lon="-119.203500">
        <name>man/4:35/3215</name>
      </trkpt>
      <trkpt lat="40.778180" lon="-119.204004">
        <name>man/4:40/3215</name>
      </trkpt>
      <trkpt lat="40.778222" lon="-119.204507">
        <name>man/4:45/3215</name>
      </trkpt>
      <trkpt lat="40.778280" lon="-119.205007">
        <name>man/4:50/3215</name>
      </trkpt>
      <trkpt lat="40.778355" lon="-119.205503">
        <name>man/4:55/3215</name>
      </trkpt>
      <trkpt lat="40.778446" lon="-119.205994">
        <name>man/5:00/3215</name>
      </trkpt>
      <trkpt lat="40.778554" lon="-119.206480">
        <name>man/5:05/3215</name>
      </trkpt>
      <trkpt lat="40.778678" lon="-119.206959">
        <name>man/5:10/3215</name>
      </trkpt>
      <trkpt lat="40.778817" lon="-119.207430">
        <name>man/5:15/3215</name>
      </trkpt>
      <trkpt lat="40.778972" lon="-119.207893">
        <name>man/5:20/3215</name>
      </trkpt>
      <trkpt lat="40.779142" lon="-119.208347">
        <name>man/5:25/3215</name>
      </trkpt>
      <trkpt lat="40.779327" lon="-119.208790">
        <name>man/5:30/3215</name>
      </trkpt>
      <trkpt lat="40.779526" lon="-119.209222">
        <name>man/5:35/3215</name>
      </trkpt>
      <trkpt lat="40.779740" lon="-119.209643">
        <name>man/5:40/3215</name>
      </trkpt>
      <trkpt lat="40.779784" lon="-119.209726">
        <name>man/5:41/3215</name>
      </trkpt>
      <trkpt lat="40.779967" lon="-119.210051">
        <name>man/5:45/3215</name>
      </trkpt>
      <trkpt lat="40.780208" lon="-119.210445">
        <name>man/5:50/3215</name>
      </trkpt>
      <trkpt lat="40.780477" lon="-119.210835">
        <name>man/5:55/3215</name>
      </trkpt>
    </trkseg>
    <trkseg>
      <trkpt lat="40.780997" lon="-119.211520" />
      <trkpt lat="40.780997" lon="-119.211520">
        <name>man/6:05/3215</name>
      </trkpt>
      <trkpt lat="40.781294" lon="-119.211874">
        <name>man/6:10/3215</name>
      </trkpt>
      <trkpt lat="40.781593" lon="-119.212191">
        <name>man/6:15/3215</name>
      </trkpt>
      <trkpt lat="40.781841" lon="-119.212432">
        <name>man/6:19/3215</name>
      </trkpt>
      <trkpt lat="40.781903" lon="-119.212490">
        <name>man/6:20/3215</name>
      </trkpt>
      <trkpt lat="40.782223" lon="-119.212771">
        <name>man/6:25/3215</name>
      </trkpt>
      <trkpt lat="40.782552" lon="-119.213033">
        <name>man/6:30/3215</name>
      </trkpt>
      <trkpt lat="40.782889" lon="-119.213277">
        <name>man/6:35/3215</name>
      </trkpt>
      <trkpt lat="40.783234" lon="-119.213500">
        <name>man/6:40/3215</name>
      </trkpt>
      <trkpt lat="40.783585" lon="-119.213704">
        <name>man/6:45/3215</name>
      </trkpt>
      <trkpt lat="40.783944" lon="-119.213888">
        <name>man/6:50/3215</name>
      </trkpt>
      <trkpt lat="40.784308" lon="-119.214050">
        <name>man/6:55/3215</name>
      </trkpt>
      <trkpt lat="40.784677" lon="-119.214192">
        <name>man/7:00/3215</name>
      </trkpt>
      <trkpt lat="40.785050" lon="-119.214312">
        <name>man/7:05/3215</name>
      </trkpt>
      <trkpt lat="40.785427" lon="-119.214411">
        <name>man/7:10/3215</name>
      </trkpt>
      <trkpt lat="40.785807" lon="-119.214488">
        <name>man/7:15/3215</name>
      </trkpt>
      <trkpt lat="40.786189" lon="-119.214543">
        <name>man/7:20/3215</name>
      </trkpt>
      <trkpt lat="40.786573" lon="-119.214576">
        <name>man/7:25/3215</name>
      </trkpt>
      <trkpt lat="40.786957" lon="-119.214587">
        <name>man/7:30/3215</name>
      </trkpt>
      <trkpt lat="40.787342" lon="-119.214576">
        <name>man/7:35/3215</name>
      </trkpt>
      <trkpt lat="40.787725" lon="-119.214543">
        <name>man/7:40/3215</name>
      </trkpt>
      <trkpt lat="40.788108" lon="-119.214488">
        <name>man/7:45/3215</name>
      </trkpt>
      <trkpt lat="40.788488" lon="-119.214411">
        <name>man/7:50/3215</name>
      </trkpt>
      <trkpt lat="40.788865" lon="-119.214313">
        <name>man/7:55/3215</name>
      </trkpt>
      <trkpt lat="40.789238" lon="-119.214193">
        <name>man/8:00/3215</name>
      </trkpt>
      <trkpt lat="40.789607" lon="-119.214051">
        <name>man/8:05/3215</name>
      </trkpt>
      <trkpt lat="40.789971" lon="-119.213889">
        <name>man/8:10/3215</name>
      </trkpt>
      <trkpt lat="40.790330" lon="-119.213705">
        <name>man/8:15/3215</name>
      </trkpt>
      <trkpt lat="40.790682" lon="-119.213502">
        <name>man/8:20/3215</name>
      </trkpt>
      <trkpt lat="40.791026" lon="-119.213278">
        <name>man/8:25/3215</name>
      </trkpt>
      <trkpt lat="40.791363" lon="-119.213035">
        <name>man/8:30/3215</name>
      </trkpt>
      <trkpt lat="40.791692" lon="-119.212772">
        <name>man/8:35/3215</name>
      </trkpt>
      <trkpt lat="40.792012" lon="-119.212491">
        <name>man/8:40/3215</name>
      </trkpt>
      <trkpt lat="40.792322" lon="-119.212192">
        <name>man/8:45/3215</name>
      </trkpt>
      <trkpt lat="40.792622" lon="-119.211876">
        <name>man/8:50/3215</name>
      </trkpt>
      <trkpt lat="40.792911" lon="-119.211542">
        <name>man/8:55/3215</name>
      </trkpt>
      <trkpt lat="40.793189" lon="-119.211192">
        <name>man/9:00/3215</name>
      </trkpt>
      <trkpt lat="40.793454" lon="-119.210827">
        <name>man/9:05/3215</name>
      </trkpt>
      <trkpt lat="40.793708" lon="-119.210447">
        <name>man/9:10/3215</name>
      </trkpt>
      <trkpt lat="40.793949" lon="-119.210052">
        <name>man/9:15/3215</name>
      </trkpt>
      <trkpt lat="40.794176" lon="-119.209644">
        <name>man/9:20/3215</name>
      </trkpt>
      <trkpt lat="40.794390" lon="-119.209224">
        <name>man/9:25/3215</name>
      </trkpt>
      <trkpt lat="40.794589" lon="-119.208791">
        <name>man/9:30/3215</name>
      </trkpt>
      <trkpt lat="40.794774" lon="-119.208348">
        <name>man/9:35/3215</name>
      </trkpt>
      <trkpt lat="40.794944" lon="-119.207894">
        <name>man/9:40/3215</name>
      </trkpt>
      <trkpt lat="40.795099" lon="-119.207431">
        <name>man/9:45/3215</name>
      </trkpt>
      <trkpt lat="40.795238" lon="-119.206960">
        <name>man/9:50/3215</name>
      </trkpt>
      <trkpt lat="40.795362" lon="-119.206481">
        <name>man/9:55/3215</name>
      </trkpt>
      <trkpt lat="40.795469" lon="-119.205995">
        <name>man/10:00/3215</name>
      </trkpt>
    </trkseg>
  </trk>
  <trk>
    <name>Cherryh</name>
    <trkseg>
      <trkpt lat="40.784478" lon="-119.190821">
        <name>man/2:00/3495</name>
      </trkpt>
      <trkpt lat="40.784077" lon="-119.190975">
        <name>man/2:05/3495</name>
      </trkpt>
      <trkpt lat="40.783681" lon="-119.191152">
        <name>man/2:10/3495</name>
      </trkpt>
      <trkpt lat="40.783292" lon="-119.191351">
        <name>man/2:15/3495</name>
      </trkpt>
      <trkpt lat="40.782909" lon="-119.191573">
        <name>man/2:20/3495</name>
      </trkpt>
      <trkpt lat="40.782534" lon="-119.191816">
        <name>man/2:25/3495</name>
      </trkpt>
      <trkpt lat="40.782168" lon="-119.192080">
        <name>man/2:30/3495</name>
      </trkpt>
      <trkpt lat="40.781811" lon="-119.192366">
        <name>man/2:35/3495</name>
      </trkpt>
      <trkpt lat="40.781463" lon="-119.192671">
        <name>man/2:40/3495</name>
      </trkpt>
      <trkpt lat="40.781126" lon="-119.192996">
        <name>man/2:45/3495</name>
      </trkpt>
      <trkpt lat="40.780800" lon="-119.193340">
        <name>man/2:50/3495</name>
      </trkpt>
      <trkpt lat="40.780486" lon="-119.193703">
        <name>man/2:55/3495</name>
      </trkpt>
      <trkpt lat="40.780184" lon="-119.194083">
        <name>man/3:00/3495</name>
      </trkpt>
      <trkpt lat="40.779895" lon="-119.194480">
        <name>man/3:05/3495</name>
      </trkpt>
      <trkpt lat="40.779620" lon="-119.194894">
        <name>man/3:10/3495</name>
      </trkpt>
      <trkpt lat="40.779358" lon="-119.195323">
        <name>man/3:15/3495</name>
      </trkpt>
      <trkpt lat="40.779111" lon="-119.195766">
        <name>man/3:20/3495</name>
      </trkpt>
      <trkpt lat="40.778879" lon="-119.196223">
        <name>man/3:25/3495</name>
      </trkpt>
      <trkpt lat="40.778662" lon="-119.196693">
        <name>man/3:30/3495</name>
      </trkpt>
      <trkpt lat="40.778461" lon="-119.197175">
        <name>man/3:35/3495</name>
      </trkpt>
      <trkpt lat="40.778276" lon="-119.197668">
        <name>man/3:40/3495</name>
      </trkpt>
      <trkpt lat="40.778108" lon="-119.198172">
        <name>man/3:45/3495</name>
      </trkpt>
      <trkpt lat="40.777956" lon="-119.198684">
        <name>man/3:50/3495</name>
      </trkpt>
      <trkpt lat="40.777822" lon="-119.199205">
        <name>man/3:55/3495</name>
      </trkpt>
      <trkpt lat="40.777705" lon="-119.199733">
        <name>man/4:00/3495</name>
      </trkpt>
      <trkpt lat="40.777606" lon="-119.200267">
        <name>man/4:05/3495</name>
      </trkpt>
      <trkpt lat="40.777524" lon="-119.200806">
        <name>man/4:10/3495</name>
      </trkpt>
      <trkpt lat="40.777461" lon="-119.201349">
        <name>man/4:15/3495</name>
      </trkpt>
      <trkpt lat="40.777415" lon="-119.201896">
        <name>man/4:20/3495</name>
      </trkpt>
      <trkpt lat="40.777388" lon="-119.202444">
        <name>man/4:25/3495</name>
      </trkpt>
      <trkpt lat="40.777379" lon="-119.202994">
        <name>man/4:30/3495</name>
      </trkpt>
      <trkpt lat="40.777388" lon="-119.203544">
        <name>man/4:35/3495</name>
      </trkpt>
      <trkpt lat="40.777415" lon="-119.204092">
        <name>man/4:40/3495</name>
      </trkpt>
      <trkpt lat="40.777461" lon="-119.204639">
        <name>man/4:45/3495</name>
      </trkpt>
      <trkpt lat="40.777524" lon="-119.205182">
        <name>man/4:50/3495</name>
      </trkpt>
      <trkpt lat="40.777606" lon="-119.205721">
        <name>man/4:55/3495</name>
      </trkpt>
      <trkpt lat="40.777705" lon="-119.206255">
        <name>man/5:00/3495</name>
      </trkpt>
      <trkpt lat="40.777822" lon="-119.206783">
        <name>man/5:05/3495</name>
      </trkpt>
      <trkpt lat="40.777956" lon="-119.207304">
        <name>man/5:10/3495</name>
      </trkpt>
      <trkpt lat="40.778108" lon="-119.207816">
        <name>man/5:15/3495</name>
      </trkpt>
      <trkpt lat="40.778276" lon="-119.208320">
        <name>man/5:20/3495</name>
      </trkpt>
      <trkpt lat="40.778461" lon="-119.208813">
        <name>man/5:25/3495</name>
      </trkpt>
      <trkpt lat="40.778662" lon="-119.209295">
        <name>man/5:30/3495</name>
      </trkpt>
      <trkpt lat="40.778879" lon="-119.209765">
        <name>man/5:35/3495</name>
      </trkpt>
      <trkpt lat="40.779111" lon="-119.210222">
        <name>man/5:40/3495</name>
      </trkpt>
      <trkpt lat="40.779159" lon="-119.210312">
        <name>man/5:41/3495</name>
      </trkpt>
      <trkpt lat="40.779358" lon="-119.210665">
        <name>man/5:45/3495</name>
      </trkpt>
      <trkpt lat="40.779620" lon="-119.211094">
        <name>man/5:50/3495</name>
      </trkpt>
      <trkpt lat="40.779895" lon="-119.211508">
        <name>man/5:55/3495</name>
      </trkpt>
      <trkpt lat="40.780196" lon="-119.211890">
        <name>man/6:00/3495</name>
      </trkpt>
    </trkseg>
    <trkseg>
      <trkpt lat="40.780196" lon="-119.211890">
        <name>man/6:00/3495</name>
      </trkpt>
      <trkpt lat="40.780486" lon="-119.212285">
        <name>man/6:05/3495</name>
      </trkpt>
      <trkpt lat="40.780800" lon="-119.212648">
        <name>man/6:10/3495</name>
      </trkpt>
      <trkpt lat="40.781126" lon="-119.212992">
        <name>man/6:15/3495</name>
      </trkpt>
      <trkpt lat="40.781395" lon="-119.213253">
        <name>man/6:19/3495</name>
      </trkpt>
      <trkpt lat="40.781463" lon="-119.213317">
        <name>man/6:20/3495</name>
      </trkpt>
      <trkpt lat="40.781811" lon="-119.213622">
        <name>man/6:25/3495</name>
      </trkpt>
      <trkpt lat="40.782168" lon="-119.213908">
        <name>man/6:30/3495</name>
      </trkpt>
      <trkpt lat="40.782534" lon="-119.214172">
        <name>man/6:35/3495</name>
      </trkpt>
      <trkpt lat="40.782909" lon="-119.214415">
        <name>man/6:40/3495</name>
      </trkpt>
      <trkpt lat="40.783292" lon="-119.214637">
        <name>man/6:45/3495</name>
      </trkpt>
      <trkpt lat="40.783681" lon="-119.214836">
        <name>man/6:50/3495</name>
      </trkpt>
      <trkpt lat="40.784077" lon="-119.215013">
        <name>man/6:55/3495</name>
      </trkpt>
      <trkpt lat="40.784478" lon="-119.215167">
        <name>man/7:00/3495</name>
      </trkpt>
      <trkpt lat="40.784884" lon="-119.215298">
        <name>man/7:05/3495</name>
      </trkpt>
      <trkpt lat="40.785294" lon="-119.215405">
        <name>man/7:10/3495</name>
      </trkpt>
      <trkpt lat="40.785707" lon="-119.215489">
        <name>man/7:15/3495</name>
      </trkpt>
      <trkpt lat="40.786122" lon="-119.215549">
        <name>man/7:20/3495</name>
      </trkpt>
      <trkpt lat="40.786539" lon="-119.215585">
        <name>man/7:25/3495</name>
      </trkpt>
      <trkpt lat="40.786957" lon="-119.215597">
        <name>man/7:30/3495</name>
      </trkpt>
      <trkpt lat="40.787375" lon="-119.215585">
        <name>man/7:35/3495</name>
      </trkpt>
      <trkpt lat="40.787792" lon="-119.215549">
        <name>man/7:40/3495</name>
      </trkpt>
      <trkpt lat="40.788208" lon="-119.215489">
        <name>man/7:45/3495</name>
      </trkpt>
      <trkpt lat="40.788621" lon="-119.215406">
        <name>man/7:50/3495</name>
      </trkpt>
      <trkpt lat="40.789031" lon="-119.215299">
        <name>man/7:55/3495</name>
      </trkpt>
      <trkpt lat="40.789437" lon="-119.215168">
        <name>man/8:00/3495</name>
      </trkpt>
      <trkpt lat="40.789838" lon="-119.215014">
        <name>man/8:05/3495</name>
      </trkpt>
      <trkpt lat="40.790234" lon="-119.214837">
        <name>man/8:10/3495</name>
      </trkpt>
      <trkpt lat="40.790623" lon="-119.214638">
        <name>man/8:15/3495</name>
      </trkpt>
      <trkpt lat="40.791006" lon="-119.214417">
        <name>man/8:20/3495</name>
      </trkpt>
      <trkpt lat="40.791381" lon="-119.214174">
        <name>man/8:25/3495</name>
      </trkpt>
      <trkpt lat="40.791747" lon="-119.213909">
        <name>man/8:30/3495</name>
      </trkpt>
      <trkpt lat="40.792104" lon="-119.213624">
        <name>man/8:35/3495</name>
      </trkpt>
      <trkpt lat="40.792452" lon="-119.213319">
        <name>man/8:40/3495</name>
      </trkpt>
      <trkpt lat="40.792789" lon="-119.212993">
        <name>man/8:45/3495</name>
      </trkpt>
      <trkpt lat="40.793115" lon="-119.212649">
        <name>man/8:50/3495</name>
      </trkpt>
      <trkpt lat="40.793429" lon="-119.212287">
        <name>man/8:55/3495</name>
      </trkpt>
      <trkpt lat="40.793731" lon="-119.211907">
        <name>man/9:00/3495</name>
      </trkpt>
      <trkpt lat="40.794020" lon="-119.211509">
        <name>man/9:05/3495</name>
      </trkpt>
      <trkpt lat="40.794296" lon="-119.211096">
        <name>man/9:10/3495</name>
      </trkpt>
      <trkpt lat="40.794557" lon="-119.210667">
        <name>man/9:15/3495</name>
      </trkpt>
      <trkpt lat="40.794805" lon="-119.210224">
        <name>man/9:20/3495</name>
      </trkpt>
      <trkpt lat="40.795037" lon="-119.209766">
        <name>man/9:25/3495</name>
      </trkpt>
      <trkpt lat="40.795254" lon="-119.209296">
        <name>man/9:30/3495</name>
      </trkpt>
      <trkpt lat="40.795455" lon="-119.208814">
        <name>man/9:35/3495</name>
      </trkpt>
      <trkpt lat="40.795640" lon="-119.208321">
        <name>man/9:40/3495</name>
      </trkpt>
      <trkpt lat="40.795808" lon="-119.207818">
        <name>man/9:45/3495</name>
      </trkpt>
      <trkpt lat="40.795959" lon="-119.207305">
        <name>man/9:50/3495</name>
      </trkpt>
      <trkpt lat="40.796094" lon="-119.206784">
        <name>man/9:55/3495</name>
      </trkpt>
      <trkpt lat="40.796211" lon="-119.206256">
        <name>man/10:00/3495</name>
      </trkpt>
    </trkseg>
  </trk>
  <trk>
    <name />
    <trkseg>
      <trkpt lat="40.781630" lon="-119.210003">
        <name>cc/12:00/250</name>
      </trkpt>
      <trkpt lat="40.781586" lon="-119.209950">
        <name>cc/12:10/250</name>
      </trkpt>
      <trkpt lat="40.781539" lon="-119.209902">
        <name>cc/12:20/250</name>
      </trkpt>
      <trkpt lat="40.781488" lon="-119.209860">
        <name>cc/12:30/250</name>
      </trkpt>
      <trkpt lat="40.781435" lon="-119.209823">
        <name>cc/12:40/250</name>
      </trkpt>
      <trkpt lat="40.781380" lon="-119.209793">
        <name>cc/12:50/250</name>
      </trkpt>
      <trkpt lat="40.781323" lon="-119.209770">
        <name>cc/1:00/250</name>
      </trkpt>
      <trkpt lat="40.781265" lon="-119.209753">
        <name>cc/1:10/250</name>
      </trkpt>
      <trkpt lat="40.781205" lon="-119.209742">
        <name>cc/1:20/250</name>
      </trkpt>
      <trkpt lat="40.781146" lon="-119.209739">
        <name>cc/1:30/250</name>
      </trkpt>
      <trkpt lat="40.781086" lon="-119.209742">
        <name>cc/1:40/250</name>
      </trkpt>
      <trkpt lat="40.781027" lon="-119.209753">
        <name>cc/1:50/250</name>
      </trkpt>
      <trkpt lat="40.780968" lon="-119.209770">
        <name>cc/2:00/250</name>
      </trkpt>
      <trkpt lat="40.780911" lon="-119.209793">
        <name>cc/2:10/250</name>
      </trkpt>
      <trkpt lat="40.780856" lon="-119.209823">
        <name>cc/2:20/250</name>
      </trkpt>
      <trkpt lat="40.780829" lon="-119.209841" />
      <trkpt lat="40.780803" lon="-119.209860">
        <name>cc/2:30/250</name>
      </trkpt>
      <trkpt lat="40.780753" lon="-119.209902">
        <name>cc/2:40/250</name>
      </trkpt>
      <trkpt lat="40.780705" lon="-119.209950">
        <name>cc/2:50/250</name>
      </trkpt>
      <trkpt lat="40.780661" lon="-119.210003">
        <name>cc/3:00/250</name>
      </trkpt>
      <trkpt lat="40.780621" lon="-119.210061">
        <name>cc/3:10/250</name>
      </trkpt>
      <trkpt lat="40.780584" lon="-119.210123">
        <name>cc/3:20/250</name>
      </trkpt>
      <trkpt lat="40.780552" lon="-119.210190">
        <name>cc/3:30/250</name>
      </trkpt>
      <trkpt lat="40.780525" lon="-119.210259">
        <name>cc/3:40/250</name>
      </trkpt>
      <trkpt lat="40.780502" lon="-119.210332">
        <name>cc/3:50/250</name>
      </trkpt>
      <trkpt lat="40.780484" lon="-119.210407">
        <name>cc/4:00/250</name>
      </trkpt>
      <trkpt lat="40.780471" lon="-119.210484">
        <name>cc/4:10/250</name>
      </trkpt>
      <trkpt lat="40.780463" lon="-119.210562">
        <name>cc/4:20/250</name>
      </trkpt>
      <trkpt lat="40.780460" lon="-119.210640">
        <name>cc/4:30/250</name>
      </trkpt>
      <trkpt lat="40.780463" lon="-119.210719">
        <name>cc/4:40/250</name>
      </trkpt>
      <trkpt lat="40.780471" lon="-119.210797">
        <name>cc/4:50/250</name>
      </trkpt>
      <trkpt lat="40.780477" lon="-119.210835" />
      <trkpt lat="40.780484" lon="-119.210874">
        <name>cc/5:00/250</name>
      </trkpt>
      <trkpt lat="40.780502" lon="-119.210949">
        <name>cc/5:10/250</name>
      </trkpt>
      <trkpt lat="40.780525" lon="-119.211021">
        <name>cc/5:20/250</name>
      </trkpt>
      <trkpt lat="40.780552" lon="-119.211091">
        <name>cc/5:30/250</name>
      </trkpt>
      <trkpt lat="40.780584" lon="-119.211157">
        <name>cc/5:40/250</name>
      </trkpt>
      <trkpt lat="40.780621" lon="-119.211220">
        <name>cc/5:50/250</name>
      </trkpt>
      <trkpt lat="40.780661" lon="-119.211278">
        <name>cc/6:00/250</name>
      </trkpt>
    </trkseg>
    <trkseg>
      <trkpt lat="40.780661" lon="-119.211278">
        <name>cc/6:00/250</name>
      </trkpt>
      <trkpt lat="40.780705" lon="-119.211331">
        <name>cc/6:10/250</name>
      </trkpt>
      <trkpt lat="40.780753" lon="-119.211379">
        <name>cc/6:20/250</name>
      </trkpt>
      <trkpt lat="40.780803" lon="-119.211421">
        <name>cc/6:30/250</name>
      </trkpt>
      <trkpt lat="40.780856" lon="-119.211457">
        <name>cc/6:40/250</name>
      </trkpt>
      <trkpt lat="40.780911" lon="-119.211487">
        <name>cc/6:50/250</name>
      </trkpt>
      <trkpt lat="40.780968" lon="-119.211511">
        <name>cc/7:00/250</name>
      </trkpt>
      <trkpt lat="40.780997" lon="-119.211520" />
      <trkpt lat="40.781027" lon="-119.211528">
        <name>cc/7:10/250</name>
      </trkpt>
      <trkpt lat="40.781086" lon="-119.211538">
        <name>cc/7:20/250</name>
      </trkpt>
      <trkpt lat="40.781146" lon="-119.211542">
        <name>cc/7:30/250</name>
      </trkpt>
      <trkpt lat="40.781205" lon="-119.211538">
        <name>cc/7:40/250</name>
      </trkpt>
      <trkpt lat="40.781265" lon="-119.211528">
        <name>cc/7:50/250</name>
      </trkpt>
      <trkpt lat="40.781323" lon="-119.211511">
        <name>cc/8:00/250</name>
      </trkpt>
      <trkpt lat="40.781380" lon="-119.211487">
        <name>cc/8:10/250</name>
      </trkpt>
      <trkpt lat="40.781435" lon="-119.211457">
        <name>cc/8:20/250</name>
      </trkpt>
      <trkpt lat="40.781488" lon="-119.211421">
        <name>cc/8:30/250</name>
      </trkpt>
      <trkpt lat="40.781539" lon="-119.211379">
        <name>cc/8:40/250</name>
      </trkpt>
      <trkpt lat="40.781586" lon="-119.211331">
        <name>cc/8:50/250</name>
      </trkpt>
      <trkpt lat="40.781630" lon="-119.211278">
        <name>cc/9:00/250</name>
      </trkpt>
      <trkpt lat="40.781670" lon="-119.211220">
        <name>cc/9:10/250</name>
      </trkpt>
      <trkpt lat="40.781707" lon="-119.211157">
        <name>cc/9:20/250</name>
      </trkpt>
      <trkpt lat="40.781739" lon="-119.211091">
        <name>cc/9:30/250</name>
      </trkpt>
      <trkpt lat="40.781753" lon="-119.211056" />
      <trkpt lat="40.781767" lon="-119.211021">
        <name>cc/9:40/250</name>
      </trkpt>
      <trkpt lat="40.781789" lon="-119.210949">
        <name>cc/9:50/250</name>
      </trkpt>
      <trkpt lat="40.781807" lon="-119.210874">
        <name>cc/10:00/250</name>
      </trkpt>
      <trkpt lat="40.781820" lon="-119.210797">
        <name>cc/10:10/250</name>
      </trkpt>
      <trkpt lat="40.781828" lon="-119.210719">
        <name>cc/10:20/250</name>
      </trkpt>
      <trkpt lat="40.781831" lon="-119.210640">
        <name>cc/10:30/250</name>
      </trkpt>
      <trkpt lat="40.781828" lon="-119.210562">
        <name>cc/10:40/250</name>
      </trkpt>
      <trkpt lat="40.781820" lon="-119.210484">
        <name>cc/10:50/250</name>
      </trkpt>
      <trkpt lat="40.781807" lon="-119.210407">
        <name>cc/11:00/250</name>
      </trkpt>
      <trkpt lat="40.781789" lon="-119.210332">
        <name>cc/11:10/250</name>
      </trkpt>
      <trkpt lat="40.781767" lon="-119.210259">
        <name>cc/11:20/250</name>
      </trkpt>
      <trkpt lat="40.781739" lon="-119.210190">
        <name>cc/11:30/250</name>
      </trkpt>
      <trkpt lat="40.781707" lon="-119.210123">
        <name>cc/11:40/250</name>
      </trkpt>
      <trkpt lat="40.781670" lon="-119.210061">
        <name>cc/11:50/250</name>
      </trkpt>
      <trkpt lat="40.781630" lon="-119.210003">
        <name>cc/12:00/250</name>
      </trkpt>
    </trkseg>
  </trk>
  <trk>
    <name>Dick</name>
    <trkseg>
      <trkpt lat="40.784279" lon="-119.189846">
        <name>man/2:00/3775</name>
      </trkpt>
      <trkpt lat="40.783846" lon="-119.190012">
        <name>man/2:05/3775</name>
      </trkpt>
      <trkpt lat="40.783419" lon="-119.190203">
        <name>man/2:10/3775</name>
      </trkpt>
      <trkpt lat="40.782998" lon="-119.190418">
        <name>man/2:15/3775</name>
      </trkpt>
      <trkpt lat="40.782585" lon="-119.190658">
        <name>man/2:20/3775</name>
      </trkpt>
      <trkpt lat="40.782180" lon="-119.190920">
        <name>man/2:25/3775</name>
      </trkpt>
      <trkpt lat="40.781784" lon="-119.191206">
        <name>man/2:30/3775</name>
      </trkpt>
      <trkpt lat="40.781398" lon="-119.191514">
        <name>man/2:35/3775</name>
      </trkpt>
      <trkpt lat="40.781023" lon="-119.191844">
        <name>man/2:40/3775</name>
      </trkpt>
      <trkpt lat="40.780659" lon="-119.192195">
        <name>man/2:45/3775</name>
      </trkpt>
      <trkpt lat="40.780307" lon="-119.192567">
        <name>man/2:50/3775</name>
      </trkpt>
      <trkpt lat="40.779967" lon="-119.192959">
        <name>man/2:55/3775</name>
      </trkpt>
      <trkpt lat="40.779641" lon="-119.193369">
        <name>man/3:00/3775</name>
      </trkpt>
      <trkpt lat="40.779329" lon="-119.193798">
        <name>man/3:05/3775</name>
      </trkpt>
      <trkpt lat="40.779032" lon="-119.194245">
        <name>man/3:10/3775</name>
      </trkpt>
      <trkpt lat="40.778749" lon="-119.194708">
        <name>man/3:15/3775</name>
      </trkpt>
      <trkpt lat="40.778482" lon="-119.195187">
        <name>man/3:20/3775</name>
      </trkpt>
      <trkpt lat="40.778232" lon="-119.195681">
        <name>man/3:25/3775</name>
      </trkpt>
      <trkpt lat="40.777997" lon="-119.196189">
        <name>man/3:30/3775</name>
      </trkpt>
      <trkpt lat="40.777780" lon="-119.196709">
        <name>man/3:35/3775</name>
      </trkpt>
      <trkpt lat="40.777581" lon="-119.197242">
        <name>man/3:40/3775</name>
      </trkpt>
      <trkpt lat="40.777399" lon="-119.197785">
        <name>man/3:45/3775</name>
      </trkpt>
      <trkpt lat="40.777235" lon="-119.198339">
        <name>man/3:50/3775</name>
      </trkpt>
      <trkpt lat="40.777090" lon="-119.198901">
        <name>man/3:55/3775</name>
      </trkpt>
      <trkpt lat="40.776964" lon="-119.199471">
        <name>man/4:00/3775</name>
      </trkpt>
      <trkpt lat="40.776857" lon="-119.200048">
        <name>man/4:05/3775</name>
      </trkpt>
      <trkpt lat="40.776769" lon="-119.200631">
        <name>man/4:10/3775</name>
      </trkpt>
      <trkpt lat="40.776700" lon="-119.201217">
        <name>man/4:15/3775</name>
      </trkpt>
      <trkpt lat="40.776651" lon="-119.201808">
        <name>man/4:20/3775</name>
      </trkpt>
      <trkpt lat="40.776621" lon="-119.202400">
        <name>man/4:25/3775</name>
      </trkpt>
      <trkpt lat="40.776611" lon="-119.202994">
        <name>man/4:30/3775</name>
      </trkpt>
      <trkpt lat="40.776621" lon="-119.203588">
        <name>man/4:35/3775</name>
      </trkpt>
      <trkpt lat="40.776651" lon="-119.204180">
        <name>man/4:40/3775</name>
      </trkpt>
      <trkpt lat="40.776700" lon="-119.204771">
        <name>man/4:45/3775</name>
      </trkpt>
      <trkpt lat="40.776769" lon="-119.205357">
        <name>man/4:50/3775</name>
      </trkpt>
      <trkpt lat="40.776857" lon="-119.205940">
        <name>man/4:55/3775</name>
      </trkpt>
      <trkpt lat="40.776964" lon="-119.206517">
        <name>man/5:00/3775</name>
      </trkpt>
      <trkpt lat="40.777090" lon="-119.207087">
        <name>man/5:05/3775</name>
      </trkpt>
      <trkpt lat="40.777235" lon="-119.207649">
        <name>man/5:10/3775</name>
      </trkpt>
      <trkpt lat="40.777399" lon="-119.208203">
        <name>man/5:15/3775</name>
      </trkpt>
      <trkpt lat="40.777581" lon="-119.208746">
        <name>man/5:20/3775</name>
      </trkpt>
      <trkpt lat="40.777780" lon="-119.209279">
        <name>man/5:25/3775</name>
      </trkpt>
      <trkpt lat="40.777997" lon="-119.209799">
        <name>man/5:30/3775</name>
      </trkpt>
      <trkpt lat="40.778232" lon="-119.210307">
        <name>man/5:35/3775</name>
      </trkpt>
      <trkpt lat="40.778482" lon="-119.210801">
        <name>man/5:40/3775</name>
      </trkpt>
      <trkpt lat="40.778749" lon="-119.211280">
        <name>man/5:45/3775</name>
      </trkpt>
      <trkpt lat="40.779032" lon="-119.211743">
        <name>man/5:50/3775</name>
      </trkpt>
      <trkpt lat="40.779329" lon="-119.212190">
        <name>man/5:55/3775</name>
      </trkpt>
      <trkpt lat="40.779642" lon="-119.212619">
        <name>man/6:00/3775</name>
      </trkpt>
    </trkseg>
    <trkseg>
      <trkpt lat="40.779642" lon="-119.212619">
        <name>man/6:00/3775</name>
      </trkpt>
      <trkpt lat="40.779967" lon="-119.213029">
        <name>man/6:05/3775</name>
      </trkpt>
      <trkpt lat="40.780307" lon="-119.213421">
        <name>man/6:10/3775</name>
      </trkpt>
      <trkpt lat="40.780659" lon="-119.213793">
        <name>man/6:15/3775</name>
      </trkpt>
      <trkpt lat="40.781023" lon="-119.214144">
        <name>man/6:20/3775</name>
      </trkpt>
      <trkpt lat="40.781398" lon="-119.214474">
        <name>man/6:25/3775</name>
      </trkpt>
      <trkpt lat="40.781784" lon="-119.214782">
        <name>man/6:30/3775</name>
      </trkpt>
      <trkpt lat="40.782180" lon="-119.215068">
        <name>man/6:35/3775</name>
      </trkpt>
      <trkpt lat="40.782585" lon="-119.215330">
        <name>man/6:40/3775</name>
      </trkpt>
      <trkpt lat="40.782998" lon="-119.215570">
        <name>man/6:45/3775</name>
      </trkpt>
      <trkpt lat="40.783419" lon="-119.215785">
        <name>man/6:50/3775</name>
      </trkpt>
      <trkpt lat="40.783846" lon="-119.215976">
        <name>man/6:55/3775</name>
      </trkpt>
      <trkpt lat="40.784279" lon="-119.216142">
        <name>man/7:00/3775</name>
      </trkpt>
      <trkpt lat="40.784718" lon="-119.216284">
        <name>man/7:05/3775</name>
      </trkpt>
      <trkpt lat="40.785161" lon="-119.216399">
        <name>man/7:10/3775</name>
      </trkpt>
      <trkpt lat="40.785607" lon="-119.216490">
        <name>man/7:15/3775</name>
      </trkpt>
      <trkpt lat="40.786055" lon="-119.216555">
        <name>man/7:20/3775</name>
      </trkpt>
      <trkpt lat="40.786506" lon="-119.216594">
        <name>man/7:25/3775</name>
      </trkpt>
      <trkpt lat="40.786957" lon="-119.216607">
        <name>man/7:30/3775</name>
      </trkpt>
      <trkpt lat="40.787409" lon="-119.216594">
        <name>man/7:35/3775</name>
      </trkpt>
      <trkpt lat="40.787859" lon="-119.216555">
        <name>man/7:40/3775</name>
      </trkpt>
      <trkpt lat="40.788308" lon="-119.216490">
        <name>man/7:45/3775</name>
      </trkpt>
      <trkpt lat="40.788754" lon="-119.216400">
        <name>man/7:50/3775</name>
      </trkpt>
      <trkpt lat="40.789197" lon="-119.216284">
        <name>man/7:55/3775</name>
      </trkpt>
      <trkpt lat="40.789635" lon="-119.216143">
        <name>man/8:00/3775</name>
      </trkpt>
      <trkpt lat="40.790069" lon="-119.215977">
        <name>man/8:05/3775</name>
      </trkpt>
      <trkpt lat="40.790496" lon="-119.215786">
        <name>man/8:10/3775</name>
      </trkpt>
      <trkpt lat="40.790917" lon="-119.215571">
        <name>man/8:15/3775</name>
      </trkpt>
      <trkpt lat="40.791330" lon="-119.215332">
        <name>man/8:20/3775</name>
      </trkpt>
      <trkpt lat="40.791735" lon="-119.215069">
        <name>man/8:25/3775</name>
      </trkpt>
      <trkpt lat="40.792131" lon="-119.214784">
        <name>man/8:30/3775</name>
      </trkpt>
      <trkpt lat="40.792517" lon="-119.214476">
        <name>man/8:35/3775</name>
      </trkpt>
      <trkpt lat="40.792892" lon="-119.214146">
        <name>man/8:40/3775</name>
      </trkpt>
      <trkpt lat="40.793256" lon="-119.213795">
        <name>man/8:45/3775</name>
      </trkpt>
      <trkpt lat="40.793608" lon="-119.213423">
        <name>man/8:50/3775</name>
      </trkpt>
      <trkpt lat="40.793948" lon="-119.213031">
        <name>man/8:55/3775</name>
      </trkpt>
      <trkpt lat="40.794274" lon="-119.212621">
        <name>man/9:00/3775</name>
      </trkpt>
      <trkpt lat="40.794586" lon="-119.212192">
        <name>man/9:05/3775</name>
      </trkpt>
      <trkpt lat="40.794884" lon="-119.211745">
        <name>man/9:10/3775</name>
      </trkpt>
      <trkpt lat="40.795166" lon="-119.211282">
        <name>man/9:15/3775</name>
      </trkpt>
      <trkpt lat="40.795433" lon="-119.210803">
        <name>man/9:20/3775</name>
      </trkpt>
      <trkpt lat="40.795684" lon="-119.210309">
        <name>man/9:25/3775</name>
      </trkpt>
      <trkpt lat="40.795918" lon="-119.209801">
        <name>man/9:30/3775</name>
      </trkpt>
      <trkpt lat="40.796135" lon="-119.209280">
        <name>man/9:35/3775</name>
      </trkpt>
      <trkpt lat="40.796335" lon="-119.208748">
        <name>man/9:40/3775</name>
      </trkpt>
      <trkpt lat="40.796517" lon="-119.208204">
        <name>man/9:45/3775</name>
      </trkpt>
      <trkpt lat="40.796681" lon="-119.207650">
        <name>man/9:50/3775</name>
      </trkpt>
      <trkpt lat="40.796826" lon="-119.207088">
        <name>man/9:55/3775</name>
      </trkpt>
      <trkpt lat="40.796952" lon="-119.206518">
        <name>man/10:00/3775</name>
      </trkpt>
    </trkseg>
  </trk>
  <trk>
    <name>Ellison</name>
    <trkseg>
      <trkpt lat="40.784077" lon="-119.188853">
        <name>man/2:00/4060</name>
      </trkpt>
      <trkpt lat="40.783611" lon="-119.189032">
        <name>man/2:05/4060</name>
      </trkpt>
      <trkpt lat="40.783151" lon="-119.189237">
        <name>man/2:10/4060</name>
      </trkpt>
      <trkpt lat="40.782699" lon="-119.189469">
        <name>man/2:15/4060</name>
      </trkpt>
      <trkpt lat="40.782254" lon="-119.189726">
        <name>man/2:20/4060</name>
      </trkpt>
      <trkpt lat="40.781819" lon="-119.190009">
        <name>man/2:25/4060</name>
      </trkpt>
      <trkpt lat="40.781393" lon="-119.190316">
        <name>man/2:30/4060</name>
      </trkpt>
      <trkpt lat="40.780978" lon="-119.190648">
        <name>man/2:35/4060</name>
      </trkpt>
      <trkpt lat="40.780575" lon="-119.191002">
        <name>man/2:40/4060</name>
      </trkpt>
      <trkpt lat="40.780183" lon="-119.191380">
        <name>man/2:45/4060</name>
      </trkpt>
      <trkpt lat="40.779805" lon="-119.191780">
        <name>man/2:50/4060</name>
      </trkpt>
      <trkpt lat="40.779440" lon="-119.192201">
        <name>man/2:55/4060</name>
      </trkpt>
      <trkpt lat="40.779089" lon="-119.192643">
        <name>man/3:00/4060</name>
      </trkpt>
      <trkpt lat="40.778753" lon="-119.193104">
        <name>man/3:05/4060</name>
      </trkpt>
      <trkpt lat="40.778433" lon="-119.193585">
        <name>man/3:10/4060</name>
      </trkpt>
      <trkpt lat="40.778129" lon="-119.194083">
        <name>man/3:15/4060</name>
      </trkpt>
      <trkpt lat="40.777842" lon="-119.194598">
        <name>man/3:20/4060</name>
      </trkpt>
      <trkpt lat="40.777573" lon="-119.195129">
        <name>man/3:25/4060</name>
      </trkpt>
      <trkpt lat="40.777321" lon="-119.195675">
        <name>man/3:30/4060</name>
      </trkpt>
      <trkpt lat="40.777087" lon="-119.196235">
        <name>man/3:35/4060</name>
      </trkpt>
      <trkpt lat="40.776873" lon="-119.196808">
        <name>man/3:40/4060</name>
      </trkpt>
      <trkpt lat="40.776677" lon="-119.197392">
        <name>man/3:45/4060</name>
      </trkpt>
      <trkpt lat="40.776501" lon="-119.197987">
        <name>man/3:50/4060</name>
      </trkpt>
      <trkpt lat="40.776345" lon="-119.198592">
        <name>man/3:55/4060</name>
      </trkpt>
      <trkpt lat="40.776209" lon="-119.199205">
        <name>man/4:00/4060</name>
      </trkpt>
      <trkpt lat="40.776094" lon="-119.199826">
        <name>man/4:05/4060</name>
      </trkpt>
      <trkpt lat="40.775999" lon="-119.200452">
        <name>man/4:10/4060</name>
      </trkpt>
      <trkpt lat="40.775925" lon="-119.201083">
        <name>man/4:15/4060</name>
      </trkpt>
      <trkpt lat="40.775873" lon="-119.201718">
        <name>man/4:20/4060</name>
      </trkpt>
      <trkpt lat="40.775841" lon="-119.202356">
        <name>man/4:25/4060</name>
      </trkpt>
      <trkpt lat="40.775830" lon="-119.202994">
        <name>man/4:30/4060</name>
      </trkpt>
      <trkpt lat="40.775841" lon="-119.203632">
        <name>man/4:35/4060</name>
      </trkpt>
      <trkpt lat="40.775873" lon="-119.204270">
        <name>man/4:40/4060</name>
      </trkpt>
      <trkpt lat="40.775925" lon="-119.204905">
        <name>man/4:45/4060</name>
      </trkpt>
      <trkpt lat="40.775999" lon="-119.205536">
        <name>man/4:50/4060</name>
      </trkpt>
      <trkpt lat="40.776094" lon="-119.206162">
        <name>man/4:55/4060</name>
      </trkpt>
      <trkpt lat="40.776209" lon="-119.206783">
        <name>man/5:00/4060</name>
      </trkpt>
      <trkpt lat="40.776345" lon="-119.207396">
        <name>man/5:05/4060</name>
      </trkpt>
      <trkpt lat="40.776501" lon="-119.208001">
        <name>man/5:10/4060</name>
      </trkpt>
      <trkpt lat="40.776677" lon="-119.208596">
        <name>man/5:15/4060</name>
      </trkpt>
      <trkpt lat="40.776873" lon="-119.209180">
        <name>man/5:20/4060</name>
      </trkpt>
      <trkpt lat="40.777087" lon="-119.209753">
        <name>man/5:25/4060</name>
      </trkpt>
      <trkpt lat="40.777321" lon="-119.210313">
        <name>man/5:30/4060</name>
      </trkpt>
      <trkpt lat="40.777573" lon="-119.210859">
        <name>man/5:35/4060</name>
      </trkpt>
      <trkpt lat="40.777842" lon="-119.211390">
        <name>man/5:40/4060</name>
      </trkpt>
      <trkpt lat="40.778129" lon="-119.211905">
        <name>man/5:45/4060</name>
      </trkpt>
      <trkpt lat="40.778433" lon="-119.212403">
        <name>man/5:50/4060</name>
      </trkpt>
      <trkpt lat="40.778753" lon="-119.212884">
        <name>man/5:55/4060</name>
      </trkpt>
      <trkpt lat="40.779089" lon="-119.213345">
        <name>man/6:00/4060</name>
      </trkpt>
    </trkseg>
    <trkseg>
      <trkpt lat="40.779089" lon="-119.213345">
        <name>man/6:00/4060</name>
      </trkpt>
      <trkpt lat="40.779440" lon="-119.213787">
        <name>man/6:05/4060</name>
      </trkpt>
      <trkpt lat="40.779805" lon="-119.214208">
        <name>man/6:10/4060</name>
      </trkpt>
      <trkpt lat="40.780183" lon="-119.214608">
        <name>man/6:15/4060</name>
      </trkpt>
      <trkpt lat="40.780575" lon="-119.214986">
        <name>man/6:20/4060</name>
      </trkpt>
      <trkpt lat="40.780978" lon="-119.215340">
        <name>man/6:25/4060</name>
      </trkpt>
      <trkpt lat="40.781393" lon="-119.215672">
        <name>man/6:30/4060</name>
      </trkpt>
      <trkpt lat="40.781819" lon="-119.215979">
        <name>man/6:35/4060</name>
      </trkpt>
      <trkpt lat="40.782254" lon="-119.216262">
        <name>man/6:40/4060</name>
      </trkpt>
      <trkpt lat="40.782699" lon="-119.216519">
        <name>man/6:45/4060</name>
      </trkpt>
      <trkpt lat="40.783151" lon="-119.216751">
        <name>man/6:50/4060</name>
      </trkpt>
      <trkpt lat="40.783611" lon="-119.216956">
        <name>man/6:55/4060</name>
      </trkpt>
      <trkpt lat="40.784077" lon="-119.217135">
        <name>man/7:00/4060</name>
      </trkpt>
      <trkpt lat="40.784549" lon="-119.217287">
        <name>man/7:05/4060</name>
      </trkpt>
      <trkpt lat="40.785025" lon="-119.217412">
        <name>man/7:10/4060</name>
      </trkpt>
      <trkpt lat="40.785505" lon="-119.217509">
        <name>man/7:15/4060</name>
      </trkpt>
      <trkpt lat="40.785987" lon="-119.217578">
        <name>man/7:20/4060</name>
      </trkpt>
      <trkpt lat="40.786472" lon="-119.217620">
        <name>man/7:25/4060</name>
      </trkpt>
      <trkpt lat="40.786957" lon="-119.217634">
        <name>man/7:30/4060</name>
      </trkpt>
      <trkpt lat="40.787442" lon="-119.217621">
        <name>man/7:35/4060</name>
      </trkpt>
      <trkpt lat="40.787927" lon="-119.217579">
        <name>man/7:40/4060</name>
      </trkpt>
      <trkpt lat="40.788410" lon="-119.217509">
        <name>man/7:45/4060</name>
      </trkpt>
      <trkpt lat="40.788889" lon="-119.217412">
        <name>man/7:50/4060</name>
      </trkpt>
      <trkpt lat="40.789366" lon="-119.217288">
        <name>man/7:55/4060</name>
      </trkpt>
      <trkpt lat="40.789837" lon="-119.217136">
        <name>man/8:00/4060</name>
      </trkpt>
      <trkpt lat="40.790303" lon="-119.216957">
        <name>man/8:05/4060</name>
      </trkpt>
      <trkpt lat="40.790763" lon="-119.216752">
        <name>man/8:10/4060</name>
      </trkpt>
      <trkpt lat="40.791216" lon="-119.216521">
        <name>man/8:15/4060</name>
      </trkpt>
      <trkpt lat="40.791660" lon="-119.216264">
        <name>man/8:20/4060</name>
      </trkpt>
      <trkpt lat="40.792095" lon="-119.215981">
        <name>man/8:25/4060</name>
      </trkpt>
      <trkpt lat="40.792521" lon="-119.215674">
        <name>man/8:30/4060</name>
      </trkpt>
      <trkpt lat="40.792936" lon="-119.215343">
        <name>man/8:35/4060</name>
      </trkpt>
      <trkpt lat="40.793340" lon="-119.214988">
        <name>man/8:40/4060</name>
      </trkpt>
      <trkpt lat="40.793732" lon="-119.214610">
        <name>man/8:45/4060</name>
      </trkpt>
      <trkpt lat="40.794110" lon="-119.214210">
        <name>man/8:50/4060</name>
      </trkpt>
      <trkpt lat="40.794475" lon="-119.213789">
        <name>man/8:55/4060</name>
      </trkpt>
      <trkpt lat="40.794826" lon="-119.213348">
        <name>man/9:00/4060</name>
      </trkpt>
      <trkpt lat="40.795162" lon="-119.212886">
        <name>man/9:05/4060</name>
      </trkpt>
      <trkpt lat="40.795482" lon="-119.212406">
        <name>man/9:10/4060</name>
      </trkpt>
      <trkpt lat="40.795786" lon="-119.211908">
        <name>man/9:15/4060</name>
      </trkpt>
      <trkpt lat="40.796073" lon="-119.211393">
        <name>man/9:20/4060</name>
      </trkpt>
      <trkpt lat="40.796343" lon="-119.210861">
        <name>man/9:25/4060</name>
      </trkpt>
      <trkpt lat="40.796595" lon="-119.210315">
        <name>man/9:30/4060</name>
      </trkpt>
      <trkpt lat="40.796828" lon="-119.209755">
        <name>man/9:35/4060</name>
      </trkpt>
      <trkpt lat="40.797043" lon="-119.209182">
        <name>man/9:40/4060</name>
      </trkpt>
      <trkpt lat="40.797239" lon="-119.208597">
        <name>man/9:45/4060</name>
      </trkpt>
      <trkpt lat="40.797415" lon="-119.208002">
        <name>man/9:50/4060</name>
      </trkpt>
      <trkpt lat="40.797571" lon="-119.207397">
        <name>man/9:55/4060</name>
      </trkpt>
      <trkpt lat="40.797706" lon="-119.206784">
        <name>man/10:00/4060</name>
      </trkpt>
    </trkseg>
  </trk>
  <trk>
    <name>Enterence Rd</name>
    <trkseg>
      <trkpt lat="40.771026" lon="-119.223949" />
    </trkseg>
    <trkseg>
      <trkpt lat="40.771026" lon="-119.223949" />
      <trkpt lat="40.774223" lon="-119.219742" />
      <trkpt lat="40.777909" lon="-119.219991" />
    </trkseg>
    <trkseg>
      <trkpt lat="40.774223" lon="-119.219742" />
      <trkpt lat="40.774037" lon="-119.214895" />
    </trkseg>
  </trk>
  <trk>
    <name>Esplanade</name>
    <trkseg>
      <trkpt lat="40.785184" lon="-119.194286">
        <name>man/2:00/2500</name>
      </trkpt>
      <trkpt lat="40.784897" lon="-119.194397">
        <name>man/2:05/2500</name>
      </trkpt>
      <trkpt lat="40.784614" lon="-119.194523">
        <name>man/2:10/2500</name>
      </trkpt>
      <trkpt lat="40.784336" lon="-119.194666">
        <name>man/2:15/2500</name>
      </trkpt>
      <trkpt lat="40.784062" lon="-119.194824">
        <name>man/2:20/2500</name>
      </trkpt>
      <trkpt lat="40.783794" lon="-119.194998">
        <name>man/2:25/2500</name>
      </trkpt>
      <trkpt lat="40.783532" lon="-119.195187">
        <name>man/2:30/2500</name>
      </trkpt>
      <trkpt lat="40.783276" lon="-119.195391">
        <name>man/2:35/2500</name>
      </trkpt>
      <trkpt lat="40.783028" lon="-119.195610">
        <name>man/2:40/2500</name>
      </trkpt>
      <trkpt lat="40.782787" lon="-119.195842">
        <name>man/2:45/2500</name>
      </trkpt>
      <trkpt lat="40.782553" lon="-119.196089">
        <name>man/2:50/2500</name>
      </trkpt>
      <trkpt lat="40.782329" lon="-119.196348">
        <name>man/2:55/2500</name>
      </trkpt>
      <trkpt lat="40.782113" lon="-119.196620">
        <name>man/3:00/2500</name>
      </trkpt>
      <trkpt lat="40.781906" lon="-119.196904">
        <name>man/3:05/2500</name>
      </trkpt>
      <trkpt lat="40.781709" lon="-119.197200">
        <name>man/3:10/2500</name>
      </trkpt>
      <trkpt lat="40.781522" lon="-119.197506">
        <name>man/3:15/2500</name>
      </trkpt>
      <trkpt lat="40.781345" lon="-119.197824">
        <name>man/3:20/2500</name>
      </trkpt>
      <trkpt lat="40.781179" lon="-119.198151">
        <name>man/3:25/2500</name>
      </trkpt>
      <trkpt lat="40.781024" lon="-119.198487">
        <name>man/3:30/2500</name>
      </trkpt>
      <trkpt lat="40.780880" lon="-119.198832">
        <name>man/3:35/2500</name>
      </trkpt>
      <trkpt lat="40.780748" lon="-119.199184">
        <name>man/3:40/2500</name>
      </trkpt>
      <trkpt lat="40.780627" lon="-119.199544">
        <name>man/3:45/2500</name>
      </trkpt>
      <trkpt lat="40.780519" lon="-119.199911">
        <name>man/3:50/2500</name>
      </trkpt>
      <trkpt lat="40.780423" lon="-119.200283">
        <name>man/3:55/2500</name>
      </trkpt>
      <trkpt lat="40.780339" lon="-119.200661">
        <name>man/4:00/2500</name>
      </trkpt>
      <trkpt lat="40.780268" lon="-119.201043">
        <name>man/4:05/2500</name>
      </trkpt>
      <trkpt lat="40.780210" lon="-119.201429">
        <name>man/4:10/2500</name>
      </trkpt>
      <trkpt lat="40.780165" lon="-119.201817">
        <name>man/4:15/2500</name>
      </trkpt>
      <trkpt lat="40.780132" lon="-119.202208">
        <name>man/4:20/2500</name>
      </trkpt>
      <trkpt lat="40.780112" lon="-119.202601">
        <name>man/4:25/2500</name>
      </trkpt>
      <trkpt lat="40.780106" lon="-119.202994">
        <name>man/4:30/2500</name>
      </trkpt>
      <trkpt lat="40.780112" lon="-119.203387">
        <name>man/4:35/2500</name>
      </trkpt>
      <trkpt lat="40.780132" lon="-119.203780">
        <name>man/4:40/2500</name>
      </trkpt>
      <trkpt lat="40.780165" lon="-119.204171">
        <name>man/4:45/2500</name>
      </trkpt>
      <trkpt lat="40.780210" lon="-119.204559">
        <name>man/4:50/2500</name>
      </trkpt>
      <trkpt lat="40.780268" lon="-119.204945">
        <name>man/4:55/2500</name>
      </trkpt>
      <trkpt lat="40.780339" lon="-119.205327">
        <name>man/5:00/2500</name>
      </trkpt>
      <trkpt lat="40.780423" lon="-119.205705">
        <name>man/5:05/2500</name>
      </trkpt>
      <trkpt lat="40.780519" lon="-119.206077">
        <name>man/5:10/2500</name>
      </trkpt>
      <trkpt lat="40.780627" lon="-119.206444">
        <name>man/5:15/2500</name>
      </trkpt>
      <trkpt lat="40.780748" lon="-119.206804">
        <name>man/5:20/2500</name>
      </trkpt>
      <trkpt lat="40.780880" lon="-119.207156">
        <name>man/5:25/2500</name>
      </trkpt>
      <trkpt lat="40.781024" lon="-119.207501">
        <name>man/5:30/2500</name>
      </trkpt>
      <trkpt lat="40.781179" lon="-119.207837">
        <name>man/5:35/2500</name>
      </trkpt>
    </trkseg>
    <trkseg>
      <trkpt lat="40.781179" lon="-119.207837" />
      <trkpt lat="40.781331" lon="-119.207853">
        <name>cc/1:20/776</name>
      </trkpt>
      <trkpt lat="40.781515" lon="-119.207885">
        <name>cc/1:10/776</name>
      </trkpt>
      <trkpt lat="40.781696" lon="-119.207938">
        <name>cc/1:00/776</name>
      </trkpt>
      <trkpt lat="40.781873" lon="-119.208011">
        <name>cc/12:50/776</name>
      </trkpt>
      <trkpt lat="40.782044" lon="-119.208104">
        <name>cc/12:40/776</name>
      </trkpt>
      <trkpt lat="40.782209" lon="-119.208217">
        <name>cc/12:30/776</name>
      </trkpt>
      <trkpt lat="40.782365" lon="-119.208348">
        <name>cc/12:20/776</name>
      </trkpt>
      <trkpt lat="40.782513" lon="-119.208497">
        <name>cc/12:10/776</name>
      </trkpt>
      <trkpt lat="40.782649" lon="-119.208662">
        <name>cc/12:00/776</name>
      </trkpt>
      <trkpt lat="40.782775" lon="-119.208842">
        <name>cc/11:50/776</name>
      </trkpt>
      <trkpt lat="40.782888" lon="-119.209035">
        <name>cc/11:40/776</name>
      </trkpt>
      <trkpt lat="40.782987" lon="-119.209241">
        <name>cc/11:30/776</name>
      </trkpt>
      <trkpt lat="40.783073" lon="-119.209458">
        <name>cc/11:20/776</name>
      </trkpt>
      <trkpt lat="40.783144" lon="-119.209683">
        <name>cc/11:10/776</name>
      </trkpt>
      <trkpt lat="40.783200" lon="-119.209916">
        <name>cc/11:00/776</name>
      </trkpt>
      <trkpt lat="40.783240" lon="-119.210154">
        <name>cc/10:50/776</name>
      </trkpt>
      <trkpt lat="40.783264" lon="-119.210396">
        <name>cc/10:40/776</name>
      </trkpt>
      <trkpt lat="40.783276" lon="-119.210597" />
    </trkseg>
    <trkseg>
      <trkpt lat="40.783276" lon="-119.210597" />
      <trkpt lat="40.783276" lon="-119.210597">
        <name>man/6:25/2500</name>
      </trkpt>
      <trkpt lat="40.783532" lon="-119.210801">
        <name>man/6:30/2500</name>
      </trkpt>
      <trkpt lat="40.783794" lon="-119.210990">
        <name>man/6:35/2500</name>
      </trkpt>
      <trkpt lat="40.784062" lon="-119.211164">
        <name>man/6:40/2500</name>
      </trkpt>
      <trkpt lat="40.784336" lon="-119.211322">
        <name>man/6:45/2500</name>
      </trkpt>
      <trkpt lat="40.784614" lon="-119.211465">
        <name>man/6:50/2500</name>
      </trkpt>
      <trkpt lat="40.784897" lon="-119.211591">
        <name>man/6:55/2500</name>
      </trkpt>
      <trkpt lat="40.785184" lon="-119.211702">
        <name>man/7:00/2500</name>
      </trkpt>
      <trkpt lat="40.785475" lon="-119.211795">
        <name>man/7:05/2500</name>
      </trkpt>
      <trkpt lat="40.785768" lon="-119.211872">
        <name>man/7:10/2500</name>
      </trkpt>
      <trkpt lat="40.786063" lon="-119.211932">
        <name>man/7:15/2500</name>
      </trkpt>
      <trkpt lat="40.786360" lon="-119.211975">
        <name>man/7:20/2500</name>
      </trkpt>
      <trkpt lat="40.786659" lon="-119.212000">
        <name>man/7:25/2500</name>
      </trkpt>
      <trkpt lat="40.786958" lon="-119.212009">
        <name>man/7:30/2500</name>
      </trkpt>
      <trkpt lat="40.787257" lon="-119.212000">
        <name>man/7:35/2500</name>
      </trkpt>
      <trkpt lat="40.787555" lon="-119.211975">
        <name>man/7:40/2500</name>
      </trkpt>
      <trkpt lat="40.787852" lon="-119.211932">
        <name>man/7:45/2500</name>
      </trkpt>
      <trkpt lat="40.788148" lon="-119.211872">
        <name>man/7:50/2500</name>
      </trkpt>
      <trkpt lat="40.788441" lon="-119.211795">
        <name>man/7:55/2500</name>
      </trkpt>
      <trkpt lat="40.788731" lon="-119.211702">
        <name>man/8:00/2500</name>
      </trkpt>
      <trkpt lat="40.789018" lon="-119.211592">
        <name>man/8:05/2500</name>
      </trkpt>
      <trkpt lat="40.789301" lon="-119.211466">
        <name>man/8:10/2500</name>
      </trkpt>
      <trkpt lat="40.789580" lon="-119.211323">
        <name>man/8:15/2500</name>
      </trkpt>
      <trkpt lat="40.789854" lon="-119.211165">
        <name>man/8:20/2500</name>
      </trkpt>
      <trkpt lat="40.790122" lon="-119.210991">
        <name>man/8:25/2500</name>
      </trkpt>
      <trkpt lat="40.790384" lon="-119.210802">
        <name>man/8:30/2500</name>
      </trkpt>
      <trkpt lat="40.790639" lon="-119.210598">
        <name>man/8:35/2500</name>
      </trkpt>
      <trkpt lat="40.790888" lon="-119.210379">
        <name>man/8:40/2500</name>
      </trkpt>
      <trkpt lat="40.791129" lon="-119.210147">
        <name>man/8:45/2500</name>
      </trkpt>
      <trkpt lat="40.791362" lon="-119.209900">
        <name>man/8:50/2500</name>
      </trkpt>
      <trkpt lat="40.791587" lon="-119.209641">
        <name>man/8:55/2500</name>
      </trkpt>
      <trkpt lat="40.791803" lon="-119.209369">
        <name>man/9:00/2500</name>
      </trkpt>
      <trkpt lat="40.792010" lon="-119.209085">
        <name>man/9:05/2500</name>
      </trkpt>
      <trkpt lat="40.792207" lon="-119.208789">
        <name>man/9:10/2500</name>
      </trkpt>
      <trkpt lat="40.792394" lon="-119.208482">
        <name>man/9:15/2500</name>
      </trkpt>
      <trkpt lat="40.792571" lon="-119.208165">
        <name>man/9:20/2500</name>
      </trkpt>
      <trkpt lat="40.792737" lon="-119.207838">
        <name>man/9:25/2500</name>
      </trkpt>
      <trkpt lat="40.792892" lon="-119.207502">
        <name>man/9:30/2500</name>
      </trkpt>
      <trkpt lat="40.793036" lon="-119.207157">
        <name>man/9:35/2500</name>
      </trkpt>
      <trkpt lat="40.793168" lon="-119.206804">
        <name>man/9:40/2500</name>
      </trkpt>
      <trkpt lat="40.793288" lon="-119.206444">
        <name>man/9:45/2500</name>
      </trkpt>
      <trkpt lat="40.793397" lon="-119.206078">
        <name>man/9:50/2500</name>
      </trkpt>
      <trkpt lat="40.793493" lon="-119.205705">
        <name>man/9:55/2500</name>
      </trkpt>
      <trkpt lat="40.793577" lon="-119.205327">
        <name>man/10:00/2500</name>
      </trkpt>
    </trkseg>
  </trk>
  <trk>
    <name>Farmer</name>
    <trkseg>
      <trkpt lat="40.783733" lon="-119.187164">
        <name>man/2:00/4545</name>
      </trkpt>
      <trkpt lat="40.783211" lon="-119.187364">
        <name>man/2:05/4545</name>
      </trkpt>
      <trkpt lat="40.782696" lon="-119.187594">
        <name>man/2:10/4545</name>
      </trkpt>
      <trkpt lat="40.782190" lon="-119.187853">
        <name>man/2:15/4545</name>
      </trkpt>
      <trkpt lat="40.781692" lon="-119.188141">
        <name>man/2:20/4545</name>
      </trkpt>
      <trkpt lat="40.781205" lon="-119.188458">
        <name>man/2:25/4545</name>
      </trkpt>
      <trkpt lat="40.780729" lon="-119.188802">
        <name>man/2:30/4545</name>
      </trkpt>
      <trkpt lat="40.780264" lon="-119.189173">
        <name>man/2:35/4545</name>
      </trkpt>
      <trkpt lat="40.779812" lon="-119.189570">
        <name>man/2:40/4545</name>
      </trkpt>
      <trkpt lat="40.779374" lon="-119.189993">
        <name>man/2:45/4545</name>
      </trkpt>
      <trkpt lat="40.778950" lon="-119.190441">
        <name>man/2:50/4545</name>
      </trkpt>
      <trkpt lat="40.778542" lon="-119.190912">
        <name>man/2:55/4545</name>
      </trkpt>
      <trkpt lat="40.778149" lon="-119.191407">
        <name>man/3:00/4545</name>
      </trkpt>
      <trkpt lat="40.777773" lon="-119.191923">
        <name>man/3:05/4545</name>
      </trkpt>
      <trkpt lat="40.777415" lon="-119.192461">
        <name>man/3:10/4545</name>
      </trkpt>
      <trkpt lat="40.777075" lon="-119.193018">
        <name>man/3:15/4545</name>
      </trkpt>
      <trkpt lat="40.776753" lon="-119.193595">
        <name>man/3:20/4545</name>
      </trkpt>
      <trkpt lat="40.776451" lon="-119.194189">
        <name>man/3:25/4545</name>
      </trkpt>
      <trkpt lat="40.776170" lon="-119.194801">
        <name>man/3:30/4545</name>
      </trkpt>
      <trkpt lat="40.775908" lon="-119.195428">
        <name>man/3:35/4545</name>
      </trkpt>
      <trkpt lat="40.775668" lon="-119.196069">
        <name>man/3:40/4545</name>
      </trkpt>
      <trkpt lat="40.775449" lon="-119.196723">
        <name>man/3:45/4545</name>
      </trkpt>
      <trkpt lat="40.775252" lon="-119.197390">
        <name>man/3:50/4545</name>
      </trkpt>
      <trkpt lat="40.775077" lon="-119.198067">
        <name>man/3:55/4545</name>
      </trkpt>
      <trkpt lat="40.774925" lon="-119.198753">
        <name>man/4:00/4545</name>
      </trkpt>
      <trkpt lat="40.774796" lon="-119.199447">
        <name>man/4:05/4545</name>
      </trkpt>
      <trkpt lat="40.774690" lon="-119.200149">
        <name>man/4:10/4545</name>
      </trkpt>
      <trkpt lat="40.774607" lon="-119.200855">
        <name>man/4:15/4545</name>
      </trkpt>
      <trkpt lat="40.774548" lon="-119.201566">
        <name>man/4:20/4545</name>
      </trkpt>
      <trkpt lat="40.774513" lon="-119.202279">
        <name>man/4:25/4545</name>
      </trkpt>
      <trkpt lat="40.774501" lon="-119.202994">
        <name>man/4:30/4545</name>
      </trkpt>
      <trkpt lat="40.774513" lon="-119.203709">
        <name>man/4:35/4545</name>
      </trkpt>
      <trkpt lat="40.774548" lon="-119.204422">
        <name>man/4:40/4545</name>
      </trkpt>
      <trkpt lat="40.774607" lon="-119.205133">
        <name>man/4:45/4545</name>
      </trkpt>
      <trkpt lat="40.774690" lon="-119.205839">
        <name>man/4:50/4545</name>
      </trkpt>
      <trkpt lat="40.774796" lon="-119.206541">
        <name>man/4:55/4545</name>
      </trkpt>
      <trkpt lat="40.774925" lon="-119.207235">
        <name>man/5:00/4545</name>
      </trkpt>
      <trkpt lat="40.775077" lon="-119.207921">
        <name>man/5:05/4545</name>
      </trkpt>
      <trkpt lat="40.775252" lon="-119.208598">
        <name>man/5:10/4545</name>
      </trkpt>
      <trkpt lat="40.775449" lon="-119.209265">
        <name>man/5:15/4545</name>
      </trkpt>
      <trkpt lat="40.775668" lon="-119.209919">
        <name>man/5:20/4545</name>
      </trkpt>
      <trkpt lat="40.775908" lon="-119.210560">
        <name>man/5:25/4545</name>
      </trkpt>
      <trkpt lat="40.776170" lon="-119.211187">
        <name>man/5:30/4545</name>
      </trkpt>
      <trkpt lat="40.776451" lon="-119.211799">
        <name>man/5:35/4545</name>
      </trkpt>
      <trkpt lat="40.776753" lon="-119.212393">
        <name>man/5:40/4545</name>
      </trkpt>
      <trkpt lat="40.777075" lon="-119.212970">
        <name>man/5:45/4545</name>
      </trkpt>
      <trkpt lat="40.777415" lon="-119.213527">
        <name>man/5:50/4545</name>
      </trkpt>
      <trkpt lat="40.777773" lon="-119.214065">
        <name>man/5:55/4545</name>
      </trkpt>
      <trkpt lat="40.778149" lon="-119.214581">
        <name>man/6:00/4545</name>
      </trkpt>
    </trkseg>
    <trkseg>
      <trkpt lat="40.778149" lon="-119.214581">
        <name>man/6:00/4545</name>
      </trkpt>
      <trkpt lat="40.778542" lon="-119.215076">
        <name>man/6:05/4545</name>
      </trkpt>
      <trkpt lat="40.778950" lon="-119.215547">
        <name>man/6:10/4545</name>
      </trkpt>
      <trkpt lat="40.779374" lon="-119.215995">
        <name>man/6:15/4545</name>
      </trkpt>
      <trkpt lat="40.779812" lon="-119.216418">
        <name>man/6:20/4545</name>
      </trkpt>
      <trkpt lat="40.780264" lon="-119.216815">
        <name>man/6:25/4545</name>
      </trkpt>
      <trkpt lat="40.780729" lon="-119.217186">
        <name>man/6:30/4545</name>
      </trkpt>
      <trkpt lat="40.781205" lon="-119.217530">
        <name>man/6:35/4545</name>
      </trkpt>
      <trkpt lat="40.781692" lon="-119.217847">
        <name>man/6:40/4545</name>
      </trkpt>
      <trkpt lat="40.782190" lon="-119.218135">
        <name>man/6:45/4545</name>
      </trkpt>
      <trkpt lat="40.782696" lon="-119.218394">
        <name>man/6:50/4545</name>
      </trkpt>
      <trkpt lat="40.783211" lon="-119.218624">
        <name>man/6:55/4545</name>
      </trkpt>
      <trkpt lat="40.783733" lon="-119.218824">
        <name>man/7:00/4545</name>
      </trkpt>
      <trkpt lat="40.784261" lon="-119.218994">
        <name>man/7:05/4545</name>
      </trkpt>
      <trkpt lat="40.784794" lon="-119.219134">
        <name>man/7:10/4545</name>
      </trkpt>
      <trkpt lat="40.785331" lon="-119.219243">
        <name>man/7:15/4545</name>
      </trkpt>
      <trkpt lat="40.785871" lon="-119.219321">
        <name>man/7:20/4545</name>
      </trkpt>
      <trkpt lat="40.786413" lon="-119.219368">
        <name>man/7:25/4545</name>
      </trkpt>
      <trkpt lat="40.786957" lon="-119.219383">
        <name>man/7:30/4545</name>
      </trkpt>
      <trkpt lat="40.787500" lon="-119.219368">
        <name>man/7:35/4545</name>
      </trkpt>
      <trkpt lat="40.788043" lon="-119.219321">
        <name>man/7:40/4545</name>
      </trkpt>
      <trkpt lat="40.788583" lon="-119.219243">
        <name>man/7:45/4545</name>
      </trkpt>
      <trkpt lat="40.789120" lon="-119.219135">
        <name>man/7:50/4545</name>
      </trkpt>
      <trkpt lat="40.789653" lon="-119.218995">
        <name>man/7:55/4545</name>
      </trkpt>
      <trkpt lat="40.790181" lon="-119.218826">
        <name>man/8:00/4545</name>
      </trkpt>
      <trkpt lat="40.790703" lon="-119.218626">
        <name>man/8:05/4545</name>
      </trkpt>
      <trkpt lat="40.791218" lon="-119.218396">
        <name>man/8:10/4545</name>
      </trkpt>
      <trkpt lat="40.791724" lon="-119.218137">
        <name>man/8:15/4545</name>
      </trkpt>
      <trkpt lat="40.792222" lon="-119.217849">
        <name>man/8:20/4545</name>
      </trkpt>
      <trkpt lat="40.792709" lon="-119.217533">
        <name>man/8:25/4545</name>
      </trkpt>
      <trkpt lat="40.793186" lon="-119.217189">
        <name>man/8:30/4545</name>
      </trkpt>
      <trkpt lat="40.793650" lon="-119.216818">
        <name>man/8:35/4545</name>
      </trkpt>
      <trkpt lat="40.794102" lon="-119.216421">
        <name>man/8:40/4545</name>
      </trkpt>
      <trkpt lat="40.794541" lon="-119.215998">
        <name>man/8:45/4545</name>
      </trkpt>
      <trkpt lat="40.794965" lon="-119.215550">
        <name>man/8:50/4545</name>
      </trkpt>
      <trkpt lat="40.795373" lon="-119.215079">
        <name>man/8:55/4545</name>
      </trkpt>
      <trkpt lat="40.795766" lon="-119.214584">
        <name>man/9:00/4545</name>
      </trkpt>
      <trkpt lat="40.796142" lon="-119.214068">
        <name>man/9:05/4545</name>
      </trkpt>
      <trkpt lat="40.796500" lon="-119.213530">
        <name>man/9:10/4545</name>
      </trkpt>
      <trkpt lat="40.796840" lon="-119.212973">
        <name>man/9:15/4545</name>
      </trkpt>
      <trkpt lat="40.797162" lon="-119.212396">
        <name>man/9:20/4545</name>
      </trkpt>
      <trkpt lat="40.797464" lon="-119.211801">
        <name>man/9:25/4545</name>
      </trkpt>
      <trkpt lat="40.797746" lon="-119.211190">
        <name>man/9:30/4545</name>
      </trkpt>
      <trkpt lat="40.798007" lon="-119.210563">
        <name>man/9:35/4545</name>
      </trkpt>
      <trkpt lat="40.798248" lon="-119.209922">
        <name>man/9:40/4545</name>
      </trkpt>
      <trkpt lat="40.798467" lon="-119.209267">
        <name>man/9:45/4545</name>
      </trkpt>
      <trkpt lat="40.798664" lon="-119.208600">
        <name>man/9:50/4545</name>
      </trkpt>
      <trkpt lat="40.798838" lon="-119.207923">
        <name>man/9:55/4545</name>
      </trkpt>
      <trkpt lat="40.798990" lon="-119.207237">
        <name>man/10:00/4545</name>
      </trkpt>
    </trkseg>
  </trk>
  <trk>
    <name>Gibson</name>
    <trkseg>
      <trkpt lat="40.783534" lon="-119.186189">
        <name>man/2:00/4825</name>
      </trkpt>
      <trkpt lat="40.782980" lon="-119.186401">
        <name>man/2:05/4825</name>
      </trkpt>
      <trkpt lat="40.782434" lon="-119.186645">
        <name>man/2:10/4825</name>
      </trkpt>
      <trkpt lat="40.781896" lon="-119.186921">
        <name>man/2:15/4825</name>
      </trkpt>
      <trkpt lat="40.781368" lon="-119.187227">
        <name>man/2:20/4825</name>
      </trkpt>
      <trkpt lat="40.780851" lon="-119.187562">
        <name>man/2:25/4825</name>
      </trkpt>
      <trkpt lat="40.780345" lon="-119.187928">
        <name>man/2:30/4825</name>
      </trkpt>
      <trkpt lat="40.779852" lon="-119.188321">
        <name>man/2:35/4825</name>
      </trkpt>
      <trkpt lat="40.779372" lon="-119.188743">
        <name>man/2:40/4825</name>
      </trkpt>
      <trkpt lat="40.778907" lon="-119.189192">
        <name>man/2:45/4825</name>
      </trkpt>
      <trkpt lat="40.778457" lon="-119.189667">
        <name>man/2:50/4825</name>
      </trkpt>
      <trkpt lat="40.778023" lon="-119.190168">
        <name>man/2:55/4825</name>
      </trkpt>
      <trkpt lat="40.777606" lon="-119.190693">
        <name>man/3:00/4825</name>
      </trkpt>
      <trkpt lat="40.777207" lon="-119.191241">
        <name>man/3:05/4825</name>
      </trkpt>
      <trkpt lat="40.776827" lon="-119.191812">
        <name>man/3:10/4825</name>
      </trkpt>
      <trkpt lat="40.776466" lon="-119.192404">
        <name>man/3:15/4825</name>
      </trkpt>
      <trkpt lat="40.776125" lon="-119.193016">
        <name>man/3:20/4825</name>
      </trkpt>
      <trkpt lat="40.775804" lon="-119.193647">
        <name>man/3:25/4825</name>
      </trkpt>
      <trkpt lat="40.775505" lon="-119.194296">
        <name>man/3:30/4825</name>
      </trkpt>
      <trkpt lat="40.775227" lon="-119.194961">
        <name>man/3:35/4825</name>
      </trkpt>
      <trkpt lat="40.774972" lon="-119.195642">
        <name>man/3:40/4825</name>
      </trkpt>
      <trkpt lat="40.774740" lon="-119.196337">
        <name>man/3:45/4825</name>
      </trkpt>
      <trkpt lat="40.774531" lon="-119.197044">
        <name>man/3:50/4825</name>
      </trkpt>
      <trkpt lat="40.774345" lon="-119.197763">
        <name>man/3:55/4825</name>
      </trkpt>
      <trkpt lat="40.774184" lon="-119.198492">
        <name>man/4:00/4825</name>
      </trkpt>
      <trkpt lat="40.774047" lon="-119.199229">
        <name>man/4:05/4825</name>
      </trkpt>
      <trkpt lat="40.773934" lon="-119.199973">
        <name>man/4:10/4825</name>
      </trkpt>
      <trkpt lat="40.773847" lon="-119.200723">
        <name>man/4:15/4825</name>
      </trkpt>
      <trkpt lat="40.773784" lon="-119.201478">
        <name>man/4:20/4825</name>
      </trkpt>
      <trkpt lat="40.773746" lon="-119.202235">
        <name>man/4:25/4825</name>
      </trkpt>
      <trkpt lat="40.773734" lon="-119.202994">
        <name>man/4:30/4825</name>
      </trkpt>
      <trkpt lat="40.773746" lon="-119.203753">
        <name>man/4:35/4825</name>
      </trkpt>
      <trkpt lat="40.773784" lon="-119.204510">
        <name>man/4:40/4825</name>
      </trkpt>
      <trkpt lat="40.773847" lon="-119.205265">
        <name>man/4:45/4825</name>
      </trkpt>
      <trkpt lat="40.773934" lon="-119.206015">
        <name>man/4:50/4825</name>
      </trkpt>
      <trkpt lat="40.774047" lon="-119.206759">
        <name>man/4:55/4825</name>
      </trkpt>
      <trkpt lat="40.774184" lon="-119.207496">
        <name>man/5:00/4825</name>
      </trkpt>
      <trkpt lat="40.774345" lon="-119.208225">
        <name>man/5:05/4825</name>
      </trkpt>
      <trkpt lat="40.774531" lon="-119.208944">
        <name>man/5:10/4825</name>
      </trkpt>
      <trkpt lat="40.774740" lon="-119.209651">
        <name>man/5:15/4825</name>
      </trkpt>
      <trkpt lat="40.774972" lon="-119.210346">
        <name>man/5:20/4825</name>
      </trkpt>
      <trkpt lat="40.775227" lon="-119.211027">
        <name>man/5:25/4825</name>
      </trkpt>
      <trkpt lat="40.775505" lon="-119.211692">
        <name>man/5:30/4825</name>
      </trkpt>
      <trkpt lat="40.775804" lon="-119.212341">
        <name>man/5:35/4825</name>
      </trkpt>
      <trkpt lat="40.776125" lon="-119.212972">
        <name>man/5:40/4825</name>
      </trkpt>
      <trkpt lat="40.776466" lon="-119.213584">
        <name>man/5:45/4825</name>
      </trkpt>
      <trkpt lat="40.776827" lon="-119.214176">
        <name>man/5:50/4825</name>
      </trkpt>
      <trkpt lat="40.777207" lon="-119.214747">
        <name>man/5:55/4825</name>
      </trkpt>
      <trkpt lat="40.777606" lon="-119.215295">
        <name>man/6:00/4825</name>
      </trkpt>
    </trkseg>
    <trkseg>
      <trkpt lat="40.777606" lon="-119.215295">
        <name>man/6:00/4825</name>
      </trkpt>
      <trkpt lat="40.778023" lon="-119.215820">
        <name>man/6:05/4825</name>
      </trkpt>
      <trkpt lat="40.778457" lon="-119.216321">
        <name>man/6:10/4825</name>
      </trkpt>
      <trkpt lat="40.778907" lon="-119.216796">
        <name>man/6:15/4825</name>
      </trkpt>
      <trkpt lat="40.779372" lon="-119.217245">
        <name>man/6:20/4825</name>
      </trkpt>
      <trkpt lat="40.779852" lon="-119.217667">
        <name>man/6:25/4825</name>
      </trkpt>
      <trkpt lat="40.780345" lon="-119.218060">
        <name>man/6:30/4825</name>
      </trkpt>
      <trkpt lat="40.780851" lon="-119.218426">
        <name>man/6:35/4825</name>
      </trkpt>
      <trkpt lat="40.781368" lon="-119.218761">
        <name>man/6:40/4825</name>
      </trkpt>
      <trkpt lat="40.781896" lon="-119.219067">
        <name>man/6:45/4825</name>
      </trkpt>
      <trkpt lat="40.782434" lon="-119.219343">
        <name>man/6:50/4825</name>
      </trkpt>
      <trkpt lat="40.782980" lon="-119.219587">
        <name>man/6:55/4825</name>
      </trkpt>
      <trkpt lat="40.783534" lon="-119.219799">
        <name>man/7:00/4825</name>
      </trkpt>
      <trkpt lat="40.784094" lon="-119.219980">
        <name>man/7:05/4825</name>
      </trkpt>
      <trkpt lat="40.784660" lon="-119.220128">
        <name>man/7:10/4825</name>
      </trkpt>
      <trkpt lat="40.785231" lon="-119.220244">
        <name>man/7:15/4825</name>
      </trkpt>
      <trkpt lat="40.785804" lon="-119.220326">
        <name>man/7:20/4825</name>
      </trkpt>
      <trkpt lat="40.786380" lon="-119.220376">
        <name>man/7:25/4825</name>
      </trkpt>
      <trkpt lat="40.786957" lon="-119.220393">
        <name>man/7:30/4825</name>
      </trkpt>
      <trkpt lat="40.787534" lon="-119.220377">
        <name>man/7:35/4825</name>
      </trkpt>
      <trkpt lat="40.788109" lon="-119.220327">
        <name>man/7:40/4825</name>
      </trkpt>
      <trkpt lat="40.788683" lon="-119.220245">
        <name>man/7:45/4825</name>
      </trkpt>
      <trkpt lat="40.789253" lon="-119.220129">
        <name>man/7:50/4825</name>
      </trkpt>
      <trkpt lat="40.789819" lon="-119.219981">
        <name>man/7:55/4825</name>
      </trkpt>
      <trkpt lat="40.790380" lon="-119.219801">
        <name>man/8:00/4825</name>
      </trkpt>
      <trkpt lat="40.790933" lon="-119.219589">
        <name>man/8:05/4825</name>
      </trkpt>
      <trkpt lat="40.791480" lon="-119.219345">
        <name>man/8:10/4825</name>
      </trkpt>
      <trkpt lat="40.792018" lon="-119.219070">
        <name>man/8:15/4825</name>
      </trkpt>
      <trkpt lat="40.792546" lon="-119.218764">
        <name>man/8:20/4825</name>
      </trkpt>
      <trkpt lat="40.793063" lon="-119.218428">
        <name>man/8:25/4825</name>
      </trkpt>
      <trkpt lat="40.793569" lon="-119.218063">
        <name>man/8:30/4825</name>
      </trkpt>
      <trkpt lat="40.794063" lon="-119.217670">
        <name>man/8:35/4825</name>
      </trkpt>
      <trkpt lat="40.794542" lon="-119.217248">
        <name>man/8:40/4825</name>
      </trkpt>
      <trkpt lat="40.795008" lon="-119.216799">
        <name>man/8:45/4825</name>
      </trkpt>
      <trkpt lat="40.795458" lon="-119.216324">
        <name>man/8:50/4825</name>
      </trkpt>
      <trkpt lat="40.795892" lon="-119.215824">
        <name>man/8:55/4825</name>
      </trkpt>
      <trkpt lat="40.796308" lon="-119.215299">
        <name>man/9:00/4825</name>
      </trkpt>
      <trkpt lat="40.796707" lon="-119.214750">
        <name>man/9:05/4825</name>
      </trkpt>
      <trkpt lat="40.797088" lon="-119.214180">
        <name>man/9:10/4825</name>
      </trkpt>
      <trkpt lat="40.797449" lon="-119.213587">
        <name>man/9:15/4825</name>
      </trkpt>
      <trkpt lat="40.797790" lon="-119.212975">
        <name>man/9:20/4825</name>
      </trkpt>
      <trkpt lat="40.798111" lon="-119.212344">
        <name>man/9:25/4825</name>
      </trkpt>
      <trkpt lat="40.798410" lon="-119.211695">
        <name>man/9:30/4825</name>
      </trkpt>
      <trkpt lat="40.798688" lon="-119.211029">
        <name>man/9:35/4825</name>
      </trkpt>
      <trkpt lat="40.798943" lon="-119.210348">
        <name>man/9:40/4825</name>
      </trkpt>
      <trkpt lat="40.799176" lon="-119.209654">
        <name>man/9:45/4825</name>
      </trkpt>
      <trkpt lat="40.799385" lon="-119.208946">
        <name>man/9:50/4825</name>
      </trkpt>
      <trkpt lat="40.799570" lon="-119.208227">
        <name>man/9:55/4825</name>
      </trkpt>
      <trkpt lat="40.799732" lon="-119.207498">
        <name>man/10:00/4825</name>
      </trkpt>
    </trkseg>
  </trk>
  <trk>
    <name>Herbert</name>
    <trkseg>
      <trkpt lat="40.783335" lon="-119.185214">
        <name>man/2:00/5105</name>
      </trkpt>
      <trkpt lat="40.782749" lon="-119.185438">
        <name>man/2:05/5105</name>
      </trkpt>
      <trkpt lat="40.782171" lon="-119.185697">
        <name>man/2:10/5105</name>
      </trkpt>
      <trkpt lat="40.781602" lon="-119.185988">
        <name>man/2:15/5105</name>
      </trkpt>
      <trkpt lat="40.781044" lon="-119.186312">
        <name>man/2:20/5105</name>
      </trkpt>
      <trkpt lat="40.780496" lon="-119.186667">
        <name>man/2:25/5105</name>
      </trkpt>
      <trkpt lat="40.779961" lon="-119.187053">
        <name>man/2:30/5105</name>
      </trkpt>
      <trkpt lat="40.779439" lon="-119.187470">
        <name>man/2:35/5105</name>
      </trkpt>
      <trkpt lat="40.778932" lon="-119.187916">
        <name>man/2:40/5105</name>
      </trkpt>
      <trkpt lat="40.778439" lon="-119.188391">
        <name>man/2:45/5105</name>
      </trkpt>
      <trkpt lat="40.777963" lon="-119.188894">
        <name>man/2:50/5105</name>
      </trkpt>
      <trkpt lat="40.777504" lon="-119.189424">
        <name>man/2:55/5105</name>
      </trkpt>
      <trkpt lat="40.777063" lon="-119.189979">
        <name>man/3:00/5105</name>
      </trkpt>
      <trkpt lat="40.776641" lon="-119.190559">
        <name>man/3:05/5105</name>
      </trkpt>
      <trkpt lat="40.776239" lon="-119.191163">
        <name>man/3:10/5105</name>
      </trkpt>
      <trkpt lat="40.775857" lon="-119.191789">
        <name>man/3:15/5105</name>
      </trkpt>
      <trkpt lat="40.775496" lon="-119.192437">
        <name>man/3:20/5105</name>
      </trkpt>
      <trkpt lat="40.775157" lon="-119.193105">
        <name>man/3:25/5105</name>
      </trkpt>
      <trkpt lat="40.774840" lon="-119.193791">
        <name>man/3:30/5105</name>
      </trkpt>
      <trkpt lat="40.774547" lon="-119.194495">
        <name>man/3:35/5105</name>
      </trkpt>
      <trkpt lat="40.774277" lon="-119.195216">
        <name>man/3:40/5105</name>
      </trkpt>
      <trkpt lat="40.774031" lon="-119.195951">
        <name>man/3:45/5105</name>
      </trkpt>
      <trkpt lat="40.773810" lon="-119.196699">
        <name>man/3:50/5105</name>
      </trkpt>
      <trkpt lat="40.773614" lon="-119.197460">
        <name>man/3:55/5105</name>
      </trkpt>
      <trkpt lat="40.773443" lon="-119.198230">
        <name>man/4:00/5105</name>
      </trkpt>
      <trkpt lat="40.773298" lon="-119.199010">
        <name>man/4:05/5105</name>
      </trkpt>
      <trkpt lat="40.773179" lon="-119.199798">
        <name>man/4:10/5105</name>
      </trkpt>
      <trkpt lat="40.773086" lon="-119.200592">
        <name>man/4:15/5105</name>
      </trkpt>
      <trkpt lat="40.773019" lon="-119.201390">
        <name>man/4:20/5105</name>
      </trkpt>
      <trkpt lat="40.772979" lon="-119.202191">
        <name>man/4:25/5105</name>
      </trkpt>
      <trkpt lat="40.772966" lon="-119.202994">
        <name>man/4:30/5105</name>
      </trkpt>
      <trkpt lat="40.772979" lon="-119.203797">
        <name>man/4:35/5105</name>
      </trkpt>
      <trkpt lat="40.773019" lon="-119.204598">
        <name>man/4:40/5105</name>
      </trkpt>
      <trkpt lat="40.773086" lon="-119.205396">
        <name>man/4:45/5105</name>
      </trkpt>
      <trkpt lat="40.773179" lon="-119.206190">
        <name>man/4:50/5105</name>
      </trkpt>
      <trkpt lat="40.773298" lon="-119.206978">
        <name>man/4:55/5105</name>
      </trkpt>
      <trkpt lat="40.773443" lon="-119.207758">
        <name>man/5:00/5105</name>
      </trkpt>
      <trkpt lat="40.773614" lon="-119.208528">
        <name>man/5:05/5105</name>
      </trkpt>
      <trkpt lat="40.773810" lon="-119.209289">
        <name>man/5:10/5105</name>
      </trkpt>
      <trkpt lat="40.774031" lon="-119.210037">
        <name>man/5:15/5105</name>
      </trkpt>
      <trkpt lat="40.774277" lon="-119.210772">
        <name>man/5:20/5105</name>
      </trkpt>
      <trkpt lat="40.774547" lon="-119.211493">
        <name>man/5:25/5105</name>
      </trkpt>
      <trkpt lat="40.774840" lon="-119.212197">
        <name>man/5:30/5105</name>
      </trkpt>
      <trkpt lat="40.775157" lon="-119.212883">
        <name>man/5:35/5105</name>
      </trkpt>
      <trkpt lat="40.775496" lon="-119.213551">
        <name>man/5:40/5105</name>
      </trkpt>
      <trkpt lat="40.775857" lon="-119.214199">
        <name>man/5:45/5105</name>
      </trkpt>
      <trkpt lat="40.776239" lon="-119.214825">
        <name>man/5:50/5105</name>
      </trkpt>
      <trkpt lat="40.776641" lon="-119.215429">
        <name>man/5:55/5105</name>
      </trkpt>
      <trkpt lat="40.777063" lon="-119.216009">
        <name>man/6:00/5105</name>
      </trkpt>
    </trkseg>
    <trkseg>
      <trkpt lat="40.777063" lon="-119.216009">
        <name>man/6:00/5105</name>
      </trkpt>
      <trkpt lat="40.777504" lon="-119.216564">
        <name>man/6:05/5105</name>
      </trkpt>
      <trkpt lat="40.777963" lon="-119.217094">
        <name>man/6:10/5105</name>
      </trkpt>
      <trkpt lat="40.778439" lon="-119.217597">
        <name>man/6:15/5105</name>
      </trkpt>
      <trkpt lat="40.778932" lon="-119.218072">
        <name>man/6:20/5105</name>
      </trkpt>
      <trkpt lat="40.779439" lon="-119.218518">
        <name>man/6:25/5105</name>
      </trkpt>
      <trkpt lat="40.779961" lon="-119.218935">
        <name>man/6:30/5105</name>
      </trkpt>
      <trkpt lat="40.780496" lon="-119.219321">
        <name>man/6:35/5105</name>
      </trkpt>
      <trkpt lat="40.781044" lon="-119.219676">
        <name>man/6:40/5105</name>
      </trkpt>
      <trkpt lat="40.781602" lon="-119.220000">
        <name>man/6:45/5105</name>
      </trkpt>
      <trkpt lat="40.782171" lon="-119.220291">
        <name>man/6:50/5105</name>
      </trkpt>
      <trkpt lat="40.782749" lon="-119.220550">
        <name>man/6:55/5105</name>
      </trkpt>
      <trkpt lat="40.783335" lon="-119.220774">
        <name>man/7:00/5105</name>
      </trkpt>
      <trkpt lat="40.783928" lon="-119.220965">
        <name>man/7:05/5105</name>
      </trkpt>
      <trkpt lat="40.784527" lon="-119.221122">
        <name>man/7:10/5105</name>
      </trkpt>
      <trkpt lat="40.785130" lon="-119.221245">
        <name>man/7:15/5105</name>
      </trkpt>
      <trkpt lat="40.785737" lon="-119.221332">
        <name>man/7:20/5105</name>
      </trkpt>
      <trkpt lat="40.786346" lon="-119.221385">
        <name>man/7:25/5105</name>
      </trkpt>
      <trkpt lat="40.786957" lon="-119.221403">
        <name>man/7:30/5105</name>
      </trkpt>
      <trkpt lat="40.787567" lon="-119.221385">
        <name>man/7:35/5105</name>
      </trkpt>
      <trkpt lat="40.788176" lon="-119.221333">
        <name>man/7:40/5105</name>
      </trkpt>
      <trkpt lat="40.788783" lon="-119.221246">
        <name>man/7:45/5105</name>
      </trkpt>
      <trkpt lat="40.789386" lon="-119.221124">
        <name>man/7:50/5105</name>
      </trkpt>
      <trkpt lat="40.789985" lon="-119.220967">
        <name>man/7:55/5105</name>
      </trkpt>
      <trkpt lat="40.790578" lon="-119.220776">
        <name>man/8:00/5105</name>
      </trkpt>
      <trkpt lat="40.791164" lon="-119.220552">
        <name>man/8:05/5105</name>
      </trkpt>
      <trkpt lat="40.791742" lon="-119.220294">
        <name>man/8:10/5105</name>
      </trkpt>
      <trkpt lat="40.792311" lon="-119.220003">
        <name>man/8:15/5105</name>
      </trkpt>
      <trkpt lat="40.792870" lon="-119.219679">
        <name>man/8:20/5105</name>
      </trkpt>
      <trkpt lat="40.793418" lon="-119.219324">
        <name>man/8:25/5105</name>
      </trkpt>
      <trkpt lat="40.793953" lon="-119.218938">
        <name>man/8:30/5105</name>
      </trkpt>
      <trkpt lat="40.794475" lon="-119.218521">
        <name>man/8:35/5105</name>
      </trkpt>
      <trkpt lat="40.794982" lon="-119.218075">
        <name>man/8:40/5105</name>
      </trkpt>
      <trkpt lat="40.795475" lon="-119.217600">
        <name>man/8:45/5105</name>
      </trkpt>
      <trkpt lat="40.795951" lon="-119.217098">
        <name>man/8:50/5105</name>
      </trkpt>
      <trkpt lat="40.796410" lon="-119.216568">
        <name>man/8:55/5105</name>
      </trkpt>
      <trkpt lat="40.796851" lon="-119.216013">
        <name>man/9:00/5105</name>
      </trkpt>
      <trkpt lat="40.797273" lon="-119.215433">
        <name>man/9:05/5105</name>
      </trkpt>
      <trkpt lat="40.797676" lon="-119.214829">
        <name>man/9:10/5105</name>
      </trkpt>
      <trkpt lat="40.798058" lon="-119.214202">
        <name>man/9:15/5105</name>
      </trkpt>
      <trkpt lat="40.798419" lon="-119.213555">
        <name>man/9:20/5105</name>
      </trkpt>
      <trkpt lat="40.798758" lon="-119.212887">
        <name>man/9:25/5105</name>
      </trkpt>
      <trkpt lat="40.799075" lon="-119.212200">
        <name>man/9:30/5105</name>
      </trkpt>
      <trkpt lat="40.799369" lon="-119.211496">
        <name>man/9:35/5105</name>
      </trkpt>
      <trkpt lat="40.799639" lon="-119.210775">
        <name>man/9:40/5105</name>
      </trkpt>
      <trkpt lat="40.799885" lon="-119.210040">
        <name>man/9:45/5105</name>
      </trkpt>
      <trkpt lat="40.800106" lon="-119.209291">
        <name>man/9:50/5105</name>
      </trkpt>
      <trkpt lat="40.800302" lon="-119.208531">
        <name>man/9:55/5105</name>
      </trkpt>
      <trkpt lat="40.800473" lon="-119.207759">
        <name>man/10:00/5105</name>
      </trkpt>
    </trkseg>
  </trk>
  <trk>
    <name>Ishiguro</name>
    <trkseg>
      <trkpt lat="40.783136" lon="-119.184238">
        <name>man/2:00/5385</name>
      </trkpt>
      <trkpt lat="40.782518" lon="-119.184476">
        <name>man/2:05/5385</name>
      </trkpt>
      <trkpt lat="40.781909" lon="-119.184748">
        <name>man/2:10/5385</name>
      </trkpt>
      <trkpt lat="40.781308" lon="-119.185055">
        <name>man/2:15/5385</name>
      </trkpt>
      <trkpt lat="40.780719" lon="-119.185397">
        <name>man/2:20/5385</name>
      </trkpt>
      <trkpt lat="40.780142" lon="-119.185772">
        <name>man/2:25/5385</name>
      </trkpt>
      <trkpt lat="40.779577" lon="-119.186179">
        <name>man/2:30/5385</name>
      </trkpt>
      <trkpt lat="40.779027" lon="-119.186619">
        <name>man/2:35/5385</name>
      </trkpt>
      <trkpt lat="40.778491" lon="-119.187089">
        <name>man/2:40/5385</name>
      </trkpt>
      <trkpt lat="40.777972" lon="-119.187590">
        <name>man/2:45/5385</name>
      </trkpt>
      <trkpt lat="40.777470" lon="-119.188121">
        <name>man/2:50/5385</name>
      </trkpt>
      <trkpt lat="40.776986" lon="-119.188679">
        <name>man/2:55/5385</name>
      </trkpt>
      <trkpt lat="40.776521" lon="-119.189265">
        <name>man/3:00/5385</name>
      </trkpt>
      <trkpt lat="40.776076" lon="-119.189877">
        <name>man/3:05/5385</name>
      </trkpt>
      <trkpt lat="40.775651" lon="-119.190514">
        <name>man/3:10/5385</name>
      </trkpt>
      <trkpt lat="40.775248" lon="-119.191175">
        <name>man/3:15/5385</name>
      </trkpt>
      <trkpt lat="40.774867" lon="-119.191858">
        <name>man/3:20/5385</name>
      </trkpt>
      <trkpt lat="40.774510" lon="-119.192562">
        <name>man/3:25/5385</name>
      </trkpt>
      <trkpt lat="40.774176" lon="-119.193287">
        <name>man/3:30/5385</name>
      </trkpt>
      <trkpt lat="40.773866" lon="-119.194029">
        <name>man/3:35/5385</name>
      </trkpt>
      <trkpt lat="40.773581" lon="-119.194789">
        <name>man/3:40/5385</name>
      </trkpt>
      <trkpt lat="40.773322" lon="-119.195564">
        <name>man/3:45/5385</name>
      </trkpt>
      <trkpt lat="40.773089" lon="-119.196354">
        <name>man/3:50/5385</name>
      </trkpt>
      <trkpt lat="40.772882" lon="-119.197156">
        <name>man/3:55/5385</name>
      </trkpt>
      <trkpt lat="40.772701" lon="-119.197969">
        <name>man/4:00/5385</name>
      </trkpt>
      <trkpt lat="40.772548" lon="-119.198792">
        <name>man/4:05/5385</name>
      </trkpt>
      <trkpt lat="40.772423" lon="-119.199623">
        <name>man/4:10/5385</name>
      </trkpt>
      <trkpt lat="40.772325" lon="-119.200460">
        <name>man/4:15/5385</name>
      </trkpt>
      <trkpt lat="40.772255" lon="-119.201302">
        <name>man/4:20/5385</name>
      </trkpt>
      <trkpt lat="40.772213" lon="-119.202147">
        <name>man/4:25/5385</name>
      </trkpt>
      <trkpt lat="40.772199" lon="-119.202994">
        <name>man/4:30/5385</name>
      </trkpt>
      <trkpt lat="40.772213" lon="-119.203841">
        <name>man/4:35/5385</name>
      </trkpt>
      <trkpt lat="40.772255" lon="-119.204686">
        <name>man/4:40/5385</name>
      </trkpt>
      <trkpt lat="40.772325" lon="-119.205528">
        <name>man/4:45/5385</name>
      </trkpt>
      <trkpt lat="40.772423" lon="-119.206365">
        <name>man/4:50/5385</name>
      </trkpt>
      <trkpt lat="40.772548" lon="-119.207196">
        <name>man/4:55/5385</name>
      </trkpt>
      <trkpt lat="40.772701" lon="-119.208019">
        <name>man/5:00/5385</name>
      </trkpt>
      <trkpt lat="40.772882" lon="-119.208832">
        <name>man/5:05/5385</name>
      </trkpt>
      <trkpt lat="40.773089" lon="-119.209634">
        <name>man/5:10/5385</name>
      </trkpt>
      <trkpt lat="40.773322" lon="-119.210424">
        <name>man/5:15/5385</name>
      </trkpt>
      <trkpt lat="40.773581" lon="-119.211199">
        <name>man/5:20/5385</name>
      </trkpt>
      <trkpt lat="40.773866" lon="-119.211959">
        <name>man/5:25/5385</name>
      </trkpt>
      <trkpt lat="40.774176" lon="-119.212701">
        <name>man/5:30/5385</name>
      </trkpt>
      <trkpt lat="40.774510" lon="-119.213426">
        <name>man/5:35/5385</name>
      </trkpt>
      <trkpt lat="40.774867" lon="-119.214130">
        <name>man/5:40/5385</name>
      </trkpt>
      <trkpt lat="40.775248" lon="-119.214813">
        <name>man/5:45/5385</name>
      </trkpt>
      <trkpt lat="40.775651" lon="-119.215474">
        <name>man/5:50/5385</name>
      </trkpt>
      <trkpt lat="40.776076" lon="-119.216111">
        <name>man/5:55/5385</name>
      </trkpt>
      <trkpt lat="40.776521" lon="-119.216723">
        <name>man/6:00/5385</name>
      </trkpt>
    </trkseg>
    <trkseg>
      <trkpt lat="40.776521" lon="-119.216723">
        <name>man/6:00/5385</name>
      </trkpt>
      <trkpt lat="40.776986" lon="-119.217309">
        <name>man/6:05/5385</name>
      </trkpt>
      <trkpt lat="40.777470" lon="-119.217867">
        <name>man/6:10/5385</name>
      </trkpt>
      <trkpt lat="40.777972" lon="-119.218398">
        <name>man/6:15/5385</name>
      </trkpt>
      <trkpt lat="40.778491" lon="-119.218899">
        <name>man/6:20/5385</name>
      </trkpt>
      <trkpt lat="40.779027" lon="-119.219369">
        <name>man/6:25/5385</name>
      </trkpt>
      <trkpt lat="40.779577" lon="-119.219809">
        <name>man/6:30/5385</name>
      </trkpt>
      <trkpt lat="40.780142" lon="-119.220216">
        <name>man/6:35/5385</name>
      </trkpt>
      <trkpt lat="40.780719" lon="-119.220591">
        <name>man/6:40/5385</name>
      </trkpt>
      <trkpt lat="40.781308" lon="-119.220933">
        <name>man/6:45/5385</name>
      </trkpt>
      <trkpt lat="40.781909" lon="-119.221240">
        <name>man/6:50/5385</name>
      </trkpt>
      <trkpt lat="40.782518" lon="-119.221512">
        <name>man/6:55/5385</name>
      </trkpt>
      <trkpt lat="40.783136" lon="-119.221750">
        <name>man/7:00/5385</name>
      </trkpt>
      <trkpt lat="40.783762" lon="-119.221951">
        <name>man/7:05/5385</name>
      </trkpt>
      <trkpt lat="40.784393" lon="-119.222117">
        <name>man/7:10/5385</name>
      </trkpt>
      <trkpt lat="40.785030" lon="-119.222246">
        <name>man/7:15/5385</name>
      </trkpt>
      <trkpt lat="40.785670" lon="-119.222338">
        <name>man/7:20/5385</name>
      </trkpt>
      <trkpt lat="40.786313" lon="-119.222394">
        <name>man/7:25/5385</name>
      </trkpt>
      <trkpt lat="40.786956" lon="-119.222412">
        <name>man/7:30/5385</name>
      </trkpt>
      <trkpt lat="40.787600" lon="-119.222394">
        <name>man/7:35/5385</name>
      </trkpt>
      <trkpt lat="40.788243" lon="-119.222339">
        <name>man/7:40/5385</name>
      </trkpt>
      <trkpt lat="40.788883" lon="-119.222247">
        <name>man/7:45/5385</name>
      </trkpt>
      <trkpt lat="40.789519" lon="-119.222118">
        <name>man/7:50/5385</name>
      </trkpt>
      <trkpt lat="40.790151" lon="-119.221953">
        <name>man/7:55/5385</name>
      </trkpt>
      <trkpt lat="40.790776" lon="-119.221752">
        <name>man/8:00/5385</name>
      </trkpt>
      <trkpt lat="40.791395" lon="-119.221515">
        <name>man/8:05/5385</name>
      </trkpt>
      <trkpt lat="40.792005" lon="-119.221243">
        <name>man/8:10/5385</name>
      </trkpt>
      <trkpt lat="40.792605" lon="-119.220936">
        <name>man/8:15/5385</name>
      </trkpt>
      <trkpt lat="40.793194" lon="-119.220595">
        <name>man/8:20/5385</name>
      </trkpt>
      <trkpt lat="40.793772" lon="-119.220220">
        <name>man/8:25/5385</name>
      </trkpt>
      <trkpt lat="40.794336" lon="-119.219813">
        <name>man/8:30/5385</name>
      </trkpt>
      <trkpt lat="40.794887" lon="-119.219373">
        <name>man/8:35/5385</name>
      </trkpt>
      <trkpt lat="40.795423" lon="-119.218903">
        <name>man/8:40/5385</name>
      </trkpt>
      <trkpt lat="40.795942" lon="-119.218402">
        <name>man/8:45/5385</name>
      </trkpt>
      <trkpt lat="40.796444" lon="-119.217871">
        <name>man/8:50/5385</name>
      </trkpt>
      <trkpt lat="40.796928" lon="-119.217313">
        <name>man/8:55/5385</name>
      </trkpt>
      <trkpt lat="40.797394" lon="-119.216727">
        <name>man/9:00/5385</name>
      </trkpt>
      <trkpt lat="40.797839" lon="-119.216115">
        <name>man/9:05/5385</name>
      </trkpt>
      <trkpt lat="40.798264" lon="-119.215478">
        <name>man/9:10/5385</name>
      </trkpt>
      <trkpt lat="40.798667" lon="-119.214817">
        <name>man/9:15/5385</name>
      </trkpt>
      <trkpt lat="40.799048" lon="-119.214134">
        <name>man/9:20/5385</name>
      </trkpt>
      <trkpt lat="40.799405" lon="-119.213429">
        <name>man/9:25/5385</name>
      </trkpt>
      <trkpt lat="40.799740" lon="-119.212705">
        <name>man/9:30/5385</name>
      </trkpt>
      <trkpt lat="40.800049" lon="-119.211962">
        <name>man/9:35/5385</name>
      </trkpt>
      <trkpt lat="40.800334" lon="-119.211202">
        <name>man/9:40/5385</name>
      </trkpt>
      <trkpt lat="40.800594" lon="-119.210427">
        <name>man/9:45/5385</name>
      </trkpt>
      <trkpt lat="40.800827" lon="-119.209637">
        <name>man/9:50/5385</name>
      </trkpt>
      <trkpt lat="40.801034" lon="-119.208834">
        <name>man/9:55/5385</name>
      </trkpt>
      <trkpt lat="40.801214" lon="-119.208021">
        <name>man/10:00/5385</name>
      </trkpt>
    </trkseg>
  </trk>
  <trk>
    <name>Jemisin</name>
    <trkseg>
      <trkpt lat="40.783009" lon="-119.183612">
        <name>man/2:00/5565</name>
      </trkpt>
      <trkpt lat="40.782370" lon="-119.183857">
        <name>man/2:05/5565</name>
      </trkpt>
      <trkpt lat="40.781740" lon="-119.184138">
        <name>man/2:10/5565</name>
      </trkpt>
      <trkpt lat="40.781120" lon="-119.184456">
        <name>man/2:15/5565</name>
      </trkpt>
      <trkpt lat="40.780511" lon="-119.184809">
        <name>man/2:20/5565</name>
      </trkpt>
      <trkpt lat="40.779914" lon="-119.185196">
        <name>man/2:25/5565</name>
      </trkpt>
      <trkpt lat="40.779330" lon="-119.185617">
        <name>man/2:30/5565</name>
      </trkpt>
      <trkpt lat="40.778762" lon="-119.186071">
        <name>man/2:35/5565</name>
      </trkpt>
      <trkpt lat="40.778208" lon="-119.186558">
        <name>man/2:40/5565</name>
      </trkpt>
      <trkpt lat="40.777672" lon="-119.187076">
        <name>man/2:45/5565</name>
      </trkpt>
      <trkpt lat="40.777153" lon="-119.187624">
        <name>man/2:50/5565</name>
      </trkpt>
      <trkpt lat="40.776652" lon="-119.188201">
        <name>man/2:55/5565</name>
      </trkpt>
      <trkpt lat="40.776172" lon="-119.188807">
        <name>man/3:00/5565</name>
      </trkpt>
      <trkpt lat="40.775712" lon="-119.189439">
        <name>man/3:05/5565</name>
      </trkpt>
      <trkpt lat="40.775273" lon="-119.190097">
        <name>man/3:10/5565</name>
      </trkpt>
      <trkpt lat="40.774857" lon="-119.190780">
        <name>man/3:15/5565</name>
      </trkpt>
      <trkpt lat="40.774463" lon="-119.191486">
        <name>man/3:20/5565</name>
      </trkpt>
      <trkpt lat="40.774094" lon="-119.192214">
        <name>man/3:25/5565</name>
      </trkpt>
      <trkpt lat="40.773748" lon="-119.192962">
        <name>man/3:30/5565</name>
      </trkpt>
      <trkpt lat="40.773428" lon="-119.193730">
        <name>man/3:35/5565</name>
      </trkpt>
      <trkpt lat="40.773134" lon="-119.194515">
        <name>man/3:40/5565</name>
      </trkpt>
      <trkpt lat="40.772866" lon="-119.195316">
        <name>man/3:45/5565</name>
      </trkpt>
      <trkpt lat="40.772625" lon="-119.196132">
        <name>man/3:50/5565</name>
      </trkpt>
      <trkpt lat="40.772411" lon="-119.196961">
        <name>man/3:55/5565</name>
      </trkpt>
      <trkpt lat="40.772225" lon="-119.197801">
        <name>man/4:00/5565</name>
      </trkpt>
      <trkpt lat="40.772067" lon="-119.198652">
        <name>man/4:05/5565</name>
      </trkpt>
      <trkpt lat="40.771937" lon="-119.199510">
        <name>man/4:10/5565</name>
      </trkpt>
      <trkpt lat="40.771836" lon="-119.200375">
        <name>man/4:15/5565</name>
      </trkpt>
      <trkpt lat="40.771763" lon="-119.201245">
        <name>man/4:20/5565</name>
      </trkpt>
      <trkpt lat="40.771720" lon="-119.202119">
        <name>man/4:25/5565</name>
      </trkpt>
      <trkpt lat="40.771705" lon="-119.202994">
        <name>man/4:30/5565</name>
      </trkpt>
      <trkpt lat="40.771720" lon="-119.203869">
        <name>man/4:35/5565</name>
      </trkpt>
      <trkpt lat="40.771763" lon="-119.204743">
        <name>man/4:40/5565</name>
      </trkpt>
      <trkpt lat="40.771836" lon="-119.205613">
        <name>man/4:45/5565</name>
      </trkpt>
      <trkpt lat="40.771937" lon="-119.206478">
        <name>man/4:50/5565</name>
      </trkpt>
      <trkpt lat="40.772067" lon="-119.207336">
        <name>man/4:55/5565</name>
      </trkpt>
      <trkpt lat="40.772225" lon="-119.208187">
        <name>man/5:00/5565</name>
      </trkpt>
      <trkpt lat="40.772411" lon="-119.209027">
        <name>man/5:05/5565</name>
      </trkpt>
      <trkpt lat="40.772625" lon="-119.209856">
        <name>man/5:10/5565</name>
      </trkpt>
      <trkpt lat="40.772866" lon="-119.210672">
        <name>man/5:15/5565</name>
      </trkpt>
      <trkpt lat="40.773134" lon="-119.211473">
        <name>man/5:20/5565</name>
      </trkpt>
      <trkpt lat="40.773428" lon="-119.212258">
        <name>man/5:25/5565</name>
      </trkpt>
      <trkpt lat="40.773748" lon="-119.213026">
        <name>man/5:30/5565</name>
      </trkpt>
      <trkpt lat="40.774094" lon="-119.213774">
        <name>man/5:35/5565</name>
      </trkpt>
      <trkpt lat="40.774463" lon="-119.214502">
        <name>man/5:40/5565</name>
      </trkpt>
      <trkpt lat="40.774857" lon="-119.215208">
        <name>man/5:45/5565</name>
      </trkpt>
      <trkpt lat="40.775273" lon="-119.215891">
        <name>man/5:50/5565</name>
      </trkpt>
      <trkpt lat="40.775712" lon="-119.216549">
        <name>man/5:55/5565</name>
      </trkpt>
      <trkpt lat="40.776172" lon="-119.217181">
        <name>man/6:00/5565</name>
      </trkpt>
    </trkseg>
    <trkseg>
      <trkpt lat="40.776172" lon="-119.217181">
        <name>man/6:00/5565</name>
      </trkpt>
      <trkpt lat="40.776652" lon="-119.217787">
        <name>man/6:05/5565</name>
      </trkpt>
      <trkpt lat="40.777153" lon="-119.218364">
        <name>man/6:10/5565</name>
      </trkpt>
      <trkpt lat="40.777672" lon="-119.218912">
        <name>man/6:15/5565</name>
      </trkpt>
      <trkpt lat="40.778208" lon="-119.219430">
        <name>man/6:20/5565</name>
      </trkpt>
      <trkpt lat="40.778762" lon="-119.219917">
        <name>man/6:25/5565</name>
      </trkpt>
      <trkpt lat="40.779330" lon="-119.220371">
        <name>man/6:30/5565</name>
      </trkpt>
      <trkpt lat="40.779914" lon="-119.220792">
        <name>man/6:35/5565</name>
      </trkpt>
      <trkpt lat="40.780511" lon="-119.221179">
        <name>man/6:40/5565</name>
      </trkpt>
      <trkpt lat="40.781120" lon="-119.221532">
        <name>man/6:45/5565</name>
      </trkpt>
      <trkpt lat="40.781740" lon="-119.221850">
        <name>man/6:50/5565</name>
      </trkpt>
      <trkpt lat="40.782370" lon="-119.222131">
        <name>man/6:55/5565</name>
      </trkpt>
      <trkpt lat="40.783009" lon="-119.222376">
        <name>man/7:00/5565</name>
      </trkpt>
      <trkpt lat="40.783655" lon="-119.222585">
        <name>man/7:05/5565</name>
      </trkpt>
      <trkpt lat="40.784308" lon="-119.222756">
        <name>man/7:10/5565</name>
      </trkpt>
      <trkpt lat="40.784965" lon="-119.222889">
        <name>man/7:15/5565</name>
      </trkpt>
      <trkpt lat="40.785627" lon="-119.222985">
        <name>man/7:20/5565</name>
      </trkpt>
      <trkpt lat="40.786291" lon="-119.223042">
        <name>man/7:25/5565</name>
      </trkpt>
      <trkpt lat="40.786956" lon="-119.223061">
        <name>man/7:30/5565</name>
      </trkpt>
      <trkpt lat="40.787622" lon="-119.223042">
        <name>man/7:35/5565</name>
      </trkpt>
      <trkpt lat="40.788286" lon="-119.222985">
        <name>man/7:40/5565</name>
      </trkpt>
      <trkpt lat="40.788947" lon="-119.222890">
        <name>man/7:45/5565</name>
      </trkpt>
      <trkpt lat="40.789605" lon="-119.222757">
        <name>man/7:50/5565</name>
      </trkpt>
      <trkpt lat="40.790258" lon="-119.222587">
        <name>man/7:55/5565</name>
      </trkpt>
      <trkpt lat="40.790904" lon="-119.222379">
        <name>man/8:00/5565</name>
      </trkpt>
      <trkpt lat="40.791543" lon="-119.222134">
        <name>man/8:05/5565</name>
      </trkpt>
      <trkpt lat="40.792173" lon="-119.221853">
        <name>man/8:10/5565</name>
      </trkpt>
      <trkpt lat="40.792793" lon="-119.221535">
        <name>man/8:15/5565</name>
      </trkpt>
      <trkpt lat="40.793403" lon="-119.221183">
        <name>man/8:20/5565</name>
      </trkpt>
      <trkpt lat="40.794000" lon="-119.220796">
        <name>man/8:25/5565</name>
      </trkpt>
      <trkpt lat="40.794583" lon="-119.220375">
        <name>man/8:30/5565</name>
      </trkpt>
      <trkpt lat="40.795152" lon="-119.219921">
        <name>man/8:35/5565</name>
      </trkpt>
      <trkpt lat="40.795705" lon="-119.219434">
        <name>man/8:40/5565</name>
      </trkpt>
      <trkpt lat="40.796242" lon="-119.218917">
        <name>man/8:45/5565</name>
      </trkpt>
      <trkpt lat="40.796761" lon="-119.218369">
        <name>man/8:50/5565</name>
      </trkpt>
      <trkpt lat="40.797262" lon="-119.217791">
        <name>man/8:55/5565</name>
      </trkpt>
      <trkpt lat="40.797742" lon="-119.217186">
        <name>man/9:00/5565</name>
      </trkpt>
      <trkpt lat="40.798203" lon="-119.216554">
        <name>man/9:05/5565</name>
      </trkpt>
      <trkpt lat="40.798641" lon="-119.215895">
        <name>man/9:10/5565</name>
      </trkpt>
      <trkpt lat="40.799058" lon="-119.215212">
        <name>man/9:15/5565</name>
      </trkpt>
      <trkpt lat="40.799452" lon="-119.214506">
        <name>man/9:20/5565</name>
      </trkpt>
      <trkpt lat="40.799821" lon="-119.213778">
        <name>man/9:25/5565</name>
      </trkpt>
      <trkpt lat="40.800167" lon="-119.213030">
        <name>man/9:30/5565</name>
      </trkpt>
      <trkpt lat="40.800487" lon="-119.212262">
        <name>man/9:35/5565</name>
      </trkpt>
      <trkpt lat="40.800781" lon="-119.211477">
        <name>man/9:40/5565</name>
      </trkpt>
      <trkpt lat="40.801049" lon="-119.210675">
        <name>man/9:45/5565</name>
      </trkpt>
      <trkpt lat="40.801291" lon="-119.209859">
        <name>man/9:50/5565</name>
      </trkpt>
      <trkpt lat="40.801505" lon="-119.209030">
        <name>man/9:55/5565</name>
      </trkpt>
      <trkpt lat="40.801691" lon="-119.208189">
        <name>man/10:00/5565</name>
      </trkpt>
    </trkseg>
  </trk>
  <trk>
    <name>Kilgore</name>
    <trkseg>
      <trkpt lat="40.782874" lon="-119.182950">
        <name>man/2:00/5755</name>
      </trkpt>
      <trkpt lat="40.782213" lon="-119.183203">
        <name>man/2:05/5755</name>
      </trkpt>
      <trkpt lat="40.781562" lon="-119.183495">
        <name>man/2:10/5755</name>
      </trkpt>
      <trkpt lat="40.780920" lon="-119.183823">
        <name>man/2:15/5755</name>
      </trkpt>
      <trkpt lat="40.780290" lon="-119.184188">
        <name>man/2:20/5755</name>
      </trkpt>
      <trkpt lat="40.779673" lon="-119.184588">
        <name>man/2:25/5755</name>
      </trkpt>
      <trkpt lat="40.779070" lon="-119.185024">
        <name>man/2:30/5755</name>
      </trkpt>
      <trkpt lat="40.778482" lon="-119.185494">
        <name>man/2:35/5755</name>
      </trkpt>
      <trkpt lat="40.777909" lon="-119.185997">
        <name>man/2:40/5755</name>
      </trkpt>
      <trkpt lat="40.777355" lon="-119.186532">
        <name>man/2:45/5755</name>
      </trkpt>
      <trkpt lat="40.776818" lon="-119.187099">
        <name>man/2:50/5755</name>
      </trkpt>
      <trkpt lat="40.776301" lon="-119.187696">
        <name>man/2:55/5755</name>
      </trkpt>
      <trkpt lat="40.775804" lon="-119.188322">
        <name>man/3:00/5755</name>
      </trkpt>
      <trkpt lat="40.775328" lon="-119.188976">
        <name>man/3:05/5755</name>
      </trkpt>
      <trkpt lat="40.774874" lon="-119.189657">
        <name>man/3:10/5755</name>
      </trkpt>
      <trkpt lat="40.774443" lon="-119.190363">
        <name>man/3:15/5755</name>
      </trkpt>
      <trkpt lat="40.774037" lon="-119.191093">
        <name>man/3:20/5755</name>
      </trkpt>
      <trkpt lat="40.773654" lon="-119.191846">
        <name>man/3:25/5755</name>
      </trkpt>
      <trkpt lat="40.773297" lon="-119.192620">
        <name>man/3:30/5755</name>
      </trkpt>
      <trkpt lat="40.772966" lon="-119.193414">
        <name>man/3:35/5755</name>
      </trkpt>
      <trkpt lat="40.772662" lon="-119.194225">
        <name>man/3:40/5755</name>
      </trkpt>
      <trkpt lat="40.772385" lon="-119.195054">
        <name>man/3:45/5755</name>
      </trkpt>
      <trkpt lat="40.772136" lon="-119.195898">
        <name>man/3:50/5755</name>
      </trkpt>
      <trkpt lat="40.771914" lon="-119.196755">
        <name>man/3:55/5755</name>
      </trkpt>
      <trkpt lat="40.771722" lon="-119.197624">
        <name>man/4:00/5755</name>
      </trkpt>
      <trkpt lat="40.771558" lon="-119.198503">
        <name>man/4:05/5755</name>
      </trkpt>
      <trkpt lat="40.771424" lon="-119.199391">
        <name>man/4:10/5755</name>
      </trkpt>
      <trkpt lat="40.771319" lon="-119.200286">
        <name>man/4:15/5755</name>
      </trkpt>
      <trkpt lat="40.771245" lon="-119.201186">
        <name>man/4:20/5755</name>
      </trkpt>
      <trkpt lat="40.771200" lon="-119.202089">
        <name>man/4:25/5755</name>
      </trkpt>
      <trkpt lat="40.771185" lon="-119.202994">
        <name>man/4:30/5755</name>
      </trkpt>
      <trkpt lat="40.771200" lon="-119.203899">
        <name>man/4:35/5755</name>
      </trkpt>
      <trkpt lat="40.771245" lon="-119.204802">
        <name>man/4:40/5755</name>
      </trkpt>
      <trkpt lat="40.771319" lon="-119.205702">
        <name>man/4:45/5755</name>
      </trkpt>
      <trkpt lat="40.771424" lon="-119.206597">
        <name>man/4:50/5755</name>
      </trkpt>
      <trkpt lat="40.771558" lon="-119.207485">
        <name>man/4:55/5755</name>
      </trkpt>
      <trkpt lat="40.771722" lon="-119.208364">
        <name>man/5:00/5755</name>
      </trkpt>
      <trkpt lat="40.771914" lon="-119.209233">
        <name>man/5:05/5755</name>
      </trkpt>
      <trkpt lat="40.772136" lon="-119.210090">
        <name>man/5:10/5755</name>
      </trkpt>
      <trkpt lat="40.772385" lon="-119.210934">
        <name>man/5:15/5755</name>
      </trkpt>
      <trkpt lat="40.772662" lon="-119.211763">
        <name>man/5:20/5755</name>
      </trkpt>
      <trkpt lat="40.772966" lon="-119.212574">
        <name>man/5:25/5755</name>
      </trkpt>
      <trkpt lat="40.773297" lon="-119.213368">
        <name>man/5:30/5755</name>
      </trkpt>
      <trkpt lat="40.773654" lon="-119.214142">
        <name>man/5:35/5755</name>
      </trkpt>
      <trkpt lat="40.774037" lon="-119.214895">
        <name>man/5:40/5755</name>
      </trkpt>
      <trkpt lat="40.774443" lon="-119.215625">
        <name>man/5:45/5755</name>
      </trkpt>
      <trkpt lat="40.774874" lon="-119.216331">
        <name>man/5:50/5755</name>
      </trkpt>
      <trkpt lat="40.775328" lon="-119.217012">
        <name>man/5:55/5755</name>
      </trkpt>
      <trkpt lat="40.775804" lon="-119.217666">
        <name>man/6:00/5755</name>
      </trkpt>
    </trkseg>
    <trkseg>
      <trkpt lat="40.775804" lon="-119.217666">
        <name>man/6:00/5755</name>
      </trkpt>
      <trkpt lat="40.776301" lon="-119.218292">
        <name>man/6:05/5755</name>
      </trkpt>
      <trkpt lat="40.776818" lon="-119.218889">
        <name>man/6:10/5755</name>
      </trkpt>
      <trkpt lat="40.777355" lon="-119.219456">
        <name>man/6:15/5755</name>
      </trkpt>
      <trkpt lat="40.777909" lon="-119.219991">
        <name>man/6:20/5755</name>
      </trkpt>
      <trkpt lat="40.778482" lon="-119.220494">
        <name>man/6:25/5755</name>
      </trkpt>
      <trkpt lat="40.779070" lon="-119.220964">
        <name>man/6:30/5755</name>
      </trkpt>
      <trkpt lat="40.779673" lon="-119.221400">
        <name>man/6:35/5755</name>
      </trkpt>
      <trkpt lat="40.780290" lon="-119.221800">
        <name>man/6:40/5755</name>
      </trkpt>
      <trkpt lat="40.780920" lon="-119.222165">
        <name>man/6:45/5755</name>
      </trkpt>
      <trkpt lat="40.781562" lon="-119.222493">
        <name>man/6:50/5755</name>
      </trkpt>
      <trkpt lat="40.782213" lon="-119.222785">
        <name>man/6:55/5755</name>
      </trkpt>
      <trkpt lat="40.782874" lon="-119.223038">
        <name>man/7:00/5755</name>
      </trkpt>
      <trkpt lat="40.783542" lon="-119.223254">
        <name>man/7:05/5755</name>
      </trkpt>
      <trkpt lat="40.784217" lon="-119.223430">
        <name>man/7:10/5755</name>
      </trkpt>
      <trkpt lat="40.784897" lon="-119.223568">
        <name>man/7:15/5755</name>
      </trkpt>
      <trkpt lat="40.785581" lon="-119.223667">
        <name>man/7:20/5755</name>
      </trkpt>
      <trkpt lat="40.786268" lon="-119.223727">
        <name>man/7:25/5755</name>
      </trkpt>
      <trkpt lat="40.786956" lon="-119.223747">
        <name>man/7:30/5755</name>
      </trkpt>
      <trkpt lat="40.787644" lon="-119.223727">
        <name>man/7:35/5755</name>
      </trkpt>
      <trkpt lat="40.788331" lon="-119.223668">
        <name>man/7:40/5755</name>
      </trkpt>
      <trkpt lat="40.789015" lon="-119.223570">
        <name>man/7:45/5755</name>
      </trkpt>
      <trkpt lat="40.789695" lon="-119.223432">
        <name>man/7:50/5755</name>
      </trkpt>
      <trkpt lat="40.790370" lon="-119.223256">
        <name>man/7:55/5755</name>
      </trkpt>
      <trkpt lat="40.791039" lon="-119.223041">
        <name>man/8:00/5755</name>
      </trkpt>
      <trkpt lat="40.791699" lon="-119.222787">
        <name>man/8:05/5755</name>
      </trkpt>
      <trkpt lat="40.792351" lon="-119.222497">
        <name>man/8:10/5755</name>
      </trkpt>
      <trkpt lat="40.792993" lon="-119.222169">
        <name>man/8:15/5755</name>
      </trkpt>
      <trkpt lat="40.793623" lon="-119.221804">
        <name>man/8:20/5755</name>
      </trkpt>
      <trkpt lat="40.794240" lon="-119.221404">
        <name>man/8:25/5755</name>
      </trkpt>
      <trkpt lat="40.794843" lon="-119.220968">
        <name>man/8:30/5755</name>
      </trkpt>
      <trkpt lat="40.795432" lon="-119.220499">
        <name>man/8:35/5755</name>
      </trkpt>
      <trkpt lat="40.796004" lon="-119.219996">
        <name>man/8:40/5755</name>
      </trkpt>
      <trkpt lat="40.796559" lon="-119.219460">
        <name>man/8:45/5755</name>
      </trkpt>
      <trkpt lat="40.797096" lon="-119.218894">
        <name>man/8:50/5755</name>
      </trkpt>
      <trkpt lat="40.797613" lon="-119.218297">
        <name>man/8:55/5755</name>
      </trkpt>
      <trkpt lat="40.798111" lon="-119.217671">
        <name>man/9:00/5755</name>
      </trkpt>
      <trkpt lat="40.798587" lon="-119.217017">
        <name>man/9:05/5755</name>
      </trkpt>
      <trkpt lat="40.799040" lon="-119.216336">
        <name>man/9:10/5755</name>
      </trkpt>
      <trkpt lat="40.799471" lon="-119.215630">
        <name>man/9:15/5755</name>
      </trkpt>
      <trkpt lat="40.799878" lon="-119.214899">
        <name>man/9:20/5755</name>
      </trkpt>
      <trkpt lat="40.800261" lon="-119.214147">
        <name>man/9:25/5755</name>
      </trkpt>
      <trkpt lat="40.800618" lon="-119.213372">
        <name>man/9:30/5755</name>
      </trkpt>
      <trkpt lat="40.800949" lon="-119.212578">
        <name>man/9:35/5755</name>
      </trkpt>
      <trkpt lat="40.801253" lon="-119.211766">
        <name>man/9:40/5755</name>
      </trkpt>
      <trkpt lat="40.801530" lon="-119.210937">
        <name>man/9:45/5755</name>
      </trkpt>
      <trkpt lat="40.801780" lon="-119.210093">
        <name>man/9:50/5755</name>
      </trkpt>
      <trkpt lat="40.802001" lon="-119.209236">
        <name>man/9:55/5755</name>
      </trkpt>
      <trkpt lat="40.802194" lon="-119.208366">
        <name>man/10:00/5755</name>
      </trkpt>
    </trkseg>
  </trk>
  <trk>
    <name />
    <trkseg>
      <trkpt lat="40.787772" lon="-119.201923">
        <name>man/12:00/420</name>
      </trkpt>
      <trkpt lat="40.787698" lon="-119.201834">
        <name>man/12:10/420</name>
      </trkpt>
      <trkpt lat="40.787618" lon="-119.201753">
        <name>man/12:20/420</name>
      </trkpt>
      <trkpt lat="40.787534" lon="-119.201682">
        <name>man/12:30/420</name>
      </trkpt>
      <trkpt lat="40.787444" lon="-119.201621">
        <name>man/12:40/420</name>
      </trkpt>
      <trkpt lat="40.787352" lon="-119.201571">
        <name>man/12:50/420</name>
      </trkpt>
      <trkpt lat="40.787256" lon="-119.201531">
        <name>man/1:00/420</name>
      </trkpt>
      <trkpt lat="40.787158" lon="-119.201502">
        <name>man/1:10/420</name>
      </trkpt>
      <trkpt lat="40.787058" lon="-119.201485">
        <name>man/1:20/420</name>
      </trkpt>
      <trkpt lat="40.786958" lon="-119.201479">
        <name>man/1:30/420</name>
      </trkpt>
      <trkpt lat="40.786858" lon="-119.201485">
        <name>man/1:40/420</name>
      </trkpt>
      <trkpt lat="40.786758" lon="-119.201502">
        <name>man/1:50/420</name>
      </trkpt>
      <trkpt lat="40.786660" lon="-119.201531">
        <name>man/2:00/420</name>
      </trkpt>
      <trkpt lat="40.786564" lon="-119.201571">
        <name>man/2:10/420</name>
      </trkpt>
      <trkpt lat="40.786471" lon="-119.201621">
        <name>man/2:20/420</name>
      </trkpt>
      <trkpt lat="40.786382" lon="-119.201682">
        <name>man/2:30/420</name>
      </trkpt>
      <trkpt lat="40.786298" lon="-119.201753">
        <name>man/2:40/420</name>
      </trkpt>
      <trkpt lat="40.786218" lon="-119.201834">
        <name>man/2:50/420</name>
      </trkpt>
      <trkpt lat="40.786144" lon="-119.201923">
        <name>man/3:00/420</name>
      </trkpt>
      <trkpt lat="40.786076" lon="-119.202020">
        <name>man/3:10/420</name>
      </trkpt>
      <trkpt lat="40.786015" lon="-119.202125">
        <name>man/3:20/420</name>
      </trkpt>
      <trkpt lat="40.785961" lon="-119.202237">
        <name>man/3:30/420</name>
      </trkpt>
      <trkpt lat="40.785915" lon="-119.202354">
        <name>man/3:40/420</name>
      </trkpt>
      <trkpt lat="40.785876" lon="-119.202476">
        <name>man/3:50/420</name>
      </trkpt>
      <trkpt lat="40.785846" lon="-119.202602">
        <name>man/4:00/420</name>
      </trkpt>
      <trkpt lat="40.785824" lon="-119.202731">
        <name>man/4:10/420</name>
      </trkpt>
      <trkpt lat="40.785811" lon="-119.202862">
        <name>man/4:20/420</name>
      </trkpt>
      <trkpt lat="40.785807" lon="-119.202994">
        <name>man/4:30/420</name>
      </trkpt>
      <trkpt lat="40.785811" lon="-119.203126">
        <name>man/4:40/420</name>
      </trkpt>
      <trkpt lat="40.785824" lon="-119.203257">
        <name>man/4:50/420</name>
      </trkpt>
      <trkpt lat="40.785846" lon="-119.203386">
        <name>man/5:00/420</name>
      </trkpt>
      <trkpt lat="40.785876" lon="-119.203512">
        <name>man/5:10/420</name>
      </trkpt>
      <trkpt lat="40.785915" lon="-119.203634">
        <name>man/5:20/420</name>
      </trkpt>
      <trkpt lat="40.785961" lon="-119.203751">
        <name>man/5:30/420</name>
      </trkpt>
      <trkpt lat="40.786015" lon="-119.203863">
        <name>man/5:40/420</name>
      </trkpt>
      <trkpt lat="40.786076" lon="-119.203968">
        <name>man/5:50/420</name>
      </trkpt>
      <trkpt lat="40.786144" lon="-119.204065">
        <name>man/6:00/420</name>
      </trkpt>
    </trkseg>
    <trkseg>
      <trkpt lat="40.786144" lon="-119.204065">
        <name>man/6:00/420</name>
      </trkpt>
      <trkpt lat="40.786218" lon="-119.204154">
        <name>man/6:10/420</name>
      </trkpt>
      <trkpt lat="40.786298" lon="-119.204235">
        <name>man/6:20/420</name>
      </trkpt>
      <trkpt lat="40.786382" lon="-119.204306">
        <name>man/6:30/420</name>
      </trkpt>
      <trkpt lat="40.786471" lon="-119.204367">
        <name>man/6:40/420</name>
      </trkpt>
      <trkpt lat="40.786564" lon="-119.204417">
        <name>man/6:50/420</name>
      </trkpt>
      <trkpt lat="40.786660" lon="-119.204457">
        <name>man/7:00/420</name>
      </trkpt>
      <trkpt lat="40.786758" lon="-119.204486">
        <name>man/7:10/420</name>
      </trkpt>
      <trkpt lat="40.786858" lon="-119.204503">
        <name>man/7:20/420</name>
      </trkpt>
      <trkpt lat="40.786958" lon="-119.204509">
        <name>man/7:30/420</name>
      </trkpt>
      <trkpt lat="40.787058" lon="-119.204503">
        <name>man/7:40/420</name>
      </trkpt>
      <trkpt lat="40.787158" lon="-119.204486">
        <name>man/7:50/420</name>
      </trkpt>
      <trkpt lat="40.787256" lon="-119.204457">
        <name>man/8:00/420</name>
      </trkpt>
      <trkpt lat="40.787352" lon="-119.204417">
        <name>man/8:10/420</name>
      </trkpt>
      <trkpt lat="40.787444" lon="-119.204367">
        <name>man/8:20/420</name>
      </trkpt>
      <trkpt lat="40.787534" lon="-119.204306">
        <name>man/8:30/420</name>
      </trkpt>
      <trkpt lat="40.787618" lon="-119.204235">
        <name>man/8:40/420</name>
      </trkpt>
      <trkpt lat="40.787698" lon="-119.204154">
        <name>man/8:50/420</name>
      </trkpt>
      <trkpt lat="40.787772" lon="-119.204065">
        <name>man/9:00/420</name>
      </trkpt>
      <trkpt lat="40.787840" lon="-119.203968">
        <name>man/9:10/420</name>
      </trkpt>
      <trkpt lat="40.787901" lon="-119.203863">
        <name>man/9:20/420</name>
      </trkpt>
      <trkpt lat="40.787955" lon="-119.203751">
        <name>man/9:30/420</name>
      </trkpt>
      <trkpt lat="40.788001" lon="-119.203634">
        <name>man/9:40/420</name>
      </trkpt>
      <trkpt lat="40.788040" lon="-119.203512">
        <name>man/9:50/420</name>
      </trkpt>
      <trkpt lat="40.788070" lon="-119.203386">
        <name>man/10:00/420</name>
      </trkpt>
      <trkpt lat="40.788092" lon="-119.203257">
        <name>man/10:10/420</name>
      </trkpt>
      <trkpt lat="40.788105" lon="-119.203126">
        <name>man/10:20/420</name>
      </trkpt>
      <trkpt lat="40.788109" lon="-119.202994">
        <name>man/10:30/420</name>
      </trkpt>
      <trkpt lat="40.788105" lon="-119.202862">
        <name>man/10:40/420</name>
      </trkpt>
      <trkpt lat="40.788092" lon="-119.202731">
        <name>man/10:50/420</name>
      </trkpt>
      <trkpt lat="40.788070" lon="-119.202602">
        <name>man/11:00/420</name>
      </trkpt>
      <trkpt lat="40.788040" lon="-119.202476">
        <name>man/11:10/420</name>
      </trkpt>
      <trkpt lat="40.788001" lon="-119.202354">
        <name>man/11:20/420</name>
      </trkpt>
      <trkpt lat="40.787955" lon="-119.202237">
        <name>man/11:30/420</name>
      </trkpt>
      <trkpt lat="40.787901" lon="-119.202125">
        <name>man/11:40/420</name>
      </trkpt>
      <trkpt lat="40.787840" lon="-119.202020">
        <name>man/11:50/420</name>
      </trkpt>
      <trkpt lat="40.787772" lon="-119.201923">
        <name>man/12:00/420</name>
      </trkpt>
    </trkseg>
  </trk>
  <trk>
    <name>Point 1 Rd.</name>
    <trkseg>
      <trkpt lat="40.782874" lon="-119.223038">
        <name>man/7:00/5755</name>
      </trkpt>
      <trkpt lat="40.783340" lon="-119.233017">
        <name>Fence Post 216</name>
      </trkpt>
    </trkseg>
  </trk>
  <trk>
    <name>3:00 Civic Plaza</name>
    <trkseg>
      <trkpt lat="40.781001" lon="-119.194797" />
      <trkpt lat="40.780999" lon="-119.194750" />
      <trkpt lat="40.780992" lon="-119.194704" />
      <trkpt lat="40.780980" lon="-119.194659" />
      <trkpt lat="40.780964" lon="-119.194617" />
      <trkpt lat="40.780944" lon="-119.194578" />
      <trkpt lat="40.780921" lon="-119.194542" />
      <trkpt lat="40.780894" lon="-119.194511" />
      <trkpt lat="40.780864" lon="-119.194485" />
      <trkpt lat="40.780832" lon="-119.194464" />
      <trkpt lat="40.780798" lon="-119.194449" />
      <trkpt lat="40.780763" lon="-119.194440" />
      <trkpt lat="40.780727" lon="-119.194437" />
      <trkpt lat="40.780691" lon="-119.194440" />
      <trkpt lat="40.780656" lon="-119.194449" />
      <trkpt lat="40.780622" lon="-119.194464" />
      <trkpt lat="40.780590" lon="-119.194485" />
      <trkpt lat="40.780560" lon="-119.194511" />
      <trkpt lat="40.780533" lon="-119.194542" />
      <trkpt lat="40.780509" lon="-119.194578" />
      <trkpt lat="40.780490" lon="-119.194617" />
      <trkpt lat="40.780474" lon="-119.194659" />
      <trkpt lat="40.780462" lon="-119.194704" />
      <trkpt lat="40.780455" lon="-119.194750" />
      <trkpt lat="40.780453" lon="-119.194797" />
      <trkpt lat="40.780455" lon="-119.194844" />
      <trkpt lat="40.780462" lon="-119.194890" />
      <trkpt lat="40.780474" lon="-119.194935" />
      <trkpt lat="40.780490" lon="-119.194977" />
      <trkpt lat="40.780509" lon="-119.195017" />
      <trkpt lat="40.780533" lon="-119.195052" />
      <trkpt lat="40.780560" lon="-119.195083" />
      <trkpt lat="40.780590" lon="-119.195109" />
      <trkpt lat="40.780622" lon="-119.195130" />
      <trkpt lat="40.780656" lon="-119.195145" />
      <trkpt lat="40.780691" lon="-119.195155" />
      <trkpt lat="40.780727" lon="-119.195158" />
      <trkpt lat="40.780763" lon="-119.195155" />
      <trkpt lat="40.780798" lon="-119.195145" />
      <trkpt lat="40.780832" lon="-119.195130" />
      <trkpt lat="40.780864" lon="-119.195109" />
      <trkpt lat="40.780894" lon="-119.195083" />
      <trkpt lat="40.780921" lon="-119.195052" />
      <trkpt lat="40.780944" lon="-119.195017" />
      <trkpt lat="40.780964" lon="-119.194977" />
      <trkpt lat="40.780980" lon="-119.194935" />
      <trkpt lat="40.780992" lon="-119.194890" />
      <trkpt lat="40.780999" lon="-119.194844" />
      <trkpt lat="40.781001" lon="-119.194797" />
    </trkseg>
  </trk>
  <trk>
    <name>4:30 Civic Plaza</name>
    <trkseg>
      <trkpt lat="40.778420" lon="-119.202994" />
      <trkpt lat="40.778418" lon="-119.202947" />
      <trkpt lat="40.778411" lon="-119.202901" />
      <trkpt lat="40.778399" lon="-119.202856" />
      <trkpt lat="40.778384" lon="-119.202814" />
      <trkpt lat="40.778364" lon="-119.202775" />
      <trkpt lat="40.778340" lon="-119.202739" />
      <trkpt lat="40.778313" lon="-119.202708" />
      <trkpt lat="40.778283" lon="-119.202682" />
      <trkpt lat="40.778251" lon="-119.202661" />
      <trkpt lat="40.778217" lon="-119.202646" />
      <trkpt lat="40.778182" lon="-119.202637" />
      <trkpt lat="40.778146" lon="-119.202633" />
      <trkpt lat="40.778110" lon="-119.202637" />
      <trkpt lat="40.778075" lon="-119.202646" />
      <trkpt lat="40.778041" lon="-119.202661" />
      <trkpt lat="40.778009" lon="-119.202682" />
      <trkpt lat="40.777979" lon="-119.202708" />
      <trkpt lat="40.777952" lon="-119.202739" />
      <trkpt lat="40.777929" lon="-119.202775" />
      <trkpt lat="40.777909" lon="-119.202814" />
      <trkpt lat="40.777893" lon="-119.202856" />
      <trkpt lat="40.777882" lon="-119.202901" />
      <trkpt lat="40.777875" lon="-119.202947" />
      <trkpt lat="40.777872" lon="-119.202994" />
      <trkpt lat="40.777875" lon="-119.203041" />
      <trkpt lat="40.777882" lon="-119.203087" />
      <trkpt lat="40.777893" lon="-119.203132" />
      <trkpt lat="40.777909" lon="-119.203174" />
      <trkpt lat="40.777929" lon="-119.203213" />
      <trkpt lat="40.777952" lon="-119.203249" />
      <trkpt lat="40.777979" lon="-119.203280" />
      <trkpt lat="40.778009" lon="-119.203306" />
      <trkpt lat="40.778041" lon="-119.203327" />
      <trkpt lat="40.778075" lon="-119.203342" />
      <trkpt lat="40.778110" lon="-119.203351" />
      <trkpt lat="40.778146" lon="-119.203355" />
      <trkpt lat="40.778182" lon="-119.203351" />
      <trkpt lat="40.778217" lon="-119.203342" />
      <trkpt lat="40.778251" lon="-119.203327" />
      <trkpt lat="40.778283" lon="-119.203306" />
      <trkpt lat="40.778313" lon="-119.203280" />
      <trkpt lat="40.778340" lon="-119.203249" />
      <trkpt lat="40.778364" lon="-119.203213" />
      <trkpt lat="40.778384" lon="-119.203174" />
      <trkpt lat="40.778399" lon="-119.203132" />
      <trkpt lat="40.778411" lon="-119.203087" />
      <trkpt lat="40.778418" lon="-119.203041" />
      <trkpt lat="40.778420" lon="-119.202994" />
    </trkseg>
  </trk>
  <trk>
    <name>7:30 Civic Plaza</name>
    <trkseg>
      <trkpt lat="40.787232" lon="-119.214587" />
      <trkpt lat="40.787229" lon="-119.214540" />
      <trkpt lat="40.787222" lon="-119.214494" />
      <trkpt lat="40.787211" lon="-119.214449" />
      <trkpt lat="40.787195" lon="-119.214407" />
      <trkpt lat="40.787175" lon="-119.214368" />
      <trkpt lat="40.787151" lon="-119.214332" />
      <trkpt lat="40.787124" lon="-119.214301" />
      <trkpt lat="40.787094" lon="-119.214275" />
      <trkpt lat="40.787062" lon="-119.214254" />
      <trkpt lat="40.787028" lon="-119.214239" />
      <trkpt lat="40.786993" lon="-119.214230" />
      <trkpt lat="40.786957" lon="-119.214227" />
      <trkpt lat="40.786922" lon="-119.214230" />
      <trkpt lat="40.786886" lon="-119.214239" />
      <trkpt lat="40.786853" lon="-119.214254" />
      <trkpt lat="40.786820" lon="-119.214275" />
      <trkpt lat="40.786791" lon="-119.214301" />
      <trkpt lat="40.786764" lon="-119.214332" />
      <trkpt lat="40.786740" lon="-119.214368" />
      <trkpt lat="40.786720" lon="-119.214407" />
      <trkpt lat="40.786704" lon="-119.214449" />
      <trkpt lat="40.786693" lon="-119.214494" />
      <trkpt lat="40.786686" lon="-119.214540" />
      <trkpt lat="40.786683" lon="-119.214587" />
      <trkpt lat="40.786686" lon="-119.214634" />
      <trkpt lat="40.786693" lon="-119.214681" />
      <trkpt lat="40.786704" lon="-119.214725" />
      <trkpt lat="40.786720" lon="-119.214768" />
      <trkpt lat="40.786740" lon="-119.214807" />
      <trkpt lat="40.786764" lon="-119.214842" />
      <trkpt lat="40.786791" lon="-119.214873" />
      <trkpt lat="40.786820" lon="-119.214900" />
      <trkpt lat="40.786853" lon="-119.214920" />
      <trkpt lat="40.786886" lon="-119.214936" />
      <trkpt lat="40.786922" lon="-119.214945" />
      <trkpt lat="40.786957" lon="-119.214948" />
      <trkpt lat="40.786993" lon="-119.214945" />
      <trkpt lat="40.787028" lon="-119.214936" />
      <trkpt lat="40.787062" lon="-119.214920" />
      <trkpt lat="40.787094" lon="-119.214900" />
      <trkpt lat="40.787124" lon="-119.214873" />
      <trkpt lat="40.787151" lon="-119.214842" />
      <trkpt lat="40.787175" lon="-119.214807" />
      <trkpt lat="40.787195" lon="-119.214768" />
      <trkpt lat="40.787211" lon="-119.214725" />
      <trkpt lat="40.787222" lon="-119.214681" />
      <trkpt lat="40.787229" lon="-119.214634" />
      <trkpt lat="40.787232" lon="-119.214587" />
    </trkseg>
  </trk>
  <trk>
    <name>9:00 Civic Plaza</name>
    <trkseg>
      <trkpt lat="40.793463" lon="-119.211192" />
      <trkpt lat="40.793460" lon="-119.211145" />
      <trkpt lat="40.793453" lon="-119.211099" />
      <trkpt lat="40.793442" lon="-119.211054" />
      <trkpt lat="40.793426" lon="-119.211012" />
      <trkpt lat="40.793406" lon="-119.210973" />
      <trkpt lat="40.793382" lon="-119.210937" />
      <trkpt lat="40.793355" lon="-119.210906" />
      <trkpt lat="40.793326" lon="-119.210880" />
      <trkpt lat="40.793293" lon="-119.210859" />
      <trkpt lat="40.793259" lon="-119.210844" />
      <trkpt lat="40.793224" lon="-119.210835" />
      <trkpt lat="40.793189" lon="-119.210832" />
      <trkpt lat="40.793153" lon="-119.210835" />
      <trkpt lat="40.793118" lon="-119.210844" />
      <trkpt lat="40.793084" lon="-119.210859" />
      <trkpt lat="40.793052" lon="-119.210880" />
      <trkpt lat="40.793022" lon="-119.210906" />
      <trkpt lat="40.792995" lon="-119.210937" />
      <trkpt lat="40.792971" lon="-119.210973" />
      <trkpt lat="40.792951" lon="-119.211012" />
      <trkpt lat="40.792935" lon="-119.211054" />
      <trkpt lat="40.792924" lon="-119.211099" />
      <trkpt lat="40.792917" lon="-119.211145" />
      <trkpt lat="40.792914" lon="-119.211192" />
      <trkpt lat="40.792917" lon="-119.211240" />
      <trkpt lat="40.792924" lon="-119.211286" />
      <trkpt lat="40.792935" lon="-119.211330" />
      <trkpt lat="40.792951" lon="-119.211373" />
      <trkpt lat="40.792971" lon="-119.211412" />
      <trkpt lat="40.792995" lon="-119.211447" />
      <trkpt lat="40.793022" lon="-119.211479" />
      <trkpt lat="40.793052" lon="-119.211505" />
      <trkpt lat="40.793084" lon="-119.211526" />
      <trkpt lat="40.793118" lon="-119.211541" />
      <trkpt lat="40.793153" lon="-119.211550" />
      <trkpt lat="40.793189" lon="-119.211553" />
      <trkpt lat="40.793224" lon="-119.211550" />
      <trkpt lat="40.793259" lon="-119.211541" />
      <trkpt lat="40.793293" lon="-119.211526" />
      <trkpt lat="40.793326" lon="-119.211505" />
      <trkpt lat="40.793355" lon="-119.211479" />
      <trkpt lat="40.793382" lon="-119.211447" />
      <trkpt lat="40.793406" lon="-119.211412" />
      <trkpt lat="40.793426" lon="-119.211373" />
      <trkpt lat="40.793442" lon="-119.211330" />
      <trkpt lat="40.793453" lon="-119.211286" />
      <trkpt lat="40.793460" lon="-119.211240" />
      <trkpt lat="40.793463" lon="-119.211192" />
    </trkseg>
  </trk>
  <trk>
    <name>3:00 Public Plaza</name>
    <trkseg>
      <trkpt lat="40.777880" lon="-119.190693" />
      <trkpt lat="40.777878" lon="-119.190646" />
      <trkpt lat="40.777871" lon="-119.190599" />
      <trkpt lat="40.777859" lon="-119.190555" />
      <trkpt lat="40.777844" lon="-119.190513" />
      <trkpt lat="40.777824" lon="-119.190473" />
      <trkpt lat="40.777800" lon="-119.190438" />
      <trkpt lat="40.777773" lon="-119.190407" />
      <trkpt lat="40.777743" lon="-119.190381" />
      <trkpt lat="40.777711" lon="-119.190360" />
      <trkpt lat="40.777677" lon="-119.190345" />
      <trkpt lat="40.777642" lon="-119.190335" />
      <trkpt lat="40.777606" lon="-119.190332" />
      <trkpt lat="40.777570" lon="-119.190335" />
      <trkpt lat="40.777535" lon="-119.190345" />
      <trkpt lat="40.777501" lon="-119.190360" />
      <trkpt lat="40.777469" lon="-119.190381" />
      <trkpt lat="40.777439" lon="-119.190407" />
      <trkpt lat="40.777412" lon="-119.190438" />
      <trkpt lat="40.777389" lon="-119.190473" />
      <trkpt lat="40.777369" lon="-119.190513" />
      <trkpt lat="40.777353" lon="-119.190555" />
      <trkpt lat="40.777341" lon="-119.190599" />
      <trkpt lat="40.777334" lon="-119.190646" />
      <trkpt lat="40.777332" lon="-119.190693" />
      <trkpt lat="40.777334" lon="-119.190740" />
      <trkpt lat="40.777341" lon="-119.190786" />
      <trkpt lat="40.777353" lon="-119.190831" />
      <trkpt lat="40.777369" lon="-119.190873" />
      <trkpt lat="40.777389" lon="-119.190912" />
      <trkpt lat="40.777412" lon="-119.190948" />
      <trkpt lat="40.777439" lon="-119.190979" />
      <trkpt lat="40.777469" lon="-119.191005" />
      <trkpt lat="40.777501" lon="-119.191026" />
      <trkpt lat="40.777535" lon="-119.191041" />
      <trkpt lat="40.777570" lon="-119.191050" />
      <trkpt lat="40.777606" lon="-119.191053" />
      <trkpt lat="40.777642" lon="-119.191050" />
      <trkpt lat="40.777677" lon="-119.191041" />
      <trkpt lat="40.777711" lon="-119.191026" />
      <trkpt lat="40.777743" lon="-119.191005" />
      <trkpt lat="40.777773" lon="-119.190979" />
      <trkpt lat="40.777800" lon="-119.190948" />
      <trkpt lat="40.777824" lon="-119.190912" />
      <trkpt lat="40.777844" lon="-119.190873" />
      <trkpt lat="40.777859" lon="-119.190831" />
      <trkpt lat="40.777871" lon="-119.190786" />
      <trkpt lat="40.777878" lon="-119.190740" />
      <trkpt lat="40.777880" lon="-119.190693" />
    </trkseg>
  </trk>
  <trk>
    <name>6:00 Public Plaza</name>
    <trkseg>
      <trkpt lat="40.777880" lon="-119.215295" />
      <trkpt lat="40.777878" lon="-119.215248" />
      <trkpt lat="40.777871" lon="-119.215202" />
      <trkpt lat="40.777859" lon="-119.215157" />
      <trkpt lat="40.777844" lon="-119.215115" />
      <trkpt lat="40.777824" lon="-119.215076" />
      <trkpt lat="40.777800" lon="-119.215040" />
      <trkpt lat="40.777773" lon="-119.215009" />
      <trkpt lat="40.777743" lon="-119.214983" />
      <trkpt lat="40.777711" lon="-119.214962" />
      <trkpt lat="40.777677" lon="-119.214947" />
      <trkpt lat="40.777642" lon="-119.214938" />
      <trkpt lat="40.777606" lon="-119.214935" />
      <trkpt lat="40.777570" lon="-119.214938" />
      <trkpt lat="40.777535" lon="-119.214947" />
      <trkpt lat="40.777501" lon="-119.214962" />
      <trkpt lat="40.777469" lon="-119.214983" />
      <trkpt lat="40.777439" lon="-119.215009" />
      <trkpt lat="40.777412" lon="-119.215040" />
      <trkpt lat="40.777389" lon="-119.215076" />
      <trkpt lat="40.777369" lon="-119.215115" />
      <trkpt lat="40.777353" lon="-119.215157" />
      <trkpt lat="40.777341" lon="-119.215202" />
      <trkpt lat="40.777334" lon="-119.215248" />
      <trkpt lat="40.777332" lon="-119.215295" />
      <trkpt lat="40.777334" lon="-119.215342" />
      <trkpt lat="40.777341" lon="-119.215389" />
      <trkpt lat="40.777353" lon="-119.215433" />
      <trkpt lat="40.777369" lon="-119.215475" />
      <trkpt lat="40.777389" lon="-119.215515" />
      <trkpt lat="40.777412" lon="-119.215550" />
      <trkpt lat="40.777439" lon="-119.215581" />
      <trkpt lat="40.777469" lon="-119.215607" />
      <trkpt lat="40.777501" lon="-119.215628" />
      <trkpt lat="40.777535" lon="-119.215643" />
      <trkpt lat="40.777570" lon="-119.215653" />
      <trkpt lat="40.777606" lon="-119.215656" />
      <trkpt lat="40.777642" lon="-119.215653" />
      <trkpt lat="40.777677" lon="-119.215643" />
      <trkpt lat="40.777711" lon="-119.215628" />
      <trkpt lat="40.777743" lon="-119.215607" />
      <trkpt lat="40.777773" lon="-119.215581" />
      <trkpt lat="40.777800" lon="-119.215550" />
      <trkpt lat="40.777824" lon="-119.215515" />
      <trkpt lat="40.777844" lon="-119.215475" />
      <trkpt lat="40.777859" lon="-119.215433" />
      <trkpt lat="40.777871" lon="-119.215389" />
      <trkpt lat="40.777878" lon="-119.215342" />
      <trkpt lat="40.777880" lon="-119.215295" />
    </trkseg>
  </trk>
  <trk>
    <name>9:00 Public Plaza</name>
    <trkseg>
      <trkpt lat="40.796583" lon="-119.215299" />
      <trkpt lat="40.796580" lon="-119.215252" />
      <trkpt lat="40.796573" lon="-119.215205" />
      <trkpt lat="40.796562" lon="-119.215161" />
      <trkpt lat="40.796546" lon="-119.215118" />
      <trkpt lat="40.796526" lon="-119.215079" />
      <trkpt lat="40.796502" lon="-119.215044" />
      <trkpt lat="40.796475" lon="-119.215013" />
      <trkpt lat="40.796445" lon="-119.214986" />
      <trkpt lat="40.796413" lon="-119.214965" />
      <trkpt lat="40.796379" lon="-119.214950" />
      <trkpt lat="40.796344" lon="-119.214941" />
      <trkpt lat="40.796308" lon="-119.214938" />
      <trkpt lat="40.796273" lon="-119.214941" />
      <trkpt lat="40.796238" lon="-119.214950" />
      <trkpt lat="40.796204" lon="-119.214965" />
      <trkpt lat="40.796171" lon="-119.214986" />
      <trkpt lat="40.796142" lon="-119.215013" />
      <trkpt lat="40.796115" lon="-119.215044" />
      <trkpt lat="40.796091" lon="-119.215079" />
      <trkpt lat="40.796071" lon="-119.215118" />
      <trkpt lat="40.796055" lon="-119.215161" />
      <trkpt lat="40.796044" lon="-119.215205" />
      <trkpt lat="40.796037" lon="-119.215252" />
      <trkpt lat="40.796034" lon="-119.215299" />
      <trkpt lat="40.796037" lon="-119.215346" />
      <trkpt lat="40.796044" lon="-119.215392" />
      <trkpt lat="40.796055" lon="-119.215437" />
      <trkpt lat="40.796071" lon="-119.215479" />
      <trkpt lat="40.796091" lon="-119.215518" />
      <trkpt lat="40.796115" lon="-119.215554" />
      <trkpt lat="40.796142" lon="-119.215585" />
      <trkpt lat="40.796171" lon="-119.215611" />
      <trkpt lat="40.796204" lon="-119.215632" />
      <trkpt lat="40.796238" lon="-119.215647" />
      <trkpt lat="40.796273" lon="-119.215656" />
      <trkpt lat="40.796308" lon="-119.215659" />
      <trkpt lat="40.796344" lon="-119.215656" />
      <trkpt lat="40.796379" lon="-119.215647" />
      <trkpt lat="40.796413" lon="-119.215632" />
      <trkpt lat="40.796445" lon="-119.215611" />
      <trkpt lat="40.796475" lon="-119.215585" />
      <trkpt lat="40.796502" lon="-119.215554" />
      <trkpt lat="40.796526" lon="-119.215518" />
      <trkpt lat="40.796546" lon="-119.215479" />
      <trkpt lat="40.796562" lon="-119.215437" />
      <trkpt lat="40.796573" lon="-119.215392" />
      <trkpt lat="40.796580" lon="-119.215346" />
      <trkpt lat="40.796583" lon="-119.215299" />
    </trkseg>
  </trk>
  <trk>
    <name>4:30 Art Plaza</name>
    <trkseg>
      <trkpt lat="40.774008" lon="-119.202994" />
      <trkpt lat="40.774005" lon="-119.202947" />
      <trkpt lat="40.773998" lon="-119.202901" />
      <trkpt lat="40.773987" lon="-119.202856" />
      <trkpt lat="40.773971" lon="-119.202814" />
      <trkpt lat="40.773951" lon="-119.202775" />
      <trkpt lat="40.773927" lon="-119.202739" />
      <trkpt lat="40.773900" lon="-119.202708" />
      <trkpt lat="40.773871" lon="-119.202682" />
      <trkpt lat="40.773838" lon="-119.202661" />
      <trkpt lat="40.773804" lon="-119.202646" />
      <trkpt lat="40.773769" lon="-119.202637" />
      <trkpt lat="40.773734" lon="-119.202633" />
      <trkpt lat="40.773698" lon="-119.202637" />
      <trkpt lat="40.773663" lon="-119.202646" />
      <trkpt lat="40.773629" lon="-119.202661" />
      <trkpt lat="40.773596" lon="-119.202682" />
      <trkpt lat="40.773567" lon="-119.202708" />
      <trkpt lat="40.773540" lon="-119.202739" />
      <trkpt lat="40.773516" lon="-119.202775" />
      <trkpt lat="40.773496" lon="-119.202814" />
      <trkpt lat="40.773480" lon="-119.202856" />
      <trkpt lat="40.773469" lon="-119.202901" />
      <trkpt lat="40.773462" lon="-119.202947" />
      <trkpt lat="40.773459" lon="-119.202994" />
      <trkpt lat="40.773462" lon="-119.203041" />
      <trkpt lat="40.773469" lon="-119.203087" />
      <trkpt lat="40.773480" lon="-119.203132" />
      <trkpt lat="40.773496" lon="-119.203174" />
      <trkpt lat="40.773516" lon="-119.203213" />
      <trkpt lat="40.773540" lon="-119.203249" />
      <trkpt lat="40.773567" lon="-119.203280" />
      <trkpt lat="40.773596" lon="-119.203306" />
      <trkpt lat="40.773629" lon="-119.203327" />
      <trkpt lat="40.773663" lon="-119.203342" />
      <trkpt lat="40.773698" lon="-119.203351" />
      <trkpt lat="40.773734" lon="-119.203355" />
      <trkpt lat="40.773769" lon="-119.203351" />
      <trkpt lat="40.773804" lon="-119.203342" />
      <trkpt lat="40.773838" lon="-119.203327" />
      <trkpt lat="40.773871" lon="-119.203306" />
      <trkpt lat="40.773900" lon="-119.203280" />
      <trkpt lat="40.773927" lon="-119.203249" />
      <trkpt lat="40.773951" lon="-119.203213" />
      <trkpt lat="40.773971" lon="-119.203174" />
      <trkpt lat="40.773987" lon="-119.203132" />
      <trkpt lat="40.773998" lon="-119.203087" />
      <trkpt lat="40.774005" lon="-119.203041" />
      <trkpt lat="40.774008" lon="-119.202994" />
    </trkseg>
  </trk>
  <trk>
    <name>7:30 Art Plaza</name>
    <trkseg>
      <trkpt lat="40.787231" lon="-119.220393" />
      <trkpt lat="40.787228" lon="-119.220346" />
      <trkpt lat="40.787221" lon="-119.220300" />
      <trkpt lat="40.787210" lon="-119.220255" />
      <trkpt lat="40.787194" lon="-119.220213" />
      <trkpt lat="40.787174" lon="-119.220173" />
      <trkpt lat="40.787150" lon="-119.220138" />
      <trkpt lat="40.787124" lon="-119.220107" />
      <trkpt lat="40.787094" lon="-119.220081" />
      <trkpt lat="40.787062" lon="-119.220060" />
      <trkpt lat="40.787028" lon="-119.220045" />
      <trkpt lat="40.786992" lon="-119.220035" />
      <trkpt lat="40.786957" lon="-119.220032" />
      <trkpt lat="40.786921" lon="-119.220035" />
      <trkpt lat="40.786886" lon="-119.220045" />
      <trkpt lat="40.786852" lon="-119.220060" />
      <trkpt lat="40.786820" lon="-119.220081" />
      <trkpt lat="40.786790" lon="-119.220107" />
      <trkpt lat="40.786763" lon="-119.220138" />
      <trkpt lat="40.786739" lon="-119.220173" />
      <trkpt lat="40.786719" lon="-119.220213" />
      <trkpt lat="40.786703" lon="-119.220255" />
      <trkpt lat="40.786692" lon="-119.220300" />
      <trkpt lat="40.786685" lon="-119.220346" />
      <trkpt lat="40.786683" lon="-119.220393" />
      <trkpt lat="40.786685" lon="-119.220440" />
      <trkpt lat="40.786692" lon="-119.220486" />
      <trkpt lat="40.786703" lon="-119.220531" />
      <trkpt lat="40.786719" lon="-119.220573" />
      <trkpt lat="40.786739" lon="-119.220612" />
      <trkpt lat="40.786763" lon="-119.220648" />
      <trkpt lat="40.786790" lon="-119.220679" />
      <trkpt lat="40.786820" lon="-119.220705" />
      <trkpt lat="40.786852" lon="-119.220726" />
      <trkpt lat="40.786886" lon="-119.220741" />
      <trkpt lat="40.786921" lon="-119.220750" />
      <trkpt lat="40.786957" lon="-119.220754" />
      <trkpt lat="40.786992" lon="-119.220750" />
      <trkpt lat="40.787028" lon="-119.220741" />
      <trkpt lat="40.787062" lon="-119.220726" />
      <trkpt lat="40.787094" lon="-119.220705" />
      <trkpt lat="40.787124" lon="-119.220679" />
      <trkpt lat="40.787150" lon="-119.220648" />
      <trkpt lat="40.787174" lon="-119.220612" />
      <trkpt lat="40.787194" lon="-119.220573" />
      <trkpt lat="40.787210" lon="-119.220531" />
      <trkpt lat="40.787221" lon="-119.220486" />
      <trkpt lat="40.787228" lon="-119.220440" />
      <trkpt lat="40.787231" lon="-119.220393" />
    </trkseg>
  </trk>
  <trk>
    <name />
    <trkseg>
      <trkpt lat="40.788054" lon="-119.202994" />
      <trkpt lat="40.788045" lon="-119.202806" />
      <trkpt lat="40.788017" lon="-119.202621" />
      <trkpt lat="40.787971" lon="-119.202442" />
      <trkpt lat="40.787907" lon="-119.202273" />
      <trkpt lat="40.787828" lon="-119.202116" />
      <trkpt lat="40.787733" lon="-119.201974" />
      <trkpt lat="40.787625" lon="-119.201850" />
      <trkpt lat="40.787506" lon="-119.201745" />
      <trkpt lat="40.787378" lon="-119.201661" />
      <trkpt lat="40.787242" lon="-119.201601" />
      <trkpt lat="40.787101" lon="-119.201564" />
      <trkpt lat="40.786958" lon="-119.201552" />
      <trkpt lat="40.786815" lon="-119.201564" />
      <trkpt lat="40.786674" lon="-119.201601" />
      <trkpt lat="40.786538" lon="-119.201661" />
      <trkpt lat="40.786410" lon="-119.201745" />
      <trkpt lat="40.786291" lon="-119.201850" />
      <trkpt lat="40.786183" lon="-119.201974" />
      <trkpt lat="40.786088" lon="-119.202116" />
      <trkpt lat="40.786009" lon="-119.202273" />
      <trkpt lat="40.785945" lon="-119.202442" />
      <trkpt lat="40.785899" lon="-119.202621" />
      <trkpt lat="40.785871" lon="-119.202806" />
      <trkpt lat="40.785862" lon="-119.202994" />
      <trkpt lat="40.785871" lon="-119.203182" />
      <trkpt lat="40.785899" lon="-119.203367" />
      <trkpt lat="40.785945" lon="-119.203546" />
      <trkpt lat="40.786009" lon="-119.203715" />
      <trkpt lat="40.786088" lon="-119.203872" />
      <trkpt lat="40.786183" lon="-119.204014" />
      <trkpt lat="40.786291" lon="-119.204138" />
      <trkpt lat="40.786410" lon="-119.204243" />
      <trkpt lat="40.786538" lon="-119.204327" />
      <trkpt lat="40.786674" lon="-119.204387" />
      <trkpt lat="40.786815" lon="-119.204424" />
      <trkpt lat="40.786958" lon="-119.204436" />
      <trkpt lat="40.787101" lon="-119.204424" />
      <trkpt lat="40.787242" lon="-119.204387" />
      <trkpt lat="40.787378" lon="-119.204327" />
      <trkpt lat="40.787506" lon="-119.204243" />
      <trkpt lat="40.787625" lon="-119.204138" />
      <trkpt lat="40.787733" lon="-119.204014" />
      <trkpt lat="40.787828" lon="-119.203872" />
      <trkpt lat="40.787907" lon="-119.203715" />
      <trkpt lat="40.787971" lon="-119.203546" />
      <trkpt lat="40.788017" lon="-119.203367" />
      <trkpt lat="40.788045" lon="-119.203182" />
      <trkpt lat="40.788054" lon="-119.202994" />
    </trkseg>
  </trk>
  <trk>
    <name>Center Camp Canopy</name>
    <trkseg>
      <trkpt lat="40.781388" lon="-119.210322">
        <name>cc/12:00/125</name>
      </trkpt>
      <trkpt lat="40.781366" lon="-119.210295">
        <name>cc/12:10/125</name>
      </trkpt>
      <trkpt lat="40.781342" lon="-119.210271">
        <name>cc/12:20/125</name>
      </trkpt>
      <trkpt lat="40.781317" lon="-119.210250">
        <name>cc/12:30/125</name>
      </trkpt>
      <trkpt lat="40.781290" lon="-119.210232">
        <name>cc/12:40/125</name>
      </trkpt>
      <trkpt lat="40.781263" lon="-119.210217">
        <name>cc/12:50/125</name>
      </trkpt>
      <trkpt lat="40.781234" lon="-119.210205">
        <name>cc/1:00/125</name>
      </trkpt>
      <trkpt lat="40.781205" lon="-119.210196">
        <name>cc/1:10/125</name>
      </trkpt>
      <trkpt lat="40.781175" lon="-119.210191">
        <name>cc/1:20/125</name>
      </trkpt>
      <trkpt lat="40.781146" lon="-119.210190">
        <name>cc/1:30/125</name>
      </trkpt>
      <trkpt lat="40.781116" lon="-119.210191">
        <name>cc/1:40/125</name>
      </trkpt>
      <trkpt lat="40.781086" lon="-119.210196">
        <name>cc/1:50/125</name>
      </trkpt>
      <trkpt lat="40.781057" lon="-119.210205">
        <name>cc/2:00/125</name>
      </trkpt>
      <trkpt lat="40.781028" lon="-119.210217">
        <name>cc/2:10/125</name>
      </trkpt>
      <trkpt lat="40.781001" lon="-119.210232">
        <name>cc/2:20/125</name>
      </trkpt>
      <trkpt lat="40.780974" lon="-119.210250">
        <name>cc/2:30/125</name>
      </trkpt>
      <trkpt lat="40.780949" lon="-119.210271">
        <name>cc/2:40/125</name>
      </trkpt>
      <trkpt lat="40.780925" lon="-119.210295">
        <name>cc/2:50/125</name>
      </trkpt>
      <trkpt lat="40.780903" lon="-119.210322">
        <name>cc/3:00/125</name>
      </trkpt>
      <trkpt lat="40.780883" lon="-119.210351">
        <name>cc/3:10/125</name>
      </trkpt>
      <trkpt lat="40.780865" lon="-119.210382">
        <name>cc/3:20/125</name>
      </trkpt>
      <trkpt lat="40.780849" lon="-119.210415">
        <name>cc/3:30/125</name>
      </trkpt>
      <trkpt lat="40.780835" lon="-119.210450">
        <name>cc/3:40/125</name>
      </trkpt>
      <trkpt lat="40.780824" lon="-119.210486">
        <name>cc/3:50/125</name>
      </trkpt>
      <trkpt lat="40.780815" lon="-119.210524">
        <name>cc/4:00/125</name>
      </trkpt>
      <trkpt lat="40.780808" lon="-119.210562">
        <name>cc/4:10/125</name>
      </trkpt>
      <trkpt lat="40.780804" lon="-119.210601">
        <name>cc/4:20/125</name>
      </trkpt>
      <trkpt lat="40.780803" lon="-119.210640">
        <name>cc/4:30/125</name>
      </trkpt>
      <trkpt lat="40.780804" lon="-119.210680">
        <name>cc/4:40/125</name>
      </trkpt>
      <trkpt lat="40.780808" lon="-119.210719">
        <name>cc/4:50/125</name>
      </trkpt>
      <trkpt lat="40.780815" lon="-119.210757">
        <name>cc/5:00/125</name>
      </trkpt>
      <trkpt lat="40.780824" lon="-119.210794">
        <name>cc/5:10/125</name>
      </trkpt>
      <trkpt lat="40.780835" lon="-119.210831">
        <name>cc/5:20/125</name>
      </trkpt>
      <trkpt lat="40.780849" lon="-119.210866">
        <name>cc/5:30/125</name>
      </trkpt>
      <trkpt lat="40.780865" lon="-119.210899">
        <name>cc/5:40/125</name>
      </trkpt>
      <trkpt lat="40.780883" lon="-119.210930">
        <name>cc/5:50/125</name>
      </trkpt>
      <trkpt lat="40.780903" lon="-119.210959">
        <name>cc/6:00/125</name>
      </trkpt>
      <trkpt lat="40.780925" lon="-119.210986">
        <name>cc/6:10/125</name>
      </trkpt>
      <trkpt lat="40.780949" lon="-119.211009">
        <name>cc/6:20/125</name>
      </trkpt>
      <trkpt lat="40.780974" lon="-119.211031">
        <name>cc/6:30/125</name>
      </trkpt>
      <trkpt lat="40.781001" lon="-119.211049">
        <name>cc/6:40/125</name>
      </trkpt>
      <trkpt lat="40.781028" lon="-119.211064">
        <name>cc/6:50/125</name>
      </trkpt>
      <trkpt lat="40.781057" lon="-119.211076">
        <name>cc/7:00/125</name>
      </trkpt>
      <trkpt lat="40.781086" lon="-119.211084">
        <name>cc/7:10/125</name>
      </trkpt>
      <trkpt lat="40.781116" lon="-119.211089">
        <name>cc/7:20/125</name>
      </trkpt>
      <trkpt lat="40.781146" lon="-119.211091">
        <name>cc/7:30/125</name>
      </trkpt>
      <trkpt lat="40.781175" lon="-119.211089">
        <name>cc/7:40/125</name>
      </trkpt>
      <trkpt lat="40.781205" lon="-119.211084">
        <name>cc/7:50/125</name>
      </trkpt>
      <trkpt lat="40.781234" lon="-119.211076">
        <name>cc/8:00/125</name>
      </trkpt>
      <trkpt lat="40.781263" lon="-119.211064">
        <name>cc/8:10/125</name>
      </trkpt>
      <trkpt lat="40.781290" lon="-119.211049">
        <name>cc/8:20/125</name>
      </trkpt>
      <trkpt lat="40.781317" lon="-119.211031">
        <name>cc/8:30/125</name>
      </trkpt>
      <trkpt lat="40.781342" lon="-119.211009">
        <name>cc/8:40/125</name>
      </trkpt>
      <trkpt lat="40.781366" lon="-119.210986">
        <name>cc/8:50/125</name>
      </trkpt>
      <trkpt lat="40.781388" lon="-119.210959">
        <name>cc/9:00/125</name>
      </trkpt>
      <trkpt lat="40.781408" lon="-119.210930">
        <name>cc/9:10/125</name>
      </trkpt>
      <trkpt lat="40.781426" lon="-119.210899">
        <name>cc/9:20/125</name>
      </trkpt>
      <trkpt lat="40.781442" lon="-119.210866">
        <name>cc/9:30/125</name>
      </trkpt>
      <trkpt lat="40.781456" lon="-119.210831">
        <name>cc/9:40/125</name>
      </trkpt>
      <trkpt lat="40.781467" lon="-119.210794">
        <name>cc/9:50/125</name>
      </trkpt>
      <trkpt lat="40.781476" lon="-119.210757">
        <name>cc/10:00/125</name>
      </trkpt>
      <trkpt lat="40.781483" lon="-119.210719">
        <name>cc/10:10/125</name>
      </trkpt>
      <trkpt lat="40.781487" lon="-119.210680">
        <name>cc/10:20/125</name>
      </trkpt>
      <trkpt lat="40.781488" lon="-119.210640">
        <name>cc/10:30/125</name>
      </trkpt>
      <trkpt lat="40.781487" lon="-119.210601">
        <name>cc/10:40/125</name>
      </trkpt>
      <trkpt lat="40.781483" lon="-119.210562">
        <name>cc/10:50/125</name>
      </trkpt>
      <trkpt lat="40.781476" lon="-119.210524">
        <name>cc/11:00/125</name>
      </trkpt>
      <trkpt lat="40.781467" lon="-119.210486">
        <name>cc/11:10/125</name>
      </trkpt>
      <trkpt lat="40.781456" lon="-119.210450">
        <name>cc/11:20/125</name>
      </trkpt>
      <trkpt lat="40.781442" lon="-119.210415">
        <name>cc/11:30/125</name>
      </trkpt>
      <trkpt lat="40.781426" lon="-119.210382">
        <name>cc/11:40/125</name>
      </trkpt>
      <trkpt lat="40.781408" lon="-119.210351">
        <name>cc/11:50/125</name>
      </trkpt>
      <trkpt lat="40.781388" lon="-119.210322">
        <name>cc/12:00/125</name>
      </trkpt>
    </trkseg>
  </trk>
  <trk>
    <name />
    <trkseg>
      <trkpt lat="40.792094" lon="-119.196236">
        <name>12:00/150</name>
      </trkpt>
      <trkpt lat="40.792067" lon="-119.196205">
        <name>12:10/150</name>
      </trkpt>
      <trkpt lat="40.792039" lon="-119.196176">
        <name>12:20/150</name>
      </trkpt>
      <trkpt lat="40.792009" lon="-119.196151">
        <name>12:30/150</name>
      </trkpt>
      <trkpt lat="40.791977" lon="-119.196129">
        <name>12:40/150</name>
      </trkpt>
      <trkpt lat="40.791944" lon="-119.196111">
        <name>12:50/150</name>
      </trkpt>
      <trkpt lat="40.791909" lon="-119.196096">
        <name>1:00/150</name>
      </trkpt>
      <trkpt lat="40.791874" lon="-119.196086">
        <name>1:10/150</name>
      </trkpt>
      <trkpt lat="40.791839" lon="-119.196080">
        <name>1:20/150</name>
      </trkpt>
      <trkpt lat="40.791803" lon="-119.196078">
        <name>1:30/150</name>
      </trkpt>
      <trkpt lat="40.791772" lon="-119.196081">
        <name>1:40/150</name>
      </trkpt>
      <trkpt lat="40.791732" lon="-119.196086">
        <name>1:50/150</name>
      </trkpt>
      <trkpt lat="40.791697" lon="-119.196096">
        <name>2:00/150</name>
      </trkpt>
      <trkpt lat="40.791662" lon="-119.196111">
        <name>2:10/150</name>
      </trkpt>
      <trkpt lat="40.791629" lon="-119.196129">
        <name>2:20/150</name>
      </trkpt>
      <trkpt lat="40.791597" lon="-119.196151">
        <name>2:30/150</name>
      </trkpt>
      <trkpt lat="40.791567" lon="-119.196176">
        <name>2:40/150</name>
      </trkpt>
      <trkpt lat="40.791539" lon="-119.196205">
        <name>2:50/150</name>
      </trkpt>
      <trkpt lat="40.791512" lon="-119.196236">
        <name>3:00/150</name>
      </trkpt>
      <trkpt lat="40.791488" lon="-119.196271">
        <name>3:10/150</name>
      </trkpt>
      <trkpt lat="40.791466" lon="-119.196309">
        <name>3:20/150</name>
      </trkpt>
      <trkpt lat="40.791447" lon="-119.196349">
        <name>3:30/150</name>
      </trkpt>
      <trkpt lat="40.791430" lon="-119.196390">
        <name>3:40/150</name>
      </trkpt>
      <trkpt lat="40.791417" lon="-119.196434">
        <name>3:50/150</name>
      </trkpt>
      <trkpt lat="40.791406" lon="-119.196479">
        <name>4:00/150</name>
      </trkpt>
      <trkpt lat="40.791398" lon="-119.196525">
        <name>4:10/150</name>
      </trkpt>
      <trkpt lat="40.791393" lon="-119.196572">
        <name>4:20/150</name>
      </trkpt>
      <trkpt lat="40.791402" lon="-119.196613">
        <name>4:30/150</name>
      </trkpt>
      <trkpt lat="40.791393" lon="-119.196666">
        <name>4:40/150</name>
      </trkpt>
      <trkpt lat="40.791398" lon="-119.196713">
        <name>4:50/150</name>
      </trkpt>
      <trkpt lat="40.791406" lon="-119.196759">
        <name>5:00/150</name>
      </trkpt>
      <trkpt lat="40.791417" lon="-119.196804">
        <name>5:10/150</name>
      </trkpt>
      <trkpt lat="40.791430" lon="-119.196848">
        <name>5:20/150</name>
      </trkpt>
      <trkpt lat="40.791447" lon="-119.196889">
        <name>5:30/150</name>
      </trkpt>
      <trkpt lat="40.791466" lon="-119.196929">
        <name>5:40/150</name>
      </trkpt>
      <trkpt lat="40.791488" lon="-119.196967">
        <name>5:50/150</name>
      </trkpt>
      <trkpt lat="40.791512" lon="-119.197001">
        <name>6:00/150</name>
      </trkpt>
      <trkpt lat="40.791539" lon="-119.197033">
        <name>6:10/150</name>
      </trkpt>
      <trkpt lat="40.791567" lon="-119.197062">
        <name>6:20/150</name>
      </trkpt>
      <trkpt lat="40.791597" lon="-119.197087">
        <name>6:30/150</name>
      </trkpt>
      <trkpt lat="40.791629" lon="-119.197109">
        <name>6:40/150</name>
      </trkpt>
      <trkpt lat="40.791662" lon="-119.197127">
        <name>6:50/150</name>
      </trkpt>
      <trkpt lat="40.791697" lon="-119.197141">
        <name>7:00/150</name>
      </trkpt>
      <trkpt lat="40.791732" lon="-119.197152">
        <name>7:10/150</name>
      </trkpt>
      <trkpt lat="40.791767" lon="-119.197158">
        <name>7:20/150</name>
      </trkpt>
      <trkpt lat="40.791808" lon="-119.197147">
        <name>7:30/150</name>
      </trkpt>
      <trkpt lat="40.791839" lon="-119.197158">
        <name>7:40/150</name>
      </trkpt>
      <trkpt lat="40.791874" lon="-119.197152">
        <name>7:50/150</name>
      </trkpt>
      <trkpt lat="40.791909" lon="-119.197141">
        <name>8:00/150</name>
      </trkpt>
      <trkpt lat="40.791944" lon="-119.197127">
        <name>8:10/150</name>
      </trkpt>
      <trkpt lat="40.791977" lon="-119.197109">
        <name>8:20/150</name>
      </trkpt>
      <trkpt lat="40.792009" lon="-119.197087">
        <name>8:30/150</name>
      </trkpt>
      <trkpt lat="40.792039" lon="-119.197062">
        <name>8:40/150</name>
      </trkpt>
      <trkpt lat="40.792067" lon="-119.197033">
        <name>8:50/150</name>
      </trkpt>
      <trkpt lat="40.792094" lon="-119.197001">
        <name>9:00/150</name>
      </trkpt>
      <trkpt lat="40.792118" lon="-119.196967">
        <name>9:10/150</name>
      </trkpt>
      <trkpt lat="40.792140" lon="-119.196929">
        <name>9:20/150</name>
      </trkpt>
      <trkpt lat="40.792159" lon="-119.196889">
        <name>9:30/150</name>
      </trkpt>
      <trkpt lat="40.792176" lon="-119.196848">
        <name>9:40/150</name>
      </trkpt>
      <trkpt lat="40.792189" lon="-119.196804">
        <name>9:50/150</name>
      </trkpt>
      <trkpt lat="40.792200" lon="-119.196759">
        <name>10:00/150</name>
      </trkpt>
      <trkpt lat="40.792208" lon="-119.196713">
        <name>10:10/150</name>
      </trkpt>
      <trkpt lat="40.792212" lon="-119.196659">
        <name>10:20/150</name>
      </trkpt>
      <trkpt lat="40.792214" lon="-119.196619">
        <name>10:30/150</name>
      </trkpt>
      <trkpt lat="40.792213" lon="-119.196572">
        <name>10:40/150</name>
      </trkpt>
      <trkpt lat="40.792208" lon="-119.196525">
        <name>10:50/150</name>
      </trkpt>
      <trkpt lat="40.792200" lon="-119.196479">
        <name>11:00/150</name>
      </trkpt>
      <trkpt lat="40.792189" lon="-119.196434">
        <name>11:10/150</name>
      </trkpt>
      <trkpt lat="40.792176" lon="-119.196390">
        <name>11:20/150</name>
      </trkpt>
      <trkpt lat="40.792159" lon="-119.196349">
        <name>11:30/150</name>
      </trkpt>
      <trkpt lat="40.792140" lon="-119.196309">
        <name>11:40/150</name>
      </trkpt>
      <trkpt lat="40.792118" lon="-119.196271">
        <name>11:50/150</name>
      </trkpt>
      <trkpt lat="40.792094" lon="-119.196236">
        <name>12:00/150</name>
      </trkpt>
    </trkseg>
  </trk>
  <trk>
    <name>3:00 Portal</name>
    <trkseg>
      <trkpt lat="40.781998" lon="-119.196775" />
      <trkpt lat="40.782113" lon="-119.196620" />
      <trkpt lat="40.782230" lon="-119.196469" />
      <trkpt lat="40.780944" lon="-119.195017" />
      <trkpt lat="40.780921" lon="-119.195052" />
      <trkpt lat="40.780894" lon="-119.195083" />
    </trkseg>
  </trk>
  <trk>
    <name>4:30 Portal</name>
    <trkseg>
      <trkpt lat="40.780108" lon="-119.203210" />
      <trkpt lat="40.780106" lon="-119.202994" />
      <trkpt lat="40.780108" lon="-119.202778" />
      <trkpt lat="40.778418" lon="-119.202947" />
      <trkpt lat="40.778420" lon="-119.202994" />
      <trkpt lat="40.778418" lon="-119.203041" />
    </trkseg>
  </trk>
  <trk>
    <name>7:30 Portal</name>
    <trkseg>
      <trkpt lat="40.787122" lon="-119.212006" />
      <trkpt lat="40.786958" lon="-119.212009" />
      <trkpt lat="40.786793" lon="-119.212006" />
      <trkpt lat="40.786922" lon="-119.214230" />
      <trkpt lat="40.786957" lon="-119.214227" />
      <trkpt lat="40.786993" lon="-119.214230" />
    </trkseg>
  </trk>
  <trk>
    <name>9:00 Portal</name>
    <trkseg>
      <trkpt lat="40.791918" lon="-119.209214" />
      <trkpt lat="40.791803" lon="-119.209369" />
      <trkpt lat="40.791685" lon="-119.209520" />
      <trkpt lat="40.792971" lon="-119.210973" />
      <trkpt lat="40.792995" lon="-119.210937" />
      <trkpt lat="40.793022" lon="-119.210906" />
    </trkseg>
  </trk>
  <trk>
    <name>6:00 Portal</name>
    <trkseg>
      <trkpt lat="40.781342" lon="-119.210271">
        <name>cc/12:16/125</name>
      </trkpt>
      <trkpt lat="40.781366" lon="-119.210295">
        <name>cc/12:10/125</name>
      </trkpt>
      <trkpt lat="40.781388" lon="-119.210322">
        <name>cc/12:00/125</name>
      </trkpt>
      <trkpt lat="40.781408" lon="-119.210351">
        <name>cc/11:50/125</name>
      </trkpt>
      <trkpt lat="40.781426" lon="-119.210382">
        <name>cc/11:44/125</name>
      </trkpt>
      <trkpt lat="40.782833" lon="-119.208937">
        <name>cc/11:44/776</name>
      </trkpt>
      <trkpt lat="40.782775" lon="-119.208842">
        <name>cc/11:50/776</name>
      </trkpt>
      <trkpt lat="40.782649" lon="-119.208662">
        <name>cc/12:00/776</name>
      </trkpt>
      <trkpt lat="40.782513" lon="-119.208497">
        <name>cc/12:10/776</name>
      </trkpt>
      <trkpt lat="40.782440" lon="-119.208420">
        <name>cc/12:16/776</name>
      </trkpt>
    </trkseg>
  </trk>
  <wpt lat="40.784366" lon="-119.199272">
    <name>Toilet</name>
    <cmt>Toilet</cmt>
  </wpt>
  <wpt lat="40.789787" lon="-119.206405">
    <name>Toilet</name>
    <cmt>Toilet</cmt>
  </wpt>
  <wpt lat="40.786958" lon="-119.201011">
    <name>Toilet</name>
    <cmt>Toilet</cmt>
  </wpt>
  <wpt lat="40.791470" lon="-119.194133">
    <name>Toilet</name>
    <cmt>Toilet</cmt>
  </wpt>
  <wpt lat="40.785190" lon="-119.192503">
    <name>Toilet</name>
    <cmt>Toilet</cmt>
  </wpt>
  <wpt lat="40.794932" lon="-119.205320">
    <name>Toilet</name>
    <cmt>Toilet</cmt>
  </wpt>
  <wpt lat="40.784094" lon="-119.186008">
    <name>Toilet</name>
    <cmt>Toilet</cmt>
  </wpt>
  <wpt lat="40.799869" lon="-119.206761">
    <name>Toilet</name>
    <cmt>Toilet</cmt>
  </wpt>
  <wpt lat="40.802211" lon="-119.202994">
    <name>Toilet</name>
    <cmt>Toilet</cmt>
  </wpt>
  <wpt lat="40.802993" lon="-119.198797">
    <name>Toilet</name>
    <cmt>Toilet</cmt>
  </wpt>
  <wpt lat="40.801049" lon="-119.195313">
    <name>Toilet</name>
    <cmt>Toilet</cmt>
  </wpt>
  <wpt lat="40.801289" lon="-119.190979">
    <name>Toilet</name>
    <cmt>Toilet</cmt>
  </wpt>
  <wpt lat="40.796087" lon="-119.184136">
    <name>Toilet</name>
    <cmt>Toilet</cmt>
  </wpt>
  <wpt lat="40.782059" lon="-119.191580">
    <name>Toilet</name>
    <cmt>Toilet</cmt>
  </wpt>
  <wpt lat="40.780236" lon="-119.187427">
    <name>Toilet</name>
    <cmt>Toilet</cmt>
  </wpt>
  <wpt lat="40.779719" lon="-119.193089">
    <name>Toilet</name>
    <cmt>Toilet</cmt>
  </wpt>
  <wpt lat="40.776860" lon="-119.189533">
    <name>Toilet</name>
    <cmt>Toilet</cmt>
  </wpt>
  <wpt lat="40.778378" lon="-119.196332">
    <name>Toilet</name>
    <cmt>Toilet</cmt>
  </wpt>
  <wpt lat="40.775221" lon="-119.193934">
    <name>Toilet</name>
    <cmt>Toilet</cmt>
  </wpt>
  <wpt lat="40.777359" lon="-119.199480">
    <name>Toilet</name>
    <cmt>Toilet</cmt>
  </wpt>
  <wpt lat="40.773838" lon="-119.198239">
    <name>Toilet</name>
    <cmt>Toilet</cmt>
  </wpt>
  <wpt lat="40.776995" lon="-119.202868">
    <name>Toilet</name>
    <cmt>Toilet</cmt>
  </wpt>
  <wpt lat="40.772582" lon="-119.202868">
    <name>Toilet</name>
    <cmt>Toilet</cmt>
  </wpt>
  <wpt lat="40.777310" lon="-119.206264">
    <name>Toilet</name>
    <cmt>Toilet</cmt>
  </wpt>
  <wpt lat="40.773789" lon="-119.207505">
    <name>Toilet</name>
    <cmt>Toilet</cmt>
  </wpt>
  <wpt lat="40.778282" lon="-119.209438">
    <name>Toilet</name>
    <cmt>Toilet</cmt>
  </wpt>
  <wpt lat="40.775125" lon="-119.211835">
    <name>Toilet</name>
    <cmt>Toilet</cmt>
  </wpt>
  <wpt lat="40.780273" lon="-119.212170">
    <name>Toilet</name>
    <cmt>Toilet</cmt>
  </wpt>
  <wpt lat="40.776724" lon="-119.216277">
    <name>Toilet</name>
    <cmt>Toilet</cmt>
  </wpt>
  <wpt lat="40.782059" lon="-119.214408">
    <name>Toilet</name>
    <cmt>Toilet</cmt>
  </wpt>
  <wpt lat="40.780236" lon="-119.218561">
    <name>Toilet</name>
    <cmt>Toilet</cmt>
  </wpt>
  <wpt lat="40.784471" lon="-119.215687">
    <name>Toilet</name>
    <cmt>Toilet</cmt>
  </wpt>
  <wpt lat="40.783527" lon="-119.220319">
    <name>Toilet</name>
    <cmt>Toilet</cmt>
  </wpt>
  <wpt lat="40.787053" lon="-119.216102">
    <name>Toilet</name>
    <cmt>Toilet</cmt>
  </wpt>
  <wpt lat="40.787052" lon="-119.221907">
    <name>Toilet</name>
    <cmt>Toilet</cmt>
  </wpt>
  <wpt lat="40.789629" lon="-119.215623">
    <name>Toilet</name>
    <cmt>Toilet</cmt>
  </wpt>
  <wpt lat="40.790571" lon="-119.220256">
    <name>Toilet</name>
    <cmt>Toilet</cmt>
  </wpt>
  <wpt lat="40.792022" lon="-119.214283">
    <name>Toilet</name>
    <cmt>Toilet</cmt>
  </wpt>
  <wpt lat="40.793844" lon="-119.218438">
    <name>Toilet</name>
    <cmt>Toilet</cmt>
  </wpt>
  <wpt lat="40.794487" lon="-119.212519">
    <name>Toilet</name>
    <cmt>Toilet</cmt>
  </wpt>
  <wpt lat="40.797190" lon="-119.216281">
    <name>Toilet</name>
    <cmt>Toilet</cmt>
  </wpt>
  <wpt lat="40.795634" lon="-119.209439">
    <name>Toilet</name>
    <cmt>Toilet</cmt>
  </wpt>
  <wpt lat="40.798791" lon="-119.211838">
    <name>Toilet</name>
    <cmt>Toilet</cmt>
  </wpt>
  <wpt lat="40.785184" lon="-119.194286">
    <name>2:00&amp;Esp</name>
    <cmt>2:00&amp;Esp</cmt>
  </wpt>
  <wpt lat="40.783532" lon="-119.195187">
    <name>2:30&amp;Esp</name>
    <cmt>2:30&amp;Esp</cmt>
  </wpt>
  <wpt lat="40.782113" lon="-119.196620">
    <name>3:00&amp;Esp</name>
    <cmt>3:00&amp;Esp</cmt>
  </wpt>
  <wpt lat="40.781024" lon="-119.198487">
    <name>3:30&amp;Esp</name>
    <cmt>3:30&amp;Esp</cmt>
  </wpt>
  <wpt lat="40.780339" lon="-119.200661">
    <name>4:00&amp;Esp</name>
    <cmt>4:00&amp;Esp</cmt>
  </wpt>
  <wpt lat="40.780106" lon="-119.202994">
    <name>4:30&amp;Esp</name>
    <cmt>4:30&amp;Esp</cmt>
  </wpt>
  <wpt lat="40.780339" lon="-119.205327">
    <name>5:00&amp;Esp</name>
    <cmt>5:00&amp;Esp</cmt>
  </wpt>
  <wpt lat="40.781024" lon="-119.207501">
    <name>5:30&amp;Esp</name>
    <cmt>5:30&amp;Esp</cmt>
  </wpt>
  <wpt lat="40.782649" lon="-119.208662">
    <name>6:00&amp;Esp</name>
    <cmt>6:00&amp;Esp</cmt>
  </wpt>
  <wpt lat="40.783532" lon="-119.210801">
    <name>6:30&amp;Esp</name>
    <cmt>6:30&amp;Esp</cmt>
  </wpt>
  <wpt lat="40.785184" lon="-119.211702">
    <name>7:00&amp;Esp</name>
    <cmt>7:00&amp;Esp</cmt>
  </wpt>
  <wpt lat="40.786958" lon="-119.212009">
    <name>7:30&amp;Esp</name>
    <cmt>7:30&amp;Esp</cmt>
  </wpt>
  <wpt lat="40.788731" lon="-119.211702">
    <name>8:00&amp;Esp</name>
    <cmt>8:00&amp;Esp</cmt>
  </wpt>
  <wpt lat="40.790384" lon="-119.210802">
    <name>8:30&amp;Esp</name>
    <cmt>8:30&amp;Esp</cmt>
  </wpt>
  <wpt lat="40.791803" lon="-119.209369">
    <name>9:00&amp;Esp</name>
    <cmt>9:00&amp;Esp</cmt>
  </wpt>
  <wpt lat="40.792892" lon="-119.207502">
    <name>9:30&amp;Esp</name>
    <cmt>9:30&amp;Esp</cmt>
  </wpt>
  <wpt lat="40.793577" lon="-119.205327">
    <name>10:00&amp;Esp</name>
    <cmt>10:00&amp;Esp</cmt>
  </wpt>
  <wpt lat="40.784876" lon="-119.192771">
    <name>2:00&amp;A</name>
    <cmt>2:00&amp;A</cmt>
  </wpt>
  <wpt lat="40.782935" lon="-119.193829">
    <name>2:30&amp;A</name>
    <cmt>2:30&amp;A</cmt>
  </wpt>
  <wpt lat="40.781270" lon="-119.195511">
    <name>3:00&amp;A</name>
    <cmt>3:00&amp;A</cmt>
  </wpt>
  <wpt lat="40.779991" lon="-119.197703">
    <name>3:30&amp;A</name>
    <cmt>3:30&amp;A</cmt>
  </wpt>
  <wpt lat="40.779188" lon="-119.200255">
    <name>4:00&amp;A</name>
    <cmt>4:00&amp;A</cmt>
  </wpt>
  <wpt lat="40.778914" lon="-119.202994">
    <name>4:30&amp;A</name>
    <cmt>4:30&amp;A</cmt>
  </wpt>
  <wpt lat="40.779188" lon="-119.205733">
    <name>5:00&amp;A</name>
    <cmt>5:00&amp;A</cmt>
  </wpt>
  <wpt lat="40.780003" lon="-119.208280">
    <name>5:30&amp;A</name>
    <cmt>5:30&amp;A</cmt>
  </wpt>
  <wpt lat="40.782939" lon="-119.212144">
    <name>6:30&amp;A</name>
    <cmt>6:30&amp;A</cmt>
  </wpt>
  <wpt lat="40.784876" lon="-119.213217">
    <name>7:00&amp;A</name>
    <cmt>7:00&amp;A</cmt>
  </wpt>
  <wpt lat="40.786958" lon="-119.213578">
    <name>7:30&amp;A</name>
    <cmt>7:30&amp;A</cmt>
  </wpt>
  <wpt lat="40.789040" lon="-119.213217">
    <name>8:00&amp;A</name>
    <cmt>8:00&amp;A</cmt>
  </wpt>
  <wpt lat="40.790980" lon="-119.212160">
    <name>8:30&amp;A</name>
    <cmt>8:30&amp;A</cmt>
  </wpt>
  <wpt lat="40.792646" lon="-119.210478">
    <name>9:00&amp;A</name>
    <cmt>9:00&amp;A</cmt>
  </wpt>
  <wpt lat="40.793924" lon="-119.208286">
    <name>9:30&amp;A</name>
    <cmt>9:30&amp;A</cmt>
  </wpt>
  <wpt lat="40.794728" lon="-119.205734">
    <name>10:00&amp;A</name>
    <cmt>10:00&amp;A</cmt>
  </wpt>
  <wpt lat="40.784677" lon="-119.191796">
    <name>2:00&amp;B</name>
    <cmt>2:00&amp;B</cmt>
  </wpt>
  <wpt lat="40.782552" lon="-119.192955">
    <name>2:30&amp;B</name>
    <cmt>2:30&amp;B</cmt>
  </wpt>
  <wpt lat="40.780727" lon="-119.194797">
    <name>3:00&amp;B</name>
    <cmt>3:00&amp;B</cmt>
  </wpt>
  <wpt lat="40.779327" lon="-119.197198">
    <name>3:30&amp;B</name>
    <cmt>3:30&amp;B</cmt>
  </wpt>
  <wpt lat="40.778446" lon="-119.199994">
    <name>4:00&amp;B</name>
    <cmt>4:00&amp;B</cmt>
  </wpt>
  <wpt lat="40.778146" lon="-119.202994">
    <name>4:30&amp;B</name>
    <cmt>4:30&amp;B</cmt>
  </wpt>
  <wpt lat="40.778446" lon="-119.205994">
    <name>5:00&amp;B</name>
    <cmt>5:00&amp;B</cmt>
  </wpt>
  <wpt lat="40.779327" lon="-119.208790">
    <name>5:30&amp;B</name>
    <cmt>5:30&amp;B</cmt>
  </wpt>
  <wpt lat="40.782552" lon="-119.213033">
    <name>6:30&amp;B</name>
    <cmt>6:30&amp;B</cmt>
  </wpt>
  <wpt lat="40.784677" lon="-119.214192">
    <name>7:00&amp;B</name>
    <cmt>7:00&amp;B</cmt>
  </wpt>
  <wpt lat="40.786957" lon="-119.214587">
    <name>7:30&amp;B</name>
    <cmt>7:30&amp;B</cmt>
  </wpt>
  <wpt lat="40.789238" lon="-119.214193">
    <name>8:00&amp;B</name>
    <cmt>8:00&amp;B</cmt>
  </wpt>
  <wpt lat="40.791363" lon="-119.213035">
    <name>8:30&amp;B</name>
    <cmt>8:30&amp;B</cmt>
  </wpt>
  <wpt lat="40.793189" lon="-119.211192">
    <name>9:00&amp;B</name>
    <cmt>9:00&amp;B</cmt>
  </wpt>
  <wpt lat="40.794589" lon="-119.208791">
    <name>9:30&amp;B</name>
    <cmt>9:30&amp;B</cmt>
  </wpt>
  <wpt lat="40.795469" lon="-119.205995">
    <name>10:00&amp;B</name>
    <cmt>10:00&amp;B</cmt>
  </wpt>
  <wpt lat="40.784478" lon="-119.190821">
    <name>2:00&amp;C</name>
    <cmt>2:00&amp;C</cmt>
  </wpt>
  <wpt lat="40.782168" lon="-119.192080">
    <name>2:30&amp;C</name>
    <cmt>2:30&amp;C</cmt>
  </wpt>
  <wpt lat="40.780184" lon="-119.194083">
    <name>3:00&amp;C</name>
    <cmt>3:00&amp;C</cmt>
  </wpt>
  <wpt lat="40.778662" lon="-119.196693">
    <name>3:30&amp;C</name>
    <cmt>3:30&amp;C</cmt>
  </wpt>
  <wpt lat="40.777705" lon="-119.199733">
    <name>4:00&amp;C</name>
    <cmt>4:00&amp;C</cmt>
  </wpt>
  <wpt lat="40.777379" lon="-119.202994">
    <name>4:30&amp;C</name>
    <cmt>4:30&amp;C</cmt>
  </wpt>
  <wpt lat="40.777705" lon="-119.206255">
    <name>5:00&amp;C</name>
    <cmt>5:00&amp;C</cmt>
  </wpt>
  <wpt lat="40.778662" lon="-119.209295">
    <name>5:30&amp;C</name>
    <cmt>5:30&amp;C</cmt>
  </wpt>
  <wpt lat="40.780196" lon="-119.211890">
    <name>6:00&amp;C</name>
    <cmt>6:00&amp;C</cmt>
  </wpt>
  <wpt lat="40.782168" lon="-119.213908">
    <name>6:30&amp;C</name>
    <cmt>6:30&amp;C</cmt>
  </wpt>
  <wpt lat="40.784478" lon="-119.215167">
    <name>7:00&amp;C</name>
    <cmt>7:00&amp;C</cmt>
  </wpt>
  <wpt lat="40.786957" lon="-119.215597">
    <name>7:30&amp;C</name>
    <cmt>7:30&amp;C</cmt>
  </wpt>
  <wpt lat="40.789437" lon="-119.215168">
    <name>8:00&amp;C</name>
    <cmt>8:00&amp;C</cmt>
  </wpt>
  <wpt lat="40.791747" lon="-119.213909">
    <name>8:30&amp;C</name>
    <cmt>8:30&amp;C</cmt>
  </wpt>
  <wpt lat="40.793731" lon="-119.211907">
    <name>9:00&amp;C</name>
    <cmt>9:00&amp;C</cmt>
  </wpt>
  <wpt lat="40.795254" lon="-119.209296">
    <name>9:30&amp;C</name>
    <cmt>9:30&amp;C</cmt>
  </wpt>
  <wpt lat="40.796211" lon="-119.206256">
    <name>10:00&amp;C</name>
    <cmt>10:00&amp;C</cmt>
  </wpt>
  <wpt lat="40.784279" lon="-119.189846">
    <name>2:00&amp;D</name>
    <cmt>2:00&amp;D</cmt>
  </wpt>
  <wpt lat="40.781784" lon="-119.191206">
    <name>2:30&amp;D</name>
    <cmt>2:30&amp;D</cmt>
  </wpt>
  <wpt lat="40.779641" lon="-119.193369">
    <name>3:00&amp;D</name>
    <cmt>3:00&amp;D</cmt>
  </wpt>
  <wpt lat="40.777997" lon="-119.196189">
    <name>3:30&amp;D</name>
    <cmt>3:30&amp;D</cmt>
  </wpt>
  <wpt lat="40.776964" lon="-119.199471">
    <name>4:00&amp;D</name>
    <cmt>4:00&amp;D</cmt>
  </wpt>
  <wpt lat="40.776611" lon="-119.202994">
    <name>4:30&amp;D</name>
    <cmt>4:30&amp;D</cmt>
  </wpt>
  <wpt lat="40.776964" lon="-119.206517">
    <name>5:00&amp;D</name>
    <cmt>5:00&amp;D</cmt>
  </wpt>
  <wpt lat="40.777997" lon="-119.209799">
    <name>5:30&amp;D</name>
    <cmt>5:30&amp;D</cmt>
  </wpt>
  <wpt lat="40.779642" lon="-119.212619">
    <name>6:00&amp;D</name>
    <cmt>6:00&amp;D</cmt>
  </wpt>
  <wpt lat="40.781784" lon="-119.214782">
    <name>6:30&amp;D</name>
    <cmt>6:30&amp;D</cmt>
  </wpt>
  <wpt lat="40.784279" lon="-119.216142">
    <name>7:00&amp;D</name>
    <cmt>7:00&amp;D</cmt>
  </wpt>
  <wpt lat="40.786957" lon="-119.216607">
    <name>7:30&amp;D</name>
    <cmt>7:30&amp;D</cmt>
  </wpt>
  <wpt lat="40.789635" lon="-119.216143">
    <name>8:00&amp;D</name>
    <cmt>8:00&amp;D</cmt>
  </wpt>
  <wpt lat="40.792131" lon="-119.214784">
    <name>8:30&amp;D</name>
    <cmt>8:30&amp;D</cmt>
  </wpt>
  <wpt lat="40.794274" lon="-119.212621">
    <name>9:00&amp;D</name>
    <cmt>9:00&amp;D</cmt>
  </wpt>
  <wpt lat="40.795918" lon="-119.209801">
    <name>9:30&amp;D</name>
    <cmt>9:30&amp;D</cmt>
  </wpt>
  <wpt lat="40.796952" lon="-119.206518">
    <name>10:00&amp;D</name>
    <cmt>10:00&amp;D</cmt>
  </wpt>
  <wpt lat="40.784077" lon="-119.188853">
    <name>2:00&amp;E</name>
    <cmt>2:00&amp;E</cmt>
  </wpt>
  <wpt lat="40.781393" lon="-119.190316">
    <name>2:30&amp;E</name>
    <cmt>2:30&amp;E</cmt>
  </wpt>
  <wpt lat="40.779089" lon="-119.192643">
    <name>3:00&amp;E</name>
    <cmt>3:00&amp;E</cmt>
  </wpt>
  <wpt lat="40.777321" lon="-119.195675">
    <name>3:30&amp;E</name>
    <cmt>3:30&amp;E</cmt>
  </wpt>
  <wpt lat="40.776209" lon="-119.199205">
    <name>4:00&amp;E</name>
    <cmt>4:00&amp;E</cmt>
  </wpt>
  <wpt lat="40.775830" lon="-119.202994">
    <name>4:30&amp;E</name>
    <cmt>4:30&amp;E</cmt>
  </wpt>
  <wpt lat="40.776209" lon="-119.206783">
    <name>5:00&amp;E</name>
    <cmt>5:00&amp;E</cmt>
  </wpt>
  <wpt lat="40.777321" lon="-119.210313">
    <name>5:30&amp;E</name>
    <cmt>5:30&amp;E</cmt>
  </wpt>
  <wpt lat="40.779089" lon="-119.213345">
    <name>6:00&amp;E</name>
    <cmt>6:00&amp;E</cmt>
  </wpt>
  <wpt lat="40.781393" lon="-119.215672">
    <name>6:30&amp;E</name>
    <cmt>6:30&amp;E</cmt>
  </wpt>
  <wpt lat="40.784077" lon="-119.217135">
    <name>7:00&amp;E</name>
    <cmt>7:00&amp;E</cmt>
  </wpt>
  <wpt lat="40.786957" lon="-119.217634">
    <name>7:30&amp;E</name>
    <cmt>7:30&amp;E</cmt>
  </wpt>
  <wpt lat="40.789837" lon="-119.217136">
    <name>8:00&amp;E</name>
    <cmt>8:00&amp;E</cmt>
  </wpt>
  <wpt lat="40.792521" lon="-119.215674">
    <name>8:30&amp;E</name>
    <cmt>8:30&amp;E</cmt>
  </wpt>
  <wpt lat="40.794826" lon="-119.213348">
    <name>9:00&amp;E</name>
    <cmt>9:00&amp;E</cmt>
  </wpt>
  <wpt lat="40.796595" lon="-119.210315">
    <name>9:30&amp;E</name>
    <cmt>9:30&amp;E</cmt>
  </wpt>
  <wpt lat="40.797706" lon="-119.206784">
    <name>10:00&amp;E</name>
    <cmt>10:00&amp;E</cmt>
  </wpt>
  <wpt lat="40.783733" lon="-119.187164">
    <name>2:00&amp;F</name>
    <cmt>2:00&amp;F</cmt>
  </wpt>
  <wpt lat="40.782190" lon="-119.187853">
    <name>2:15&amp;F</name>
    <cmt>2:15&amp;F</cmt>
  </wpt>
  <wpt lat="40.780729" lon="-119.188802">
    <name>2:30&amp;F</name>
    <cmt>2:30&amp;F</cmt>
  </wpt>
  <wpt lat="40.779374" lon="-119.189993">
    <name>2:45&amp;F</name>
    <cmt>2:45&amp;F</cmt>
  </wpt>
  <wpt lat="40.778149" lon="-119.191407">
    <name>3:00&amp;F</name>
    <cmt>3:00&amp;F</cmt>
  </wpt>
  <wpt lat="40.777075" lon="-119.193018">
    <name>3:15&amp;F</name>
    <cmt>3:15&amp;F</cmt>
  </wpt>
  <wpt lat="40.776170" lon="-119.194801">
    <name>3:30&amp;F</name>
    <cmt>3:30&amp;F</cmt>
  </wpt>
  <wpt lat="40.775449" lon="-119.196723">
    <name>3:45&amp;F</name>
    <cmt>3:45&amp;F</cmt>
  </wpt>
  <wpt lat="40.774925" lon="-119.198753">
    <name>4:00&amp;F</name>
    <cmt>4:00&amp;F</cmt>
  </wpt>
  <wpt lat="40.774607" lon="-119.200855">
    <name>4:15&amp;F</name>
    <cmt>4:15&amp;F</cmt>
  </wpt>
  <wpt lat="40.774501" lon="-119.202994">
    <name>4:30&amp;F</name>
    <cmt>4:30&amp;F</cmt>
  </wpt>
  <wpt lat="40.774607" lon="-119.205133">
    <name>4:45&amp;F</name>
    <cmt>4:45&amp;F</cmt>
  </wpt>
  <wpt lat="40.774925" lon="-119.207235">
    <name>5:00&amp;F</name>
    <cmt>5:00&amp;F</cmt>
  </wpt>
  <wpt lat="40.775449" lon="-119.209265">
    <name>5:15&amp;F</name>
    <cmt>5:15&amp;F</cmt>
  </wpt>
  <wpt lat="40.776170" lon="-119.211187">
    <name>5:30&amp;F</name>
    <cmt>5:30&amp;F</cmt>
  </wpt>
  <wpt lat="40.777075" lon="-119.212970">
    <name>5:45&amp;F</name>
    <cmt>5:45&amp;F</cmt>
  </wpt>
  <wpt lat="40.778149" lon="-119.214581">
    <name>6:00&amp;F</name>
    <cmt>6:00&amp;F</cmt>
  </wpt>
  <wpt lat="40.779374" lon="-119.215995">
    <name>6:15&amp;F</name>
    <cmt>6:15&amp;F</cmt>
  </wpt>
  <wpt lat="40.780729" lon="-119.217186">
    <name>6:30&amp;F</name>
    <cmt>6:30&amp;F</cmt>
  </wpt>
  <wpt lat="40.782190" lon="-119.218135">
    <name>6:45&amp;F</name>
    <cmt>6:45&amp;F</cmt>
  </wpt>
  <wpt lat="40.783733" lon="-119.218824">
    <name>7:00&amp;F</name>
    <cmt>7:00&amp;F</cmt>
  </wpt>
  <wpt lat="40.785331" lon="-119.219243">
    <name>7:15&amp;F</name>
    <cmt>7:15&amp;F</cmt>
  </wpt>
  <wpt lat="40.786957" lon="-119.219383">
    <name>7:30&amp;F</name>
    <cmt>7:30&amp;F</cmt>
  </wpt>
  <wpt lat="40.788583" lon="-119.219243">
    <name>7:45&amp;F</name>
    <cmt>7:45&amp;F</cmt>
  </wpt>
  <wpt lat="40.790181" lon="-119.218826">
    <name>8:00&amp;F</name>
    <cmt>8:00&amp;F</cmt>
  </wpt>
  <wpt lat="40.791724" lon="-119.218137">
    <name>8:15&amp;F</name>
    <cmt>8:15&amp;F</cmt>
  </wpt>
  <wpt lat="40.793186" lon="-119.217189">
    <name>8:30&amp;F</name>
    <cmt>8:30&amp;F</cmt>
  </wpt>
  <wpt lat="40.794541" lon="-119.215998">
    <name>8:45&amp;F</name>
    <cmt>8:45&amp;F</cmt>
  </wpt>
  <wpt lat="40.795766" lon="-119.214584">
    <name>9:00&amp;F</name>
    <cmt>9:00&amp;F</cmt>
  </wpt>
  <wpt lat="40.796840" lon="-119.212973">
    <name>9:15&amp;F</name>
    <cmt>9:15&amp;F</cmt>
  </wpt>
  <wpt lat="40.797746" lon="-119.211190">
    <name>9:30&amp;F</name>
    <cmt>9:30&amp;F</cmt>
  </wpt>
  <wpt lat="40.798467" lon="-119.209267">
    <name>9:45&amp;F</name>
    <cmt>9:45&amp;F</cmt>
  </wpt>
  <wpt lat="40.798990" lon="-119.207237">
    <name>10:00&amp;F</name>
    <cmt>10:00&amp;F</cmt>
  </wpt>
  <wpt lat="40.783534" lon="-119.186189">
    <name>2:00&amp;G</name>
    <cmt>2:00&amp;G</cmt>
  </wpt>
  <wpt lat="40.781896" lon="-119.186921">
    <name>2:15&amp;G</name>
    <cmt>2:15&amp;G</cmt>
  </wpt>
  <wpt lat="40.780345" lon="-119.187928">
    <name>2:30&amp;G</name>
    <cmt>2:30&amp;G</cmt>
  </wpt>
  <wpt lat="40.778907" lon="-119.189192">
    <name>2:45&amp;G</name>
    <cmt>2:45&amp;G</cmt>
  </wpt>
  <wpt lat="40.777606" lon="-119.190693">
    <name>3:00&amp;G</name>
    <cmt>3:00&amp;G</cmt>
  </wpt>
  <wpt lat="40.776466" lon="-119.192404">
    <name>3:15&amp;G</name>
    <cmt>3:15&amp;G</cmt>
  </wpt>
  <wpt lat="40.775505" lon="-119.194296">
    <name>3:30&amp;G</name>
    <cmt>3:30&amp;G</cmt>
  </wpt>
  <wpt lat="40.774740" lon="-119.196337">
    <name>3:45&amp;G</name>
    <cmt>3:45&amp;G</cmt>
  </wpt>
  <wpt lat="40.774184" lon="-119.198492">
    <name>4:00&amp;G</name>
    <cmt>4:00&amp;G</cmt>
  </wpt>
  <wpt lat="40.773847" lon="-119.200723">
    <name>4:15&amp;G</name>
    <cmt>4:15&amp;G</cmt>
  </wpt>
  <wpt lat="40.773734" lon="-119.202994">
    <name>4:30&amp;G</name>
    <cmt>4:30&amp;G</cmt>
  </wpt>
  <wpt lat="40.773847" lon="-119.205265">
    <name>4:45&amp;G</name>
    <cmt>4:45&amp;G</cmt>
  </wpt>
  <wpt lat="40.774184" lon="-119.207496">
    <name>5:00&amp;G</name>
    <cmt>5:00&amp;G</cmt>
  </wpt>
  <wpt lat="40.774740" lon="-119.209651">
    <name>5:15&amp;G</name>
    <cmt>5:15&amp;G</cmt>
  </wpt>
  <wpt lat="40.775505" lon="-119.211692">
    <name>5:30&amp;G</name>
    <cmt>5:30&amp;G</cmt>
  </wpt>
  <wpt lat="40.776466" lon="-119.213584">
    <name>5:45&amp;G</name>
    <cmt>5:45&amp;G</cmt>
  </wpt>
  <wpt lat="40.777606" lon="-119.215295">
    <name>6:00&amp;G</name>
    <cmt>6:00&amp;G</cmt>
  </wpt>
  <wpt lat="40.778907" lon="-119.216796">
    <name>6:15&amp;G</name>
    <cmt>6:15&amp;G</cmt>
  </wpt>
  <wpt lat="40.780345" lon="-119.218060">
    <name>6:30&amp;G</name>
    <cmt>6:30&amp;G</cmt>
  </wpt>
  <wpt lat="40.781896" lon="-119.219067">
    <name>6:45&amp;G</name>
    <cmt>6:45&amp;G</cmt>
  </wpt>
  <wpt lat="40.783534" lon="-119.219799">
    <name>7:00&amp;G</name>
    <cmt>7:00&amp;G</cmt>
  </wpt>
  <wpt lat="40.785231" lon="-119.220244">
    <name>7:15&amp;G</name>
    <cmt>7:15&amp;G</cmt>
  </wpt>
  <wpt lat="40.786957" lon="-119.220393">
    <name>7:30&amp;G</name>
    <cmt>7:30&amp;G</cmt>
  </wpt>
  <wpt lat="40.788683" lon="-119.220245">
    <name>7:45&amp;G</name>
    <cmt>7:45&amp;G</cmt>
  </wpt>
  <wpt lat="40.790380" lon="-119.219801">
    <name>8:00&amp;G</name>
    <cmt>8:00&amp;G</cmt>
  </wpt>
  <wpt lat="40.792018" lon="-119.219070">
    <name>8:15&amp;G</name>
    <cmt>8:15&amp;G</cmt>
  </wpt>
  <wpt lat="40.793569" lon="-119.218063">
    <name>8:30&amp;G</name>
    <cmt>8:30&amp;G</cmt>
  </wpt>
  <wpt lat="40.795008" lon="-119.216799">
    <name>8:45&amp;G</name>
    <cmt>8:45&amp;G</cmt>
  </wpt>
  <wpt lat="40.796308" lon="-119.215299">
    <name>9:00&amp;G</name>
    <cmt>9:00&amp;G</cmt>
  </wpt>
  <wpt lat="40.797449" lon="-119.213587">
    <name>9:15&amp;G</name>
    <cmt>9:15&amp;G</cmt>
  </wpt>
  <wpt lat="40.798410" lon="-119.211695">
    <name>9:30&amp;G</name>
    <cmt>9:30&amp;G</cmt>
  </wpt>
  <wpt lat="40.799176" lon="-119.209654">
    <name>9:45&amp;G</name>
    <cmt>9:45&amp;G</cmt>
  </wpt>
  <wpt lat="40.799732" lon="-119.207498">
    <name>10:00&amp;G</name>
    <cmt>10:00&amp;G</cmt>
  </wpt>
  <wpt lat="40.783335" lon="-119.185214">
    <name>2:00&amp;H</name>
    <cmt>2:00&amp;H</cmt>
  </wpt>
  <wpt lat="40.781602" lon="-119.185988">
    <name>2:15&amp;H</name>
    <cmt>2:15&amp;H</cmt>
  </wpt>
  <wpt lat="40.779961" lon="-119.187053">
    <name>2:30&amp;H</name>
    <cmt>2:30&amp;H</cmt>
  </wpt>
  <wpt lat="40.778439" lon="-119.188391">
    <name>2:45&amp;H</name>
    <cmt>2:45&amp;H</cmt>
  </wpt>
  <wpt lat="40.777063" lon="-119.189979">
    <name>3:00&amp;H</name>
    <cmt>3:00&amp;H</cmt>
  </wpt>
  <wpt lat="40.775857" lon="-119.191789">
    <name>3:15&amp;H</name>
    <cmt>3:15&amp;H</cmt>
  </wpt>
  <wpt lat="40.774840" lon="-119.193791">
    <name>3:30&amp;H</name>
    <cmt>3:30&amp;H</cmt>
  </wpt>
  <wpt lat="40.774031" lon="-119.195951">
    <name>3:45&amp;H</name>
    <cmt>3:45&amp;H</cmt>
  </wpt>
  <wpt lat="40.773443" lon="-119.198230">
    <name>4:00&amp;H</name>
    <cmt>4:00&amp;H</cmt>
  </wpt>
  <wpt lat="40.773086" lon="-119.200592">
    <name>4:15&amp;H</name>
    <cmt>4:15&amp;H</cmt>
  </wpt>
  <wpt lat="40.772966" lon="-119.202994">
    <name>4:30&amp;H</name>
    <cmt>4:30&amp;H</cmt>
  </wpt>
  <wpt lat="40.773086" lon="-119.205396">
    <name>4:45&amp;H</name>
    <cmt>4:45&amp;H</cmt>
  </wpt>
  <wpt lat="40.773443" lon="-119.207758">
    <name>5:00&amp;H</name>
    <cmt>5:00&amp;H</cmt>
  </wpt>
  <wpt lat="40.774031" lon="-119.210037">
    <name>5:15&amp;H</name>
    <cmt>5:15&amp;H</cmt>
  </wpt>
  <wpt lat="40.774840" lon="-119.212197">
    <name>5:30&amp;H</name>
    <cmt>5:30&amp;H</cmt>
  </wpt>
  <wpt lat="40.775857" lon="-119.214199">
    <name>5:45&amp;H</name>
    <cmt>5:45&amp;H</cmt>
  </wpt>
  <wpt lat="40.777063" lon="-119.216009">
    <name>6:00&amp;H</name>
    <cmt>6:00&amp;H</cmt>
  </wpt>
  <wpt lat="40.778439" lon="-119.217597">
    <name>6:15&amp;H</name>
    <cmt>6:15&amp;H</cmt>
  </wpt>
  <wpt lat="40.779961" lon="-119.218935">
    <name>6:30&amp;H</name>
    <cmt>6:30&amp;H</cmt>
  </wpt>
  <wpt lat="40.781602" lon="-119.220000">
    <name>6:45&amp;H</name>
    <cmt>6:45&amp;H</cmt>
  </wpt>
  <wpt lat="40.783335" lon="-119.220774">
    <name>7:00&amp;H</name>
    <cmt>7:00&amp;H</cmt>
  </wpt>
  <wpt lat="40.785130" lon="-119.221245">
    <name>7:15&amp;H</name>
    <cmt>7:15&amp;H</cmt>
  </wpt>
  <wpt lat="40.786957" lon="-119.221403">
    <name>7:30&amp;H</name>
    <cmt>7:30&amp;H</cmt>
  </wpt>
  <wpt lat="40.788783" lon="-119.221246">
    <name>7:45&amp;H</name>
    <cmt>7:45&amp;H</cmt>
  </wpt>
  <wpt lat="40.790578" lon="-119.220776">
    <name>8:00&amp;H</name>
    <cmt>8:00&amp;H</cmt>
  </wpt>
  <wpt lat="40.792311" lon="-119.220003">
    <name>8:15&amp;H</name>
    <cmt>8:15&amp;H</cmt>
  </wpt>
  <wpt lat="40.793953" lon="-119.218938">
    <name>8:30&amp;H</name>
    <cmt>8:30&amp;H</cmt>
  </wpt>
  <wpt lat="40.795475" lon="-119.217600">
    <name>8:45&amp;H</name>
    <cmt>8:45&amp;H</cmt>
  </wpt>
  <wpt lat="40.796851" lon="-119.216013">
    <name>9:00&amp;H</name>
    <cmt>9:00&amp;H</cmt>
  </wpt>
  <wpt lat="40.798058" lon="-119.214202">
    <name>9:15&amp;H</name>
    <cmt>9:15&amp;H</cmt>
  </wpt>
  <wpt lat="40.799075" lon="-119.212200">
    <name>9:30&amp;H</name>
    <cmt>9:30&amp;H</cmt>
  </wpt>
  <wpt lat="40.799885" lon="-119.210040">
    <name>9:45&amp;H</name>
    <cmt>9:45&amp;H</cmt>
  </wpt>
  <wpt lat="40.800473" lon="-119.207759">
    <name>10:00&amp;H</name>
    <cmt>10:00&amp;H</cmt>
  </wpt>
  <wpt lat="40.783136" lon="-119.184238">
    <name>2:00&amp;I</name>
    <cmt>2:00&amp;I</cmt>
  </wpt>
  <wpt lat="40.781308" lon="-119.185055">
    <name>2:15&amp;I</name>
    <cmt>2:15&amp;I</cmt>
  </wpt>
  <wpt lat="40.779577" lon="-119.186179">
    <name>2:30&amp;I</name>
    <cmt>2:30&amp;I</cmt>
  </wpt>
  <wpt lat="40.777972" lon="-119.187590">
    <name>2:45&amp;I</name>
    <cmt>2:45&amp;I</cmt>
  </wpt>
  <wpt lat="40.776521" lon="-119.189265">
    <name>3:00&amp;I</name>
    <cmt>3:00&amp;I</cmt>
  </wpt>
  <wpt lat="40.775248" lon="-119.191175">
    <name>3:15&amp;I</name>
    <cmt>3:15&amp;I</cmt>
  </wpt>
  <wpt lat="40.774176" lon="-119.193287">
    <name>3:30&amp;I</name>
    <cmt>3:30&amp;I</cmt>
  </wpt>
  <wpt lat="40.773322" lon="-119.195564">
    <name>3:45&amp;I</name>
    <cmt>3:45&amp;I</cmt>
  </wpt>
  <wpt lat="40.772701" lon="-119.197969">
    <name>4:00&amp;I</name>
    <cmt>4:00&amp;I</cmt>
  </wpt>
  <wpt lat="40.772325" lon="-119.200460">
    <name>4:15&amp;I</name>
    <cmt>4:15&amp;I</cmt>
  </wpt>
  <wpt lat="40.772199" lon="-119.202994">
    <name>4:30&amp;I</name>
    <cmt>4:30&amp;I</cmt>
  </wpt>
  <wpt lat="40.772325" lon="-119.205528">
    <name>4:45&amp;I</name>
    <cmt>4:45&amp;I</cmt>
  </wpt>
  <wpt lat="40.772701" lon="-119.208019">
    <name>5:00&amp;I</name>
    <cmt>5:00&amp;I</cmt>
  </wpt>
  <wpt lat="40.773322" lon="-119.210424">
    <name>5:15&amp;I</name>
    <cmt>5:15&amp;I</cmt>
  </wpt>
  <wpt lat="40.774176" lon="-119.212701">
    <name>5:30&amp;I</name>
    <cmt>5:30&amp;I</cmt>
  </wpt>
  <wpt lat="40.775248" lon="-119.214813">
    <name>5:45&amp;I</name>
    <cmt>5:45&amp;I</cmt>
  </wpt>
  <wpt lat="40.776521" lon="-119.216723">
    <name>6:00&amp;I</name>
    <cmt>6:00&amp;I</cmt>
  </wpt>
  <wpt lat="40.777972" lon="-119.218398">
    <name>6:15&amp;I</name>
    <cmt>6:15&amp;I</cmt>
  </wpt>
  <wpt lat="40.779577" lon="-119.219809">
    <name>6:30&amp;I</name>
    <cmt>6:30&amp;I</cmt>
  </wpt>
  <wpt lat="40.781308" lon="-119.220933">
    <name>6:45&amp;I</name>
    <cmt>6:45&amp;I</cmt>
  </wpt>
  <wpt lat="40.783136" lon="-119.221750">
    <name>7:00&amp;I</name>
    <cmt>7:00&amp;I</cmt>
  </wpt>
  <wpt lat="40.785030" lon="-119.222246">
    <name>7:15&amp;I</name>
    <cmt>7:15&amp;I</cmt>
  </wpt>
  <wpt lat="40.786956" lon="-119.222412">
    <name>7:30&amp;I</name>
    <cmt>7:30&amp;I</cmt>
  </wpt>
  <wpt lat="40.788883" lon="-119.222247">
    <name>7:45&amp;I</name>
    <cmt>7:45&amp;I</cmt>
  </wpt>
  <wpt lat="40.790776" lon="-119.221752">
    <name>8:00&amp;I</name>
    <cmt>8:00&amp;I</cmt>
  </wpt>
  <wpt lat="40.792605" lon="-119.220936">
    <name>8:15&amp;I</name>
    <cmt>8:15&amp;I</cmt>
  </wpt>
  <wpt lat="40.794336" lon="-119.219813">
    <name>8:30&amp;I</name>
    <cmt>8:30&amp;I</cmt>
  </wpt>
  <wpt lat="40.795942" lon="-119.218402">
    <name>8:45&amp;I</name>
    <cmt>8:45&amp;I</cmt>
  </wpt>
  <wpt lat="40.797394" lon="-119.216727">
    <name>9:00&amp;I</name>
    <cmt>9:00&amp;I</cmt>
  </wpt>
  <wpt lat="40.798667" lon="-119.214817">
    <name>9:15&amp;I</name>
    <cmt>9:15&amp;I</cmt>
  </wpt>
  <wpt lat="40.799740" lon="-119.212705">
    <name>9:30&amp;I</name>
    <cmt>9:30&amp;I</cmt>
  </wpt>
  <wpt lat="40.800594" lon="-119.210427">
    <name>9:45&amp;I</name>
    <cmt>9:45&amp;I</cmt>
  </wpt>
  <wpt lat="40.801214" lon="-119.208021">
    <name>10:00&amp;I</name>
    <cmt>10:00&amp;I</cmt>
  </wpt>
  <wpt lat="40.783009" lon="-119.183612">
    <name>2:00&amp;J</name>
    <cmt>2:00&amp;J</cmt>
  </wpt>
  <wpt lat="40.781120" lon="-119.184456">
    <name>2:15&amp;J</name>
    <cmt>2:15&amp;J</cmt>
  </wpt>
  <wpt lat="40.779330" lon="-119.185617">
    <name>2:30&amp;J</name>
    <cmt>2:30&amp;J</cmt>
  </wpt>
  <wpt lat="40.777672" lon="-119.187076">
    <name>2:45&amp;J</name>
    <cmt>2:45&amp;J</cmt>
  </wpt>
  <wpt lat="40.776172" lon="-119.188807">
    <name>3:00&amp;J</name>
    <cmt>3:00&amp;J</cmt>
  </wpt>
  <wpt lat="40.774857" lon="-119.190780">
    <name>3:15&amp;J</name>
    <cmt>3:15&amp;J</cmt>
  </wpt>
  <wpt lat="40.773748" lon="-119.192962">
    <name>3:30&amp;J</name>
    <cmt>3:30&amp;J</cmt>
  </wpt>
  <wpt lat="40.772866" lon="-119.195316">
    <name>3:45&amp;J</name>
    <cmt>3:45&amp;J</cmt>
  </wpt>
  <wpt lat="40.772225" lon="-119.197801">
    <name>4:00&amp;J</name>
    <cmt>4:00&amp;J</cmt>
  </wpt>
  <wpt lat="40.771836" lon="-119.200375">
    <name>4:15&amp;J</name>
    <cmt>4:15&amp;J</cmt>
  </wpt>
  <wpt lat="40.771705" lon="-119.202994">
    <name>4:30&amp;J</name>
    <cmt>4:30&amp;J</cmt>
  </wpt>
  <wpt lat="40.771836" lon="-119.205613">
    <name>4:45&amp;J</name>
    <cmt>4:45&amp;J</cmt>
  </wpt>
  <wpt lat="40.772225" lon="-119.208187">
    <name>5:00&amp;J</name>
    <cmt>5:00&amp;J</cmt>
  </wpt>
  <wpt lat="40.772866" lon="-119.210672">
    <name>5:15&amp;J</name>
    <cmt>5:15&amp;J</cmt>
  </wpt>
  <wpt lat="40.773748" lon="-119.213026">
    <name>5:30&amp;J</name>
    <cmt>5:30&amp;J</cmt>
  </wpt>
  <wpt lat="40.774857" lon="-119.215208">
    <name>5:45&amp;J</name>
    <cmt>5:45&amp;J</cmt>
  </wpt>
  <wpt lat="40.776172" lon="-119.217181">
    <name>6:00&amp;J</name>
    <cmt>6:00&amp;J</cmt>
  </wpt>
  <wpt lat="40.777672" lon="-119.218912">
    <name>6:15&amp;J</name>
    <cmt>6:15&amp;J</cmt>
  </wpt>
  <wpt lat="40.779330" lon="-119.220371">
    <name>6:30&amp;J</name>
    <cmt>6:30&amp;J</cmt>
  </wpt>
  <wpt lat="40.781120" lon="-119.221532">
    <name>6:45&amp;J</name>
    <cmt>6:45&amp;J</cmt>
  </wpt>
  <wpt lat="40.783009" lon="-119.222376">
    <name>7:00&amp;J</name>
    <cmt>7:00&amp;J</cmt>
  </wpt>
  <wpt lat="40.784965" lon="-119.222889">
    <name>7:15&amp;J</name>
    <cmt>7:15&amp;J</cmt>
  </wpt>
  <wpt lat="40.786956" lon="-119.223061">
    <name>7:30&amp;J</name>
    <cmt>7:30&amp;J</cmt>
  </wpt>
  <wpt lat="40.788947" lon="-119.222890">
    <name>7:45&amp;J</name>
    <cmt>7:45&amp;J</cmt>
  </wpt>
  <wpt lat="40.790904" lon="-119.222379">
    <name>8:00&amp;J</name>
    <cmt>8:00&amp;J</cmt>
  </wpt>
  <wpt lat="40.792793" lon="-119.221535">
    <name>8:15&amp;J</name>
    <cmt>8:15&amp;J</cmt>
  </wpt>
  <wpt lat="40.794583" lon="-119.220375">
    <name>8:30&amp;J</name>
    <cmt>8:30&amp;J</cmt>
  </wpt>
  <wpt lat="40.796242" lon="-119.218917">
    <name>8:45&amp;J</name>
    <cmt>8:45&amp;J</cmt>
  </wpt>
  <wpt lat="40.797742" lon="-119.217186">
    <name>9:00&amp;J</name>
    <cmt>9:00&amp;J</cmt>
  </wpt>
  <wpt lat="40.799058" lon="-119.215212">
    <name>9:15&amp;J</name>
    <cmt>9:15&amp;J</cmt>
  </wpt>
  <wpt lat="40.800167" lon="-119.213030">
    <name>9:30&amp;J</name>
    <cmt>9:30&amp;J</cmt>
  </wpt>
  <wpt lat="40.801049" lon="-119.210675">
    <name>9:45&amp;J</name>
    <cmt>9:45&amp;J</cmt>
  </wpt>
  <wpt lat="40.801691" lon="-119.208189">
    <name>10:00&amp;J</name>
    <cmt>10:00&amp;J</cmt>
  </wpt>
  <wpt lat="40.782874" lon="-119.182950">
    <name>2:00&amp;K</name>
    <cmt>2:00&amp;K</cmt>
  </wpt>
  <wpt lat="40.780920" lon="-119.183823">
    <name>2:15&amp;K</name>
    <cmt>2:15&amp;K</cmt>
  </wpt>
  <wpt lat="40.779070" lon="-119.185024">
    <name>2:30&amp;K</name>
    <cmt>2:30&amp;K</cmt>
  </wpt>
  <wpt lat="40.777355" lon="-119.186532">
    <name>2:45&amp;K</name>
    <cmt>2:45&amp;K</cmt>
  </wpt>
  <wpt lat="40.775804" lon="-119.188322">
    <name>3:00&amp;K</name>
    <cmt>3:00&amp;K</cmt>
  </wpt>
  <wpt lat="40.774443" lon="-119.190363">
    <name>3:15&amp;K</name>
    <cmt>3:15&amp;K</cmt>
  </wpt>
  <wpt lat="40.773297" lon="-119.192620">
    <name>3:30&amp;K</name>
    <cmt>3:30&amp;K</cmt>
  </wpt>
  <wpt lat="40.772385" lon="-119.195054">
    <name>3:45&amp;K</name>
    <cmt>3:45&amp;K</cmt>
  </wpt>
  <wpt lat="40.771722" lon="-119.197624">
    <name>4:00&amp;K</name>
    <cmt>4:00&amp;K</cmt>
  </wpt>
  <wpt lat="40.771319" lon="-119.200286">
    <name>4:15&amp;K</name>
    <cmt>4:15&amp;K</cmt>
  </wpt>
  <wpt lat="40.771185" lon="-119.202994">
    <name>4:30&amp;K</name>
    <cmt>4:30&amp;K</cmt>
  </wpt>
  <wpt lat="40.771319" lon="-119.205702">
    <name>4:45&amp;K</name>
    <cmt>4:45&amp;K</cmt>
  </wpt>
  <wpt lat="40.771722" lon="-119.208364">
    <name>5:00&amp;K</name>
    <cmt>5:00&amp;K</cmt>
  </wpt>
  <wpt lat="40.772385" lon="-119.210934">
    <name>5:15&amp;K</name>
    <cmt>5:15&amp;K</cmt>
  </wpt>
  <wpt lat="40.773297" lon="-119.213368">
    <name>5:30&amp;K</name>
    <cmt>5:30&amp;K</cmt>
  </wpt>
  <wpt lat="40.774443" lon="-119.215625">
    <name>5:45&amp;K</name>
    <cmt>5:45&amp;K</cmt>
  </wpt>
  <wpt lat="40.775804" lon="-119.217666">
    <name>6:00&amp;K</name>
    <cmt>6:00&amp;K</cmt>
  </wpt>
  <wpt lat="40.777355" lon="-119.219456">
    <name>6:15&amp;K</name>
    <cmt>6:15&amp;K</cmt>
  </wpt>
  <wpt lat="40.779070" lon="-119.220964">
    <name>6:30&amp;K</name>
    <cmt>6:30&amp;K</cmt>
  </wpt>
  <wpt lat="40.780920" lon="-119.222165">
    <name>6:45&amp;K</name>
    <cmt>6:45&amp;K</cmt>
  </wpt>
  <wpt lat="40.782874" lon="-119.223038">
    <name>7:00&amp;K</name>
    <cmt>7:00&amp;K</cmt>
  </wpt>
  <wpt lat="40.784897" lon="-119.223568">
    <name>7:15&amp;K</name>
    <cmt>7:15&amp;K</cmt>
  </wpt>
  <wpt lat="40.786956" lon="-119.223747">
    <name>7:30&amp;K</name>
    <cmt>7:30&amp;K</cmt>
  </wpt>
  <wpt lat="40.789015" lon="-119.223570">
    <name>7:45&amp;K</name>
    <cmt>7:45&amp;K</cmt>
  </wpt>
  <wpt lat="40.791039" lon="-119.223041">
    <name>8:00&amp;K</name>
    <cmt>8:00&amp;K</cmt>
  </wpt>
  <wpt lat="40.792993" lon="-119.222169">
    <name>8:15&amp;K</name>
    <cmt>8:15&amp;K</cmt>
  </wpt>
  <wpt lat="40.794843" lon="-119.220968">
    <name>8:30&amp;K</name>
    <cmt>8:30&amp;K</cmt>
  </wpt>
  <wpt lat="40.796559" lon="-119.219460">
    <name>8:45&amp;K</name>
    <cmt>8:45&amp;K</cmt>
  </wpt>
  <wpt lat="40.798111" lon="-119.217671">
    <name>9:00&amp;K</name>
    <cmt>9:00&amp;K</cmt>
  </wpt>
  <wpt lat="40.799471" lon="-119.215630">
    <name>9:15&amp;K</name>
    <cmt>9:15&amp;K</cmt>
  </wpt>
  <wpt lat="40.800618" lon="-119.213372">
    <name>9:30&amp;K</name>
    <cmt>9:30&amp;K</cmt>
  </wpt>
  <wpt lat="40.801530" lon="-119.210937">
    <name>9:45&amp;K</name>
    <cmt>9:45&amp;K</cmt>
  </wpt>
  <wpt lat="40.802194" lon="-119.208366">
    <name>10:00&amp;K</name>
    <cmt>10:00&amp;K</cmt>
  </wpt>
  <wpt lat="40.781630" lon="-119.210003">
    <name>12:00&amp;CenterCamp</name>
    <cmt>12:00&amp;CenterCamp</cmt>
  </wpt>
  <wpt lat="40.780661" lon="-119.210003">
    <name>3:00&amp;CenterCamp</name>
    <cmt>3:00&amp;CenterCamp</cmt>
  </wpt>
  <wpt lat="40.780661" lon="-119.211278">
    <name>6:00&amp;CenterCamp</name>
    <cmt>6:00&amp;CenterCamp</cmt>
  </wpt>
  <wpt lat="40.781630" lon="-119.211278">
    <name>9:00&amp;CenterCamp</name>
    <cmt>9:00&amp;CenterCamp</cmt>
  </wpt>
  <wpt lat="40.787733" lon="-119.201974">
    <name>12:00/400</name>
    <cmt>12:00/400</cmt>
  </wpt>
  <wpt lat="40.787625" lon="-119.201850">
    <name>12:15/400</name>
    <cmt>12:15/400</cmt>
  </wpt>
  <wpt lat="40.787506" lon="-119.201745">
    <name>12:30/400</name>
    <cmt>12:30/400</cmt>
  </wpt>
  <wpt lat="40.787378" lon="-119.201661">
    <name>12:45/400</name>
    <cmt>12:45/400</cmt>
  </wpt>
  <wpt lat="40.787242" lon="-119.201601">
    <name>1:00/400</name>
    <cmt>1:00/400</cmt>
  </wpt>
  <wpt lat="40.787101" lon="-119.201564">
    <name>1:15/400</name>
    <cmt>1:15/400</cmt>
  </wpt>
  <wpt lat="40.786958" lon="-119.201552">
    <name>1:30/400</name>
    <cmt>1:30/400</cmt>
  </wpt>
  <wpt lat="40.786815" lon="-119.201564">
    <name>1:45/400</name>
    <cmt>1:45/400</cmt>
  </wpt>
  <wpt lat="40.786674" lon="-119.201601">
    <name>2:00/400</name>
    <cmt>2:00/400</cmt>
  </wpt>
  <wpt lat="40.786538" lon="-119.201661">
    <name>2:15/400</name>
    <cmt>2:15/400</cmt>
  </wpt>
  <wpt lat="40.786410" lon="-119.201745">
    <name>2:30/400</name>
    <cmt>2:30/400</cmt>
  </wpt>
  <wpt lat="40.786291" lon="-119.201850">
    <name>2:45/400</name>
    <cmt>2:45/400</cmt>
  </wpt>
  <wpt lat="40.786183" lon="-119.201974">
    <name>3:00/400</name>
    <cmt>3:00/400</cmt>
  </wpt>
  <wpt lat="40.786088" lon="-119.202116">
    <name>3:15/400</name>
    <cmt>3:15/400</cmt>
  </wpt>
  <wpt lat="40.786009" lon="-119.202273">
    <name>3:30/400</name>
    <cmt>3:30/400</cmt>
  </wpt>
  <wpt lat="40.785945" lon="-119.202442">
    <name>3:45/400</name>
    <cmt>3:45/400</cmt>
  </wpt>
  <wpt lat="40.785899" lon="-119.202621">
    <name>4:00/400</name>
    <cmt>4:00/400</cmt>
  </wpt>
  <wpt lat="40.785871" lon="-119.202806">
    <name>4:15/400</name>
    <cmt>4:15/400</cmt>
  </wpt>
  <wpt lat="40.785862" lon="-119.202994">
    <name>4:30/400</name>
    <cmt>4:30/400</cmt>
  </wpt>
  <wpt lat="40.785871" lon="-119.203182">
    <name>4:45/400</name>
    <cmt>4:45/400</cmt>
  </wpt>
  <wpt lat="40.785899" lon="-119.203367">
    <name>5:00/400</name>
    <cmt>5:00/400</cmt>
  </wpt>
  <wpt lat="40.785945" lon="-119.203546">
    <name>5:15/400</name>
    <cmt>5:15/400</cmt>
  </wpt>
  <wpt lat="40.786009" lon="-119.203715">
    <name>5:30/400</name>
    <cmt>5:30/400</cmt>
  </wpt>
  <wpt lat="40.786088" lon="-119.203872">
    <name>5:45/400</name>
    <cmt>5:45/400</cmt>
  </wpt>
  <wpt lat="40.786183" lon="-119.204014">
    <name>6:00/400</name>
    <cmt>6:00/400</cmt>
  </wpt>
  <wpt lat="40.786291" lon="-119.204138">
    <name>6:15/400</name>
    <cmt>6:15/400</cmt>
  </wpt>
  <wpt lat="40.786410" lon="-119.204243">
    <name>6:30/400</name>
    <cmt>6:30/400</cmt>
  </wpt>
  <wpt lat="40.786538" lon="-119.204327">
    <name>6:45/400</name>
    <cmt>6:45/400</cmt>
  </wpt>
  <wpt lat="40.786674" lon="-119.204387">
    <name>7:00/400</name>
    <cmt>7:00/400</cmt>
  </wpt>
  <wpt lat="40.786815" lon="-119.204424">
    <name>7:15/400</name>
    <cmt>7:15/400</cmt>
  </wpt>
  <wpt lat="40.786958" lon="-119.204436">
    <name>7:30/400</name>
    <cmt>7:30/400</cmt>
  </wpt>
  <wpt lat="40.787101" lon="-119.204424">
    <name>7:45/400</name>
    <cmt>7:45/400</cmt>
  </wpt>
  <wpt lat="40.787242" lon="-119.204387">
    <name>8:00/400</name>
    <cmt>8:00/400</cmt>
  </wpt>
  <wpt lat="40.787378" lon="-119.204327">
    <name>8:15/400</name>
    <cmt>8:15/400</cmt>
  </wpt>
  <wpt lat="40.787506" lon="-119.204243">
    <name>8:30/400</name>
    <cmt>8:30/400</cmt>
  </wpt>
  <wpt lat="40.787625" lon="-119.204138">
    <name>8:45/400</name>
    <cmt>8:45/400</cmt>
  </wpt>
  <wpt lat="40.787733" lon="-119.204014">
    <name>9:00/400</name>
    <cmt>9:00/400</cmt>
  </wpt>
  <wpt lat="40.787828" lon="-119.203872">
    <name>9:15/400</name>
    <cmt>9:15/400</cmt>
  </wpt>
  <wpt lat="40.787907" lon="-119.203715">
    <name>9:30/400</name>
    <cmt>9:30/400</cmt>
  </wpt>
  <wpt lat="40.787971" lon="-119.203546">
    <name>9:45/400</name>
    <cmt>9:45/400</cmt>
  </wpt>
  <wpt lat="40.788017" lon="-119.203367">
    <name>10:00/400</name>
    <cmt>10:00/400</cmt>
  </wpt>
  <wpt lat="40.788045" lon="-119.203182">
    <name>10:15/400</name>
    <cmt>10:15/400</cmt>
  </wpt>
  <wpt lat="40.788054" lon="-119.202994">
    <name>10:30/400</name>
    <cmt>10:30/400</cmt>
  </wpt>
  <wpt lat="40.788045" lon="-119.202806">
    <name>10:45/400</name>
    <cmt>10:45/400</cmt>
  </wpt>
  <wpt lat="40.788017" lon="-119.202621">
    <name>11:00/400</name>
    <cmt>11:00/400</cmt>
  </wpt>
  <wpt lat="40.787971" lon="-119.202442">
    <name>11:15/400</name>
    <cmt>11:15/400</cmt>
  </wpt>
  <wpt lat="40.787907" lon="-119.202273">
    <name>11:30/400</name>
    <cmt>11:30/400</cmt>
  </wpt>
  <wpt lat="40.787828" lon="-119.202116">
    <name>11:45/400</name>
    <cmt>11:45/400</cmt>
  </wpt>
  <wpt lat="40.787927" lon="-119.201719">
    <name>12:00/500</name>
    <cmt>12:00/500</cmt>
  </wpt>
  <wpt lat="40.787792" lon="-119.201564">
    <name>12:15/500</name>
    <cmt>12:15/500</cmt>
  </wpt>
  <wpt lat="40.787643" lon="-119.201433">
    <name>12:30/500</name>
    <cmt>12:30/500</cmt>
  </wpt>
  <wpt lat="40.787482" lon="-119.201328">
    <name>12:45/500</name>
    <cmt>12:45/500</cmt>
  </wpt>
  <wpt lat="40.787313" lon="-119.201252">
    <name>1:00/500</name>
    <cmt>1:00/500</cmt>
  </wpt>
  <wpt lat="40.787137" lon="-119.201206">
    <name>1:15/500</name>
    <cmt>1:15/500</cmt>
  </wpt>
  <wpt lat="40.786958" lon="-119.201191">
    <name>1:30/500</name>
    <cmt>1:30/500</cmt>
  </wpt>
  <wpt lat="40.786779" lon="-119.201206">
    <name>1:45/500</name>
    <cmt>1:45/500</cmt>
  </wpt>
  <wpt lat="40.786603" lon="-119.201252">
    <name>2:00/500</name>
    <cmt>2:00/500</cmt>
  </wpt>
  <wpt lat="40.786434" lon="-119.201328">
    <name>2:15/500</name>
    <cmt>2:15/500</cmt>
  </wpt>
  <wpt lat="40.786273" lon="-119.201433">
    <name>2:30/500</name>
    <cmt>2:30/500</cmt>
  </wpt>
  <wpt lat="40.786124" lon="-119.201564">
    <name>2:45/500</name>
    <cmt>2:45/500</cmt>
  </wpt>
  <wpt lat="40.785989" lon="-119.201719">
    <name>3:00/500</name>
    <cmt>3:00/500</cmt>
  </wpt>
  <wpt lat="40.785871" lon="-119.201896">
    <name>3:15/500</name>
    <cmt>3:15/500</cmt>
  </wpt>
  <wpt lat="40.785771" lon="-119.202093">
    <name>3:30/500</name>
    <cmt>3:30/500</cmt>
  </wpt>
  <wpt lat="40.785692" lon="-119.202304">
    <name>3:45/500</name>
    <cmt>3:45/500</cmt>
  </wpt>
  <wpt lat="40.785634" lon="-119.202527">
    <name>4:00/500</name>
    <cmt>4:00/500</cmt>
  </wpt>
  <wpt lat="40.785599" lon="-119.202759">
    <name>4:15/500</name>
    <cmt>4:15/500</cmt>
  </wpt>
  <wpt lat="40.785588" lon="-119.202994">
    <name>4:30/500</name>
    <cmt>4:30/500</cmt>
  </wpt>
  <wpt lat="40.785599" lon="-119.203229">
    <name>4:45/500</name>
    <cmt>4:45/500</cmt>
  </wpt>
  <wpt lat="40.785634" lon="-119.203461">
    <name>5:00/500</name>
    <cmt>5:00/500</cmt>
  </wpt>
  <wpt lat="40.785692" lon="-119.203684">
    <name>5:15/500</name>
    <cmt>5:15/500</cmt>
  </wpt>
  <wpt lat="40.785771" lon="-119.203895">
    <name>5:30/500</name>
    <cmt>5:30/500</cmt>
  </wpt>
  <wpt lat="40.785871" lon="-119.204092">
    <name>5:45/500</name>
    <cmt>5:45/500</cmt>
  </wpt>
  <wpt lat="40.785989" lon="-119.204269">
    <name>6:00/500</name>
    <cmt>6:00/500</cmt>
  </wpt>
  <wpt lat="40.786124" lon="-119.204424">
    <name>6:15/500</name>
    <cmt>6:15/500</cmt>
  </wpt>
  <wpt lat="40.786273" lon="-119.204555">
    <name>6:30/500</name>
    <cmt>6:30/500</cmt>
  </wpt>
  <wpt lat="40.786434" lon="-119.204660">
    <name>6:45/500</name>
    <cmt>6:45/500</cmt>
  </wpt>
  <wpt lat="40.786603" lon="-119.204736">
    <name>7:00/500</name>
    <cmt>7:00/500</cmt>
  </wpt>
  <wpt lat="40.786779" lon="-119.204782">
    <name>7:15/500</name>
    <cmt>7:15/500</cmt>
  </wpt>
  <wpt lat="40.786958" lon="-119.204797">
    <name>7:30/500</name>
    <cmt>7:30/500</cmt>
  </wpt>
  <wpt lat="40.787137" lon="-119.204782">
    <name>7:45/500</name>
    <cmt>7:45/500</cmt>
  </wpt>
  <wpt lat="40.787313" lon="-119.204736">
    <name>8:00/500</name>
    <cmt>8:00/500</cmt>
  </wpt>
  <wpt lat="40.787482" lon="-119.204660">
    <name>8:15/500</name>
    <cmt>8:15/500</cmt>
  </wpt>
  <wpt lat="40.787643" lon="-119.204555">
    <name>8:30/500</name>
    <cmt>8:30/500</cmt>
  </wpt>
  <wpt lat="40.787792" lon="-119.204424">
    <name>8:45/500</name>
    <cmt>8:45/500</cmt>
  </wpt>
  <wpt lat="40.787927" lon="-119.204269">
    <name>9:00/500</name>
    <cmt>9:00/500</cmt>
  </wpt>
  <wpt lat="40.788045" lon="-119.204092">
    <name>9:15/500</name>
    <cmt>9:15/500</cmt>
  </wpt>
  <wpt lat="40.788145" lon="-119.203896">
    <name>9:30/500</name>
    <cmt>9:30/500</cmt>
  </wpt>
  <wpt lat="40.788224" lon="-119.203684">
    <name>9:45/500</name>
    <cmt>9:45/500</cmt>
  </wpt>
  <wpt lat="40.788282" lon="-119.203461">
    <name>10:00/500</name>
    <cmt>10:00/500</cmt>
  </wpt>
  <wpt lat="40.788317" lon="-119.203229">
    <name>10:15/500</name>
    <cmt>10:15/500</cmt>
  </wpt>
  <wpt lat="40.788328" lon="-119.202994">
    <name>10:30/500</name>
    <cmt>10:30/500</cmt>
  </wpt>
  <wpt lat="40.788317" lon="-119.202759">
    <name>10:45/500</name>
    <cmt>10:45/500</cmt>
  </wpt>
  <wpt lat="40.788282" lon="-119.202527">
    <name>11:00/500</name>
    <cmt>11:00/500</cmt>
  </wpt>
  <wpt lat="40.788224" lon="-119.202304">
    <name>11:15/500</name>
    <cmt>11:15/500</cmt>
  </wpt>
  <wpt lat="40.788145" lon="-119.202092">
    <name>11:30/500</name>
    <cmt>11:30/500</cmt>
  </wpt>
  <wpt lat="40.788045" lon="-119.201896">
    <name>11:45/500</name>
    <cmt>11:45/500</cmt>
  </wpt>
  <wpt lat="40.788121" lon="-119.201464">
    <name>12:00/600</name>
    <cmt>12:00/600</cmt>
  </wpt>
  <wpt lat="40.787959" lon="-119.201277">
    <name>12:15/600</name>
    <cmt>12:15/600</cmt>
  </wpt>
  <wpt lat="40.787780" lon="-119.201120">
    <name>12:30/600</name>
    <cmt>12:30/600</cmt>
  </wpt>
  <wpt lat="40.787587" lon="-119.200995">
    <name>12:45/600</name>
    <cmt>12:45/600</cmt>
  </wpt>
  <wpt lat="40.787384" lon="-119.200904">
    <name>1:00/600</name>
    <cmt>1:00/600</cmt>
  </wpt>
  <wpt lat="40.787173" lon="-119.200849">
    <name>1:15/600</name>
    <cmt>1:15/600</cmt>
  </wpt>
  <wpt lat="40.786958" lon="-119.200830">
    <name>1:30/600</name>
    <cmt>1:30/600</cmt>
  </wpt>
  <wpt lat="40.786743" lon="-119.200849">
    <name>1:45/600</name>
    <cmt>1:45/600</cmt>
  </wpt>
  <wpt lat="40.786532" lon="-119.200904">
    <name>2:00/600</name>
    <cmt>2:00/600</cmt>
  </wpt>
  <wpt lat="40.786329" lon="-119.200995">
    <name>2:15/600</name>
    <cmt>2:15/600</cmt>
  </wpt>
  <wpt lat="40.786136" lon="-119.201120">
    <name>2:30/600</name>
    <cmt>2:30/600</cmt>
  </wpt>
  <wpt lat="40.785957" lon="-119.201278">
    <name>2:45/600</name>
    <cmt>2:45/600</cmt>
  </wpt>
  <wpt lat="40.785795" lon="-119.201464">
    <name>3:00/600</name>
    <cmt>3:00/600</cmt>
  </wpt>
  <wpt lat="40.785653" lon="-119.201677">
    <name>3:15/600</name>
    <cmt>3:15/600</cmt>
  </wpt>
  <wpt lat="40.785534" lon="-119.201912">
    <name>3:30/600</name>
    <cmt>3:30/600</cmt>
  </wpt>
  <wpt lat="40.785439" lon="-119.202166">
    <name>3:45/600</name>
    <cmt>3:45/600</cmt>
  </wpt>
  <wpt lat="40.785370" lon="-119.202434">
    <name>4:00/600</name>
    <cmt>4:00/600</cmt>
  </wpt>
  <wpt lat="40.785328" lon="-119.202712">
    <name>4:15/600</name>
    <cmt>4:15/600</cmt>
  </wpt>
  <wpt lat="40.785314" lon="-119.202994">
    <name>4:30/600</name>
    <cmt>4:30/600</cmt>
  </wpt>
  <wpt lat="40.785328" lon="-119.203276">
    <name>4:45/600</name>
    <cmt>4:45/600</cmt>
  </wpt>
  <wpt lat="40.785370" lon="-119.203554">
    <name>5:00/600</name>
    <cmt>5:00/600</cmt>
  </wpt>
  <wpt lat="40.785439" lon="-119.203822">
    <name>5:15/600</name>
    <cmt>5:15/600</cmt>
  </wpt>
  <wpt lat="40.785534" lon="-119.204076">
    <name>5:30/600</name>
    <cmt>5:30/600</cmt>
  </wpt>
  <wpt lat="40.785653" lon="-119.204311">
    <name>5:45/600</name>
    <cmt>5:45/600</cmt>
  </wpt>
  <wpt lat="40.785795" lon="-119.204524">
    <name>6:00/600</name>
    <cmt>6:00/600</cmt>
  </wpt>
  <wpt lat="40.785957" lon="-119.204710">
    <name>6:15/600</name>
    <cmt>6:15/600</cmt>
  </wpt>
  <wpt lat="40.786136" lon="-119.204868">
    <name>6:30/600</name>
    <cmt>6:30/600</cmt>
  </wpt>
  <wpt lat="40.786329" lon="-119.204993">
    <name>6:45/600</name>
    <cmt>6:45/600</cmt>
  </wpt>
  <wpt lat="40.786532" lon="-119.205084">
    <name>7:00/600</name>
    <cmt>7:00/600</cmt>
  </wpt>
  <wpt lat="40.786743" lon="-119.205139">
    <name>7:15/600</name>
    <cmt>7:15/600</cmt>
  </wpt>
  <wpt lat="40.786958" lon="-119.205158">
    <name>7:30/600</name>
    <cmt>7:30/600</cmt>
  </wpt>
  <wpt lat="40.787173" lon="-119.205139">
    <name>7:45/600</name>
    <cmt>7:45/600</cmt>
  </wpt>
  <wpt lat="40.787384" lon="-119.205084">
    <name>8:00/600</name>
    <cmt>8:00/600</cmt>
  </wpt>
  <wpt lat="40.787587" lon="-119.204993">
    <name>8:15/600</name>
    <cmt>8:15/600</cmt>
  </wpt>
  <wpt lat="40.787780" lon="-119.204868">
    <name>8:30/600</name>
    <cmt>8:30/600</cmt>
  </wpt>
  <wpt lat="40.787959" lon="-119.204711">
    <name>8:45/600</name>
    <cmt>8:45/600</cmt>
  </wpt>
  <wpt lat="40.788121" lon="-119.204524">
    <name>9:00/600</name>
    <cmt>9:00/600</cmt>
  </wpt>
  <wpt lat="40.788263" lon="-119.204311">
    <name>9:15/600</name>
    <cmt>9:15/600</cmt>
  </wpt>
  <wpt lat="40.788382" lon="-119.204076">
    <name>9:30/600</name>
    <cmt>9:30/600</cmt>
  </wpt>
  <wpt lat="40.788477" lon="-119.203822">
    <name>9:45/600</name>
    <cmt>9:45/600</cmt>
  </wpt>
  <wpt lat="40.788546" lon="-119.203554">
    <name>10:00/600</name>
    <cmt>10:00/600</cmt>
  </wpt>
  <wpt lat="40.788588" lon="-119.203276">
    <name>10:15/600</name>
    <cmt>10:15/600</cmt>
  </wpt>
  <wpt lat="40.788602" lon="-119.202994">
    <name>10:30/600</name>
    <cmt>10:30/600</cmt>
  </wpt>
  <wpt lat="40.788588" lon="-119.202712">
    <name>10:45/600</name>
    <cmt>10:45/600</cmt>
  </wpt>
  <wpt lat="40.788546" lon="-119.202434">
    <name>11:00/600</name>
    <cmt>11:00/600</cmt>
  </wpt>
  <wpt lat="40.788477" lon="-119.202166">
    <name>11:15/600</name>
    <cmt>11:15/600</cmt>
  </wpt>
  <wpt lat="40.788382" lon="-119.201912">
    <name>11:30/600</name>
    <cmt>11:30/600</cmt>
  </wpt>
  <wpt lat="40.788263" lon="-119.201677">
    <name>11:45/600</name>
    <cmt>11:45/600</cmt>
  </wpt>
  <wpt lat="40.788315" lon="-119.201209">
    <name>12:00/700</name>
    <cmt>12:00/700</cmt>
  </wpt>
  <wpt lat="40.788126" lon="-119.200991">
    <name>12:15/700</name>
    <cmt>12:15/700</cmt>
  </wpt>
  <wpt lat="40.787917" lon="-119.200808">
    <name>12:30/700</name>
    <cmt>12:30/700</cmt>
  </wpt>
  <wpt lat="40.787692" lon="-119.200662">
    <name>12:45/700</name>
    <cmt>12:45/700</cmt>
  </wpt>
  <wpt lat="40.787455" lon="-119.200556">
    <name>1:00/700</name>
    <cmt>1:00/700</cmt>
  </wpt>
  <wpt lat="40.787208" lon="-119.200491">
    <name>1:15/700</name>
    <cmt>1:15/700</cmt>
  </wpt>
  <wpt lat="40.786958" lon="-119.200470">
    <name>1:30/700</name>
    <cmt>1:30/700</cmt>
  </wpt>
  <wpt lat="40.786708" lon="-119.200491">
    <name>1:45/700</name>
    <cmt>1:45/700</cmt>
  </wpt>
  <wpt lat="40.786461" lon="-119.200556">
    <name>2:00/700</name>
    <cmt>2:00/700</cmt>
  </wpt>
  <wpt lat="40.786224" lon="-119.200662">
    <name>2:15/700</name>
    <cmt>2:15/700</cmt>
  </wpt>
  <wpt lat="40.785999" lon="-119.200808">
    <name>2:30/700</name>
    <cmt>2:30/700</cmt>
  </wpt>
  <wpt lat="40.785790" lon="-119.200991">
    <name>2:45/700</name>
    <cmt>2:45/700</cmt>
  </wpt>
  <wpt lat="40.785601" lon="-119.201209">
    <name>3:00/700</name>
    <cmt>3:00/700</cmt>
  </wpt>
  <wpt lat="40.785436" lon="-119.201457">
    <name>3:15/700</name>
    <cmt>3:15/700</cmt>
  </wpt>
  <wpt lat="40.785296" lon="-119.201732">
    <name>3:30/700</name>
    <cmt>3:30/700</cmt>
  </wpt>
  <wpt lat="40.785185" lon="-119.202028">
    <name>3:45/700</name>
    <cmt>3:45/700</cmt>
  </wpt>
  <wpt lat="40.785105" lon="-119.202341">
    <name>4:00/700</name>
    <cmt>4:00/700</cmt>
  </wpt>
  <wpt lat="40.785056" lon="-119.202665">
    <name>4:15/700</name>
    <cmt>4:15/700</cmt>
  </wpt>
  <wpt lat="40.785039" lon="-119.202994">
    <name>4:30/700</name>
    <cmt>4:30/700</cmt>
  </wpt>
  <wpt lat="40.785056" lon="-119.203323">
    <name>4:45/700</name>
    <cmt>4:45/700</cmt>
  </wpt>
  <wpt lat="40.785105" lon="-119.203647">
    <name>5:00/700</name>
    <cmt>5:00/700</cmt>
  </wpt>
  <wpt lat="40.785185" lon="-119.203960">
    <name>5:15/700</name>
    <cmt>5:15/700</cmt>
  </wpt>
  <wpt lat="40.785296" lon="-119.204256">
    <name>5:30/700</name>
    <cmt>5:30/700</cmt>
  </wpt>
  <wpt lat="40.785436" lon="-119.204531">
    <name>5:45/700</name>
    <cmt>5:45/700</cmt>
  </wpt>
  <wpt lat="40.785601" lon="-119.204779">
    <name>6:00/700</name>
    <cmt>6:00/700</cmt>
  </wpt>
  <wpt lat="40.785790" lon="-119.204997">
    <name>6:15/700</name>
    <cmt>6:15/700</cmt>
  </wpt>
  <wpt lat="40.785999" lon="-119.205180">
    <name>6:30/700</name>
    <cmt>6:30/700</cmt>
  </wpt>
  <wpt lat="40.786224" lon="-119.205326">
    <name>6:45/700</name>
    <cmt>6:45/700</cmt>
  </wpt>
  <wpt lat="40.786461" lon="-119.205432">
    <name>7:00/700</name>
    <cmt>7:00/700</cmt>
  </wpt>
  <wpt lat="40.786708" lon="-119.205497">
    <name>7:15/700</name>
    <cmt>7:15/700</cmt>
  </wpt>
  <wpt lat="40.786958" lon="-119.205518">
    <name>7:30/700</name>
    <cmt>7:30/700</cmt>
  </wpt>
  <wpt lat="40.787208" lon="-119.205497">
    <name>7:45/700</name>
    <cmt>7:45/700</cmt>
  </wpt>
  <wpt lat="40.787455" lon="-119.205432">
    <name>8:00/700</name>
    <cmt>8:00/700</cmt>
  </wpt>
  <wpt lat="40.787692" lon="-119.205326">
    <name>8:15/700</name>
    <cmt>8:15/700</cmt>
  </wpt>
  <wpt lat="40.787917" lon="-119.205180">
    <name>8:30/700</name>
    <cmt>8:30/700</cmt>
  </wpt>
  <wpt lat="40.788126" lon="-119.204997">
    <name>8:45/700</name>
    <cmt>8:45/700</cmt>
  </wpt>
  <wpt lat="40.788315" lon="-119.204779">
    <name>9:00/700</name>
    <cmt>9:00/700</cmt>
  </wpt>
  <wpt lat="40.788480" lon="-119.204531">
    <name>9:15/700</name>
    <cmt>9:15/700</cmt>
  </wpt>
  <wpt lat="40.788620" lon="-119.204256">
    <name>9:30/700</name>
    <cmt>9:30/700</cmt>
  </wpt>
  <wpt lat="40.788731" lon="-119.203960">
    <name>9:45/700</name>
    <cmt>9:45/700</cmt>
  </wpt>
  <wpt lat="40.788811" lon="-119.203647">
    <name>10:00/700</name>
    <cmt>10:00/700</cmt>
  </wpt>
  <wpt lat="40.788860" lon="-119.203323">
    <name>10:15/700</name>
    <cmt>10:15/700</cmt>
  </wpt>
  <wpt lat="40.788877" lon="-119.202994">
    <name>10:30/700</name>
    <cmt>10:30/700</cmt>
  </wpt>
  <wpt lat="40.788860" lon="-119.202665">
    <name>10:45/700</name>
    <cmt>10:45/700</cmt>
  </wpt>
  <wpt lat="40.788811" lon="-119.202341">
    <name>11:00/700</name>
    <cmt>11:00/700</cmt>
  </wpt>
  <wpt lat="40.788731" lon="-119.202028">
    <name>11:15/700</name>
    <cmt>11:15/700</cmt>
  </wpt>
  <wpt lat="40.788620" lon="-119.201732">
    <name>11:30/700</name>
    <cmt>11:30/700</cmt>
  </wpt>
  <wpt lat="40.788480" lon="-119.201457">
    <name>11:45/700</name>
    <cmt>11:45/700</cmt>
  </wpt>
  <wpt lat="40.788508" lon="-119.200954">
    <name>12:00/800</name>
    <cmt>12:00/800</cmt>
  </wpt>
  <wpt lat="40.788293" lon="-119.200705">
    <name>12:15/800</name>
    <cmt>12:15/800</cmt>
  </wpt>
  <wpt lat="40.788054" lon="-119.200496">
    <name>12:30/800</name>
    <cmt>12:30/800</cmt>
  </wpt>
  <wpt lat="40.787797" lon="-119.200329">
    <name>12:45/800</name>
    <cmt>12:45/800</cmt>
  </wpt>
  <wpt lat="40.787525" lon="-119.200207">
    <name>1:00/800</name>
    <cmt>1:00/800</cmt>
  </wpt>
  <wpt lat="40.787244" lon="-119.200134">
    <name>1:15/800</name>
    <cmt>1:15/800</cmt>
  </wpt>
  <wpt lat="40.786958" lon="-119.200109">
    <name>1:30/800</name>
    <cmt>1:30/800</cmt>
  </wpt>
  <wpt lat="40.786672" lon="-119.200134">
    <name>1:45/800</name>
    <cmt>1:45/800</cmt>
  </wpt>
  <wpt lat="40.786390" lon="-119.200208">
    <name>2:00/800</name>
    <cmt>2:00/800</cmt>
  </wpt>
  <wpt lat="40.786119" lon="-119.200329">
    <name>2:15/800</name>
    <cmt>2:15/800</cmt>
  </wpt>
  <wpt lat="40.785862" lon="-119.200496">
    <name>2:30/800</name>
    <cmt>2:30/800</cmt>
  </wpt>
  <wpt lat="40.785623" lon="-119.200705">
    <name>2:45/800</name>
    <cmt>2:45/800</cmt>
  </wpt>
  <wpt lat="40.785408" lon="-119.200954">
    <name>3:00/800</name>
    <cmt>3:00/800</cmt>
  </wpt>
  <wpt lat="40.785218" lon="-119.201238">
    <name>3:15/800</name>
    <cmt>3:15/800</cmt>
  </wpt>
  <wpt lat="40.785059" lon="-119.201552">
    <name>3:30/800</name>
    <cmt>3:30/800</cmt>
  </wpt>
  <wpt lat="40.784932" lon="-119.201890">
    <name>3:45/800</name>
    <cmt>3:45/800</cmt>
  </wpt>
  <wpt lat="40.784840" lon="-119.202247">
    <name>4:00/800</name>
    <cmt>4:00/800</cmt>
  </wpt>
  <wpt lat="40.784784" lon="-119.202617">
    <name>4:15/800</name>
    <cmt>4:15/800</cmt>
  </wpt>
  <wpt lat="40.784765" lon="-119.202994">
    <name>4:30/800</name>
    <cmt>4:30/800</cmt>
  </wpt>
  <wpt lat="40.784784" lon="-119.203371">
    <name>4:45/800</name>
    <cmt>4:45/800</cmt>
  </wpt>
  <wpt lat="40.784840" lon="-119.203741">
    <name>5:00/800</name>
    <cmt>5:00/800</cmt>
  </wpt>
  <wpt lat="40.784932" lon="-119.204098">
    <name>5:15/800</name>
    <cmt>5:15/800</cmt>
  </wpt>
  <wpt lat="40.785059" lon="-119.204436">
    <name>5:30/800</name>
    <cmt>5:30/800</cmt>
  </wpt>
  <wpt lat="40.785218" lon="-119.204750">
    <name>5:45/800</name>
    <cmt>5:45/800</cmt>
  </wpt>
  <wpt lat="40.785408" lon="-119.205034">
    <name>6:00/800</name>
    <cmt>6:00/800</cmt>
  </wpt>
  <wpt lat="40.785623" lon="-119.205283">
    <name>6:15/800</name>
    <cmt>6:15/800</cmt>
  </wpt>
  <wpt lat="40.785862" lon="-119.205492">
    <name>6:30/800</name>
    <cmt>6:30/800</cmt>
  </wpt>
  <wpt lat="40.786119" lon="-119.205659">
    <name>6:45/800</name>
    <cmt>6:45/800</cmt>
  </wpt>
  <wpt lat="40.786390" lon="-119.205780">
    <name>7:00/800</name>
    <cmt>7:00/800</cmt>
  </wpt>
  <wpt lat="40.786672" lon="-119.205854">
    <name>7:15/800</name>
    <cmt>7:15/800</cmt>
  </wpt>
  <wpt lat="40.786958" lon="-119.205879">
    <name>7:30/800</name>
    <cmt>7:30/800</cmt>
  </wpt>
  <wpt lat="40.787244" lon="-119.205854">
    <name>7:45/800</name>
    <cmt>7:45/800</cmt>
  </wpt>
  <wpt lat="40.787525" lon="-119.205781">
    <name>8:00/800</name>
    <cmt>8:00/800</cmt>
  </wpt>
  <wpt lat="40.787797" lon="-119.205659">
    <name>8:15/800</name>
    <cmt>8:15/800</cmt>
  </wpt>
  <wpt lat="40.788054" lon="-119.205492">
    <name>8:30/800</name>
    <cmt>8:30/800</cmt>
  </wpt>
  <wpt lat="40.788293" lon="-119.205283">
    <name>8:45/800</name>
    <cmt>8:45/800</cmt>
  </wpt>
  <wpt lat="40.788508" lon="-119.205034">
    <name>9:00/800</name>
    <cmt>9:00/800</cmt>
  </wpt>
  <wpt lat="40.788698" lon="-119.204750">
    <name>9:15/800</name>
    <cmt>9:15/800</cmt>
  </wpt>
  <wpt lat="40.788857" lon="-119.204436">
    <name>9:30/800</name>
    <cmt>9:30/800</cmt>
  </wpt>
  <wpt lat="40.788984" lon="-119.204098">
    <name>9:45/800</name>
    <cmt>9:45/800</cmt>
  </wpt>
  <wpt lat="40.789076" lon="-119.203741">
    <name>10:00/800</name>
    <cmt>10:00/800</cmt>
  </wpt>
  <wpt lat="40.789132" lon="-119.203371">
    <name>10:15/800</name>
    <cmt>10:15/800</cmt>
  </wpt>
  <wpt lat="40.789151" lon="-119.202994">
    <name>10:30/800</name>
    <cmt>10:30/800</cmt>
  </wpt>
  <wpt lat="40.789132" lon="-119.202617">
    <name>10:45/800</name>
    <cmt>10:45/800</cmt>
  </wpt>
  <wpt lat="40.789076" lon="-119.202247">
    <name>11:00/800</name>
    <cmt>11:00/800</cmt>
  </wpt>
  <wpt lat="40.788984" lon="-119.201890">
    <name>11:15/800</name>
    <cmt>11:15/800</cmt>
  </wpt>
  <wpt lat="40.788857" lon="-119.201552">
    <name>11:30/800</name>
    <cmt>11:30/800</cmt>
  </wpt>
  <wpt lat="40.788698" lon="-119.201238">
    <name>11:45/800</name>
    <cmt>11:45/800</cmt>
  </wpt>
  <wpt lat="40.788702" lon="-119.200699">
    <name>12:00/900</name>
    <cmt>12:00/900</cmt>
  </wpt>
  <wpt lat="40.788460" lon="-119.200419">
    <name>12:15/900</name>
    <cmt>12:15/900</cmt>
  </wpt>
  <wpt lat="40.788191" lon="-119.200183">
    <name>12:30/900</name>
    <cmt>12:30/900</cmt>
  </wpt>
  <wpt lat="40.787902" lon="-119.199996">
    <name>12:45/900</name>
    <cmt>12:45/900</cmt>
  </wpt>
  <wpt lat="40.787596" lon="-119.199859">
    <name>1:00/900</name>
    <cmt>1:00/900</cmt>
  </wpt>
  <wpt lat="40.787280" lon="-119.199776">
    <name>1:15/900</name>
    <cmt>1:15/900</cmt>
  </wpt>
  <wpt lat="40.786958" lon="-119.199749">
    <name>1:30/900</name>
    <cmt>1:30/900</cmt>
  </wpt>
  <wpt lat="40.786636" lon="-119.199776">
    <name>1:45/900</name>
    <cmt>1:45/900</cmt>
  </wpt>
  <wpt lat="40.786320" lon="-119.199859">
    <name>2:00/900</name>
    <cmt>2:00/900</cmt>
  </wpt>
  <wpt lat="40.786014" lon="-119.199996">
    <name>2:15/900</name>
    <cmt>2:15/900</cmt>
  </wpt>
  <wpt lat="40.785725" lon="-119.200183">
    <name>2:30/900</name>
    <cmt>2:30/900</cmt>
  </wpt>
  <wpt lat="40.785456" lon="-119.200419">
    <name>2:45/900</name>
    <cmt>2:45/900</cmt>
  </wpt>
  <wpt lat="40.785214" lon="-119.200699">
    <name>3:00/900</name>
    <cmt>3:00/900</cmt>
  </wpt>
  <wpt lat="40.785001" lon="-119.201018">
    <name>3:15/900</name>
    <cmt>3:15/900</cmt>
  </wpt>
  <wpt lat="40.784822" lon="-119.201371">
    <name>3:30/900</name>
    <cmt>3:30/900</cmt>
  </wpt>
  <wpt lat="40.784679" lon="-119.201752">
    <name>3:45/900</name>
    <cmt>3:45/900</cmt>
  </wpt>
  <wpt lat="40.784575" lon="-119.202154">
    <name>4:00/900</name>
    <cmt>4:00/900</cmt>
  </wpt>
  <wpt lat="40.784512" lon="-119.202570">
    <name>4:15/900</name>
    <cmt>4:15/900</cmt>
  </wpt>
  <wpt lat="40.784491" lon="-119.202994">
    <name>4:30/900</name>
    <cmt>4:30/900</cmt>
  </wpt>
  <wpt lat="40.784512" lon="-119.203418">
    <name>4:45/900</name>
    <cmt>4:45/900</cmt>
  </wpt>
  <wpt lat="40.784575" lon="-119.203834">
    <name>5:00/900</name>
    <cmt>5:00/900</cmt>
  </wpt>
  <wpt lat="40.784679" lon="-119.204236">
    <name>5:15/900</name>
    <cmt>5:15/900</cmt>
  </wpt>
  <wpt lat="40.784822" lon="-119.204617">
    <name>5:30/900</name>
    <cmt>5:30/900</cmt>
  </wpt>
  <wpt lat="40.785001" lon="-119.204970">
    <name>5:45/900</name>
    <cmt>5:45/900</cmt>
  </wpt>
  <wpt lat="40.785214" lon="-119.205289">
    <name>6:00/900</name>
    <cmt>6:00/900</cmt>
  </wpt>
  <wpt lat="40.785456" lon="-119.205569">
    <name>6:15/900</name>
    <cmt>6:15/900</cmt>
  </wpt>
  <wpt lat="40.785725" lon="-119.205805">
    <name>6:30/900</name>
    <cmt>6:30/900</cmt>
  </wpt>
  <wpt lat="40.786014" lon="-119.205992">
    <name>6:45/900</name>
    <cmt>6:45/900</cmt>
  </wpt>
  <wpt lat="40.786320" lon="-119.206129">
    <name>7:00/900</name>
    <cmt>7:00/900</cmt>
  </wpt>
  <wpt lat="40.786636" lon="-119.206212">
    <name>7:15/900</name>
    <cmt>7:15/900</cmt>
  </wpt>
  <wpt lat="40.786958" lon="-119.206239">
    <name>7:30/900</name>
    <cmt>7:30/900</cmt>
  </wpt>
  <wpt lat="40.787280" lon="-119.206212">
    <name>7:45/900</name>
    <cmt>7:45/900</cmt>
  </wpt>
  <wpt lat="40.787596" lon="-119.206129">
    <name>8:00/900</name>
    <cmt>8:00/900</cmt>
  </wpt>
  <wpt lat="40.787902" lon="-119.205992">
    <name>8:15/900</name>
    <cmt>8:15/900</cmt>
  </wpt>
  <wpt lat="40.788191" lon="-119.205805">
    <name>8:30/900</name>
    <cmt>8:30/900</cmt>
  </wpt>
  <wpt lat="40.788460" lon="-119.205569">
    <name>8:45/900</name>
    <cmt>8:45/900</cmt>
  </wpt>
  <wpt lat="40.788702" lon="-119.205289">
    <name>9:00/900</name>
    <cmt>9:00/900</cmt>
  </wpt>
  <wpt lat="40.788915" lon="-119.204970">
    <name>9:15/900</name>
    <cmt>9:15/900</cmt>
  </wpt>
  <wpt lat="40.789094" lon="-119.204617">
    <name>9:30/900</name>
    <cmt>9:30/900</cmt>
  </wpt>
  <wpt lat="40.789237" lon="-119.204236">
    <name>9:45/900</name>
    <cmt>9:45/900</cmt>
  </wpt>
  <wpt lat="40.789341" lon="-119.203834">
    <name>10:00/900</name>
    <cmt>10:00/900</cmt>
  </wpt>
  <wpt lat="40.789404" lon="-119.203418">
    <name>10:15/900</name>
    <cmt>10:15/900</cmt>
  </wpt>
  <wpt lat="40.789425" lon="-119.202994">
    <name>10:30/900</name>
    <cmt>10:30/900</cmt>
  </wpt>
  <wpt lat="40.789404" lon="-119.202570">
    <name>10:45/900</name>
    <cmt>10:45/900</cmt>
  </wpt>
  <wpt lat="40.789341" lon="-119.202154">
    <name>11:00/900</name>
    <cmt>11:00/900</cmt>
  </wpt>
  <wpt lat="40.789237" lon="-119.201752">
    <name>11:15/900</name>
    <cmt>11:15/900</cmt>
  </wpt>
  <wpt lat="40.789094" lon="-119.201371">
    <name>11:30/900</name>
    <cmt>11:30/900</cmt>
  </wpt>
  <wpt lat="40.788915" lon="-119.201018">
    <name>11:45/900</name>
    <cmt>11:45/900</cmt>
  </wpt>
  <wpt lat="40.788896" lon="-119.200444">
    <name>12:00/1000</name>
    <cmt>12:00/1000</cmt>
  </wpt>
  <wpt lat="40.788626" lon="-119.200133">
    <name>12:15/1000</name>
    <cmt>12:15/1000</cmt>
  </wpt>
  <wpt lat="40.788328" lon="-119.199871">
    <name>12:30/1000</name>
    <cmt>12:30/1000</cmt>
  </wpt>
  <wpt lat="40.788007" lon="-119.199662">
    <name>12:45/1000</name>
    <cmt>12:45/1000</cmt>
  </wpt>
  <wpt lat="40.787667" lon="-119.199511">
    <name>1:00/1000</name>
    <cmt>1:00/1000</cmt>
  </wpt>
  <wpt lat="40.787316" lon="-119.199419">
    <name>1:15/1000</name>
    <cmt>1:15/1000</cmt>
  </wpt>
  <wpt lat="40.786958" lon="-119.199388">
    <name>1:30/1000</name>
    <cmt>1:30/1000</cmt>
  </wpt>
  <wpt lat="40.786600" lon="-119.199419">
    <name>1:45/1000</name>
    <cmt>1:45/1000</cmt>
  </wpt>
  <wpt lat="40.786249" lon="-119.199511">
    <name>2:00/1000</name>
    <cmt>2:00/1000</cmt>
  </wpt>
  <wpt lat="40.785909" lon="-119.199663">
    <name>2:15/1000</name>
    <cmt>2:15/1000</cmt>
  </wpt>
  <wpt lat="40.785588" lon="-119.199871">
    <name>2:30/1000</name>
    <cmt>2:30/1000</cmt>
  </wpt>
  <wpt lat="40.785289" lon="-119.200133">
    <name>2:45/1000</name>
    <cmt>2:45/1000</cmt>
  </wpt>
  <wpt lat="40.785020" lon="-119.200444">
    <name>3:00/1000</name>
    <cmt>3:00/1000</cmt>
  </wpt>
  <wpt lat="40.784784" lon="-119.200799">
    <name>3:15/1000</name>
    <cmt>3:15/1000</cmt>
  </wpt>
  <wpt lat="40.784584" lon="-119.201191">
    <name>3:30/1000</name>
    <cmt>3:30/1000</cmt>
  </wpt>
  <wpt lat="40.784426" lon="-119.201614">
    <name>3:45/1000</name>
    <cmt>3:45/1000</cmt>
  </wpt>
  <wpt lat="40.784311" lon="-119.202061">
    <name>4:00/1000</name>
    <cmt>4:00/1000</cmt>
  </wpt>
  <wpt lat="40.784241" lon="-119.202523">
    <name>4:15/1000</name>
    <cmt>4:15/1000</cmt>
  </wpt>
  <wpt lat="40.784217" lon="-119.202994">
    <name>4:30/1000</name>
    <cmt>4:30/1000</cmt>
  </wpt>
  <wpt lat="40.784241" lon="-119.203465">
    <name>4:45/1000</name>
    <cmt>4:45/1000</cmt>
  </wpt>
  <wpt lat="40.784311" lon="-119.203927">
    <name>5:00/1000</name>
    <cmt>5:00/1000</cmt>
  </wpt>
  <wpt lat="40.784426" lon="-119.204374">
    <name>5:15/1000</name>
    <cmt>5:15/1000</cmt>
  </wpt>
  <wpt lat="40.784584" lon="-119.204797">
    <name>5:30/1000</name>
    <cmt>5:30/1000</cmt>
  </wpt>
  <wpt lat="40.784784" lon="-119.205189">
    <name>5:45/1000</name>
    <cmt>5:45/1000</cmt>
  </wpt>
  <wpt lat="40.785020" lon="-119.205544">
    <name>6:00/1000</name>
    <cmt>6:00/1000</cmt>
  </wpt>
  <wpt lat="40.785289" lon="-119.205855">
    <name>6:15/1000</name>
    <cmt>6:15/1000</cmt>
  </wpt>
  <wpt lat="40.785588" lon="-119.206117">
    <name>6:30/1000</name>
    <cmt>6:30/1000</cmt>
  </wpt>
  <wpt lat="40.785909" lon="-119.206325">
    <name>6:45/1000</name>
    <cmt>6:45/1000</cmt>
  </wpt>
  <wpt lat="40.786249" lon="-119.206477">
    <name>7:00/1000</name>
    <cmt>7:00/1000</cmt>
  </wpt>
  <wpt lat="40.786600" lon="-119.206569">
    <name>7:15/1000</name>
    <cmt>7:15/1000</cmt>
  </wpt>
  <wpt lat="40.786958" lon="-119.206600">
    <name>7:30/1000</name>
    <cmt>7:30/1000</cmt>
  </wpt>
  <wpt lat="40.787316" lon="-119.206569">
    <name>7:45/1000</name>
    <cmt>7:45/1000</cmt>
  </wpt>
  <wpt lat="40.787667" lon="-119.206477">
    <name>8:00/1000</name>
    <cmt>8:00/1000</cmt>
  </wpt>
  <wpt lat="40.788007" lon="-119.206326">
    <name>8:15/1000</name>
    <cmt>8:15/1000</cmt>
  </wpt>
  <wpt lat="40.788328" lon="-119.206117">
    <name>8:30/1000</name>
    <cmt>8:30/1000</cmt>
  </wpt>
  <wpt lat="40.788626" lon="-119.205855">
    <name>8:45/1000</name>
    <cmt>8:45/1000</cmt>
  </wpt>
  <wpt lat="40.788896" lon="-119.205544">
    <name>9:00/1000</name>
    <cmt>9:00/1000</cmt>
  </wpt>
  <wpt lat="40.789132" lon="-119.205189">
    <name>9:15/1000</name>
    <cmt>9:15/1000</cmt>
  </wpt>
  <wpt lat="40.789332" lon="-119.204797">
    <name>9:30/1000</name>
    <cmt>9:30/1000</cmt>
  </wpt>
  <wpt lat="40.789490" lon="-119.204374">
    <name>9:45/1000</name>
    <cmt>9:45/1000</cmt>
  </wpt>
  <wpt lat="40.789605" lon="-119.203927">
    <name>10:00/1000</name>
    <cmt>10:00/1000</cmt>
  </wpt>
  <wpt lat="40.789675" lon="-119.203465">
    <name>10:15/1000</name>
    <cmt>10:15/1000</cmt>
  </wpt>
  <wpt lat="40.789699" lon="-119.202994">
    <name>10:30/1000</name>
    <cmt>10:30/1000</cmt>
  </wpt>
  <wpt lat="40.789675" lon="-119.202523">
    <name>10:45/1000</name>
    <cmt>10:45/1000</cmt>
  </wpt>
  <wpt lat="40.789605" lon="-119.202061">
    <name>11:00/1000</name>
    <cmt>11:00/1000</cmt>
  </wpt>
  <wpt lat="40.789490" lon="-119.201614">
    <name>11:15/1000</name>
    <cmt>11:15/1000</cmt>
  </wpt>
  <wpt lat="40.789332" lon="-119.201191">
    <name>11:30/1000</name>
    <cmt>11:30/1000</cmt>
  </wpt>
  <wpt lat="40.789132" lon="-119.200799">
    <name>11:45/1000</name>
    <cmt>11:45/1000</cmt>
  </wpt>
  <wpt lat="40.789090" lon="-119.200189">
    <name>12:00/1100</name>
    <cmt>12:00/1100</cmt>
  </wpt>
  <wpt lat="40.788793" lon="-119.199847">
    <name>12:15/1100</name>
    <cmt>12:15/1100</cmt>
  </wpt>
  <wpt lat="40.788465" lon="-119.199559">
    <name>12:30/1100</name>
    <cmt>12:30/1100</cmt>
  </wpt>
  <wpt lat="40.788112" lon="-119.199329">
    <name>12:45/1100</name>
    <cmt>12:45/1100</cmt>
  </wpt>
  <wpt lat="40.787738" lon="-119.199163">
    <name>1:00/1100</name>
    <cmt>1:00/1100</cmt>
  </wpt>
  <wpt lat="40.787351" lon="-119.199061">
    <name>1:15/1100</name>
    <cmt>1:15/1100</cmt>
  </wpt>
  <wpt lat="40.786958" lon="-119.199027">
    <name>1:30/1100</name>
    <cmt>1:30/1100</cmt>
  </wpt>
  <wpt lat="40.786564" lon="-119.199061">
    <name>1:45/1100</name>
    <cmt>1:45/1100</cmt>
  </wpt>
  <wpt lat="40.786178" lon="-119.199163">
    <name>2:00/1100</name>
    <cmt>2:00/1100</cmt>
  </wpt>
  <wpt lat="40.785804" lon="-119.199329">
    <name>2:15/1100</name>
    <cmt>2:15/1100</cmt>
  </wpt>
  <wpt lat="40.785450" lon="-119.199559">
    <name>2:30/1100</name>
    <cmt>2:30/1100</cmt>
  </wpt>
  <wpt lat="40.785123" lon="-119.199847">
    <name>2:45/1100</name>
    <cmt>2:45/1100</cmt>
  </wpt>
  <wpt lat="40.784826" lon="-119.200189">
    <name>3:00/1100</name>
    <cmt>3:00/1100</cmt>
  </wpt>
  <wpt lat="40.784566" lon="-119.200579">
    <name>3:15/1100</name>
    <cmt>3:15/1100</cmt>
  </wpt>
  <wpt lat="40.784347" lon="-119.201011">
    <name>3:30/1100</name>
    <cmt>3:30/1100</cmt>
  </wpt>
  <wpt lat="40.784173" lon="-119.201476">
    <name>3:45/1100</name>
    <cmt>3:45/1100</cmt>
  </wpt>
  <wpt lat="40.784046" lon="-119.201967">
    <name>4:00/1100</name>
    <cmt>4:00/1100</cmt>
  </wpt>
  <wpt lat="40.783969" lon="-119.202476">
    <name>4:15/1100</name>
    <cmt>4:15/1100</cmt>
  </wpt>
  <wpt lat="40.783943" lon="-119.202994">
    <name>4:30/1100</name>
    <cmt>4:30/1100</cmt>
  </wpt>
  <wpt lat="40.783969" lon="-119.203512">
    <name>4:45/1100</name>
    <cmt>4:45/1100</cmt>
  </wpt>
  <wpt lat="40.784046" lon="-119.204021">
    <name>5:00/1100</name>
    <cmt>5:00/1100</cmt>
  </wpt>
  <wpt lat="40.784173" lon="-119.204512">
    <name>5:15/1100</name>
    <cmt>5:15/1100</cmt>
  </wpt>
  <wpt lat="40.784347" lon="-119.204977">
    <name>5:30/1100</name>
    <cmt>5:30/1100</cmt>
  </wpt>
  <wpt lat="40.784566" lon="-119.205409">
    <name>5:45/1100</name>
    <cmt>5:45/1100</cmt>
  </wpt>
  <wpt lat="40.784826" lon="-119.205799">
    <name>6:00/1100</name>
    <cmt>6:00/1100</cmt>
  </wpt>
  <wpt lat="40.785123" lon="-119.206141">
    <name>6:15/1100</name>
    <cmt>6:15/1100</cmt>
  </wpt>
  <wpt lat="40.785450" lon="-119.206429">
    <name>6:30/1100</name>
    <cmt>6:30/1100</cmt>
  </wpt>
  <wpt lat="40.785804" lon="-119.206659">
    <name>6:45/1100</name>
    <cmt>6:45/1100</cmt>
  </wpt>
  <wpt lat="40.786178" lon="-119.206825">
    <name>7:00/1100</name>
    <cmt>7:00/1100</cmt>
  </wpt>
  <wpt lat="40.786564" lon="-119.206927">
    <name>7:15/1100</name>
    <cmt>7:15/1100</cmt>
  </wpt>
  <wpt lat="40.786958" lon="-119.206961">
    <name>7:30/1100</name>
    <cmt>7:30/1100</cmt>
  </wpt>
  <wpt lat="40.787351" lon="-119.206927">
    <name>7:45/1100</name>
    <cmt>7:45/1100</cmt>
  </wpt>
  <wpt lat="40.787738" lon="-119.206825">
    <name>8:00/1100</name>
    <cmt>8:00/1100</cmt>
  </wpt>
  <wpt lat="40.788112" lon="-119.206659">
    <name>8:15/1100</name>
    <cmt>8:15/1100</cmt>
  </wpt>
  <wpt lat="40.788465" lon="-119.206429">
    <name>8:30/1100</name>
    <cmt>8:30/1100</cmt>
  </wpt>
  <wpt lat="40.788793" lon="-119.206141">
    <name>8:45/1100</name>
    <cmt>8:45/1100</cmt>
  </wpt>
  <wpt lat="40.789090" lon="-119.205799">
    <name>9:00/1100</name>
    <cmt>9:00/1100</cmt>
  </wpt>
  <wpt lat="40.789350" lon="-119.205409">
    <name>9:15/1100</name>
    <cmt>9:15/1100</cmt>
  </wpt>
  <wpt lat="40.789569" lon="-119.204977">
    <name>9:30/1100</name>
    <cmt>9:30/1100</cmt>
  </wpt>
  <wpt lat="40.789743" lon="-119.204512">
    <name>9:45/1100</name>
    <cmt>9:45/1100</cmt>
  </wpt>
  <wpt lat="40.789870" lon="-119.204021">
    <name>10:00/1100</name>
    <cmt>10:00/1100</cmt>
  </wpt>
  <wpt lat="40.789947" lon="-119.203512">
    <name>10:15/1100</name>
    <cmt>10:15/1100</cmt>
  </wpt>
  <wpt lat="40.789973" lon="-119.202994">
    <name>10:30/1100</name>
    <cmt>10:30/1100</cmt>
  </wpt>
  <wpt lat="40.789947" lon="-119.202476">
    <name>10:45/1100</name>
    <cmt>10:45/1100</cmt>
  </wpt>
  <wpt lat="40.789870" lon="-119.201967">
    <name>11:00/1100</name>
    <cmt>11:00/1100</cmt>
  </wpt>
  <wpt lat="40.789743" lon="-119.201476">
    <name>11:15/1100</name>
    <cmt>11:15/1100</cmt>
  </wpt>
  <wpt lat="40.789569" lon="-119.201011">
    <name>11:30/1100</name>
    <cmt>11:30/1100</cmt>
  </wpt>
  <wpt lat="40.789350" lon="-119.200579">
    <name>11:45/1100</name>
    <cmt>11:45/1100</cmt>
  </wpt>
  <wpt lat="40.789284" lon="-119.199934">
    <name>12:00/1200</name>
    <cmt>12:00/1200</cmt>
  </wpt>
  <wpt lat="40.788960" lon="-119.199561">
    <name>12:15/1200</name>
    <cmt>12:15/1200</cmt>
  </wpt>
  <wpt lat="40.788602" lon="-119.199246">
    <name>12:30/1200</name>
    <cmt>12:30/1200</cmt>
  </wpt>
  <wpt lat="40.788217" lon="-119.198996">
    <name>12:45/1200</name>
    <cmt>12:45/1200</cmt>
  </wpt>
  <wpt lat="40.787809" lon="-119.198814">
    <name>1:00/1200</name>
    <cmt>1:00/1200</cmt>
  </wpt>
  <wpt lat="40.787387" lon="-119.198704">
    <name>1:15/1200</name>
    <cmt>1:15/1200</cmt>
  </wpt>
  <wpt lat="40.786958" lon="-119.198667">
    <name>1:30/1200</name>
    <cmt>1:30/1200</cmt>
  </wpt>
  <wpt lat="40.786529" lon="-119.198704">
    <name>1:45/1200</name>
    <cmt>1:45/1200</cmt>
  </wpt>
  <wpt lat="40.786107" lon="-119.198814">
    <name>2:00/1200</name>
    <cmt>2:00/1200</cmt>
  </wpt>
  <wpt lat="40.785699" lon="-119.198996">
    <name>2:15/1200</name>
    <cmt>2:15/1200</cmt>
  </wpt>
  <wpt lat="40.785313" lon="-119.199247">
    <name>2:30/1200</name>
    <cmt>2:30/1200</cmt>
  </wpt>
  <wpt lat="40.784956" lon="-119.199561">
    <name>2:45/1200</name>
    <cmt>2:45/1200</cmt>
  </wpt>
  <wpt lat="40.784632" lon="-119.199934">
    <name>3:00/1200</name>
    <cmt>3:00/1200</cmt>
  </wpt>
  <wpt lat="40.784349" lon="-119.200360">
    <name>3:15/1200</name>
    <cmt>3:15/1200</cmt>
  </wpt>
  <wpt lat="40.784110" lon="-119.200830">
    <name>3:30/1200</name>
    <cmt>3:30/1200</cmt>
  </wpt>
  <wpt lat="40.783919" lon="-119.201338">
    <name>3:45/1200</name>
    <cmt>3:45/1200</cmt>
  </wpt>
  <wpt lat="40.783781" lon="-119.201874">
    <name>4:00/1200</name>
    <cmt>4:00/1200</cmt>
  </wpt>
  <wpt lat="40.783697" lon="-119.202429">
    <name>4:15/1200</name>
    <cmt>4:15/1200</cmt>
  </wpt>
  <wpt lat="40.783669" lon="-119.202994">
    <name>4:30/1200</name>
    <cmt>4:30/1200</cmt>
  </wpt>
  <wpt lat="40.783697" lon="-119.203559">
    <name>4:45/1200</name>
    <cmt>4:45/1200</cmt>
  </wpt>
  <wpt lat="40.783781" lon="-119.204114">
    <name>5:00/1200</name>
    <cmt>5:00/1200</cmt>
  </wpt>
  <wpt lat="40.783919" lon="-119.204650">
    <name>5:15/1200</name>
    <cmt>5:15/1200</cmt>
  </wpt>
  <wpt lat="40.784110" lon="-119.205158">
    <name>5:30/1200</name>
    <cmt>5:30/1200</cmt>
  </wpt>
  <wpt lat="40.784349" lon="-119.205628">
    <name>5:45/1200</name>
    <cmt>5:45/1200</cmt>
  </wpt>
  <wpt lat="40.784632" lon="-119.206054">
    <name>6:00/1200</name>
    <cmt>6:00/1200</cmt>
  </wpt>
  <wpt lat="40.784956" lon="-119.206427">
    <name>6:15/1200</name>
    <cmt>6:15/1200</cmt>
  </wpt>
  <wpt lat="40.785313" lon="-119.206741">
    <name>6:30/1200</name>
    <cmt>6:30/1200</cmt>
  </wpt>
  <wpt lat="40.785699" lon="-119.206992">
    <name>6:45/1200</name>
    <cmt>6:45/1200</cmt>
  </wpt>
  <wpt lat="40.786107" lon="-119.207174">
    <name>7:00/1200</name>
    <cmt>7:00/1200</cmt>
  </wpt>
  <wpt lat="40.786529" lon="-119.207284">
    <name>7:15/1200</name>
    <cmt>7:15/1200</cmt>
  </wpt>
  <wpt lat="40.786958" lon="-119.207321">
    <name>7:30/1200</name>
    <cmt>7:30/1200</cmt>
  </wpt>
  <wpt lat="40.787387" lon="-119.207284">
    <name>7:45/1200</name>
    <cmt>7:45/1200</cmt>
  </wpt>
  <wpt lat="40.787809" lon="-119.207174">
    <name>8:00/1200</name>
    <cmt>8:00/1200</cmt>
  </wpt>
  <wpt lat="40.788217" lon="-119.206992">
    <name>8:15/1200</name>
    <cmt>8:15/1200</cmt>
  </wpt>
  <wpt lat="40.788602" lon="-119.206742">
    <name>8:30/1200</name>
    <cmt>8:30/1200</cmt>
  </wpt>
  <wpt lat="40.788960" lon="-119.206427">
    <name>8:45/1200</name>
    <cmt>8:45/1200</cmt>
  </wpt>
  <wpt lat="40.789284" lon="-119.206054">
    <name>9:00/1200</name>
    <cmt>9:00/1200</cmt>
  </wpt>
  <wpt lat="40.789567" lon="-119.205628">
    <name>9:15/1200</name>
    <cmt>9:15/1200</cmt>
  </wpt>
  <wpt lat="40.789806" lon="-119.205158">
    <name>9:30/1200</name>
    <cmt>9:30/1200</cmt>
  </wpt>
  <wpt lat="40.789997" lon="-119.204650">
    <name>9:45/1200</name>
    <cmt>9:45/1200</cmt>
  </wpt>
  <wpt lat="40.790135" lon="-119.204114">
    <name>10:00/1200</name>
    <cmt>10:00/1200</cmt>
  </wpt>
  <wpt lat="40.790219" lon="-119.203559">
    <name>10:15/1200</name>
    <cmt>10:15/1200</cmt>
  </wpt>
  <wpt lat="40.790247" lon="-119.202994">
    <name>10:30/1200</name>
    <cmt>10:30/1200</cmt>
  </wpt>
  <wpt lat="40.790219" lon="-119.202429">
    <name>10:45/1200</name>
    <cmt>10:45/1200</cmt>
  </wpt>
  <wpt lat="40.790135" lon="-119.201874">
    <name>11:00/1200</name>
    <cmt>11:00/1200</cmt>
  </wpt>
  <wpt lat="40.789997" lon="-119.201338">
    <name>11:15/1200</name>
    <cmt>11:15/1200</cmt>
  </wpt>
  <wpt lat="40.789806" lon="-119.200830">
    <name>11:30/1200</name>
    <cmt>11:30/1200</cmt>
  </wpt>
  <wpt lat="40.789567" lon="-119.200360">
    <name>11:45/1200</name>
    <cmt>11:45/1200</cmt>
  </wpt>
  <wpt lat="40.789477" lon="-119.199679">
    <name>12:00/1300</name>
    <cmt>12:00/1300</cmt>
  </wpt>
  <wpt lat="40.789127" lon="-119.199275">
    <name>12:15/1300</name>
    <cmt>12:15/1300</cmt>
  </wpt>
  <wpt lat="40.788739" lon="-119.198934">
    <name>12:30/1300</name>
    <cmt>12:30/1300</cmt>
  </wpt>
  <wpt lat="40.788321" lon="-119.198663">
    <name>12:45/1300</name>
    <cmt>12:45/1300</cmt>
  </wpt>
  <wpt lat="40.787880" lon="-119.198466">
    <name>1:00/1300</name>
    <cmt>1:00/1300</cmt>
  </wpt>
  <wpt lat="40.787423" lon="-119.198346">
    <name>1:15/1300</name>
    <cmt>1:15/1300</cmt>
  </wpt>
  <wpt lat="40.786958" lon="-119.198306">
    <name>1:30/1300</name>
    <cmt>1:30/1300</cmt>
  </wpt>
  <wpt lat="40.786493" lon="-119.198346">
    <name>1:45/1300</name>
    <cmt>1:45/1300</cmt>
  </wpt>
  <wpt lat="40.786036" lon="-119.198466">
    <name>2:00/1300</name>
    <cmt>2:00/1300</cmt>
  </wpt>
  <wpt lat="40.785594" lon="-119.198663">
    <name>2:15/1300</name>
    <cmt>2:15/1300</cmt>
  </wpt>
  <wpt lat="40.785176" lon="-119.198934">
    <name>2:30/1300</name>
    <cmt>2:30/1300</cmt>
  </wpt>
  <wpt lat="40.784789" lon="-119.199275">
    <name>2:45/1300</name>
    <cmt>2:45/1300</cmt>
  </wpt>
  <wpt lat="40.784438" lon="-119.199679">
    <name>3:00/1300</name>
    <cmt>3:00/1300</cmt>
  </wpt>
  <wpt lat="40.784131" lon="-119.200140">
    <name>3:15/1300</name>
    <cmt>3:15/1300</cmt>
  </wpt>
  <wpt lat="40.783872" lon="-119.200650">
    <name>3:30/1300</name>
    <cmt>3:30/1300</cmt>
  </wpt>
  <wpt lat="40.783666" lon="-119.201200">
    <name>3:45/1300</name>
    <cmt>3:45/1300</cmt>
  </wpt>
  <wpt lat="40.783516" lon="-119.201781">
    <name>4:00/1300</name>
    <cmt>4:00/1300</cmt>
  </wpt>
  <wpt lat="40.783425" lon="-119.202382">
    <name>4:15/1300</name>
    <cmt>4:15/1300</cmt>
  </wpt>
  <wpt lat="40.783395" lon="-119.202994">
    <name>4:30/1300</name>
    <cmt>4:30/1300</cmt>
  </wpt>
  <wpt lat="40.783425" lon="-119.203606">
    <name>4:45/1300</name>
    <cmt>4:45/1300</cmt>
  </wpt>
  <wpt lat="40.783516" lon="-119.204207">
    <name>5:00/1300</name>
    <cmt>5:00/1300</cmt>
  </wpt>
  <wpt lat="40.783666" lon="-119.204788">
    <name>5:15/1300</name>
    <cmt>5:15/1300</cmt>
  </wpt>
  <wpt lat="40.783872" lon="-119.205338">
    <name>5:30/1300</name>
    <cmt>5:30/1300</cmt>
  </wpt>
  <wpt lat="40.784131" lon="-119.205848">
    <name>5:45/1300</name>
    <cmt>5:45/1300</cmt>
  </wpt>
  <wpt lat="40.784438" lon="-119.206309">
    <name>6:00/1300</name>
    <cmt>6:00/1300</cmt>
  </wpt>
  <wpt lat="40.784789" lon="-119.206713">
    <name>6:15/1300</name>
    <cmt>6:15/1300</cmt>
  </wpt>
  <wpt lat="40.785176" lon="-119.207054">
    <name>6:30/1300</name>
    <cmt>6:30/1300</cmt>
  </wpt>
  <wpt lat="40.785594" lon="-119.207325">
    <name>6:45/1300</name>
    <cmt>6:45/1300</cmt>
  </wpt>
  <wpt lat="40.786036" lon="-119.207522">
    <name>7:00/1300</name>
    <cmt>7:00/1300</cmt>
  </wpt>
  <wpt lat="40.786493" lon="-119.207642">
    <name>7:15/1300</name>
    <cmt>7:15/1300</cmt>
  </wpt>
  <wpt lat="40.786958" lon="-119.207682">
    <name>7:30/1300</name>
    <cmt>7:30/1300</cmt>
  </wpt>
  <wpt lat="40.787423" lon="-119.207642">
    <name>7:45/1300</name>
    <cmt>7:45/1300</cmt>
  </wpt>
  <wpt lat="40.787880" lon="-119.207522">
    <name>8:00/1300</name>
    <cmt>8:00/1300</cmt>
  </wpt>
  <wpt lat="40.788321" lon="-119.207325">
    <name>8:15/1300</name>
    <cmt>8:15/1300</cmt>
  </wpt>
  <wpt lat="40.788739" lon="-119.207054">
    <name>8:30/1300</name>
    <cmt>8:30/1300</cmt>
  </wpt>
  <wpt lat="40.789127" lon="-119.206713">
    <name>8:45/1300</name>
    <cmt>8:45/1300</cmt>
  </wpt>
  <wpt lat="40.789477" lon="-119.206309">
    <name>9:00/1300</name>
    <cmt>9:00/1300</cmt>
  </wpt>
  <wpt lat="40.789785" lon="-119.205848">
    <name>9:15/1300</name>
    <cmt>9:15/1300</cmt>
  </wpt>
  <wpt lat="40.790044" lon="-119.205338">
    <name>9:30/1300</name>
    <cmt>9:30/1300</cmt>
  </wpt>
  <wpt lat="40.790250" lon="-119.204788">
    <name>9:45/1300</name>
    <cmt>9:45/1300</cmt>
  </wpt>
  <wpt lat="40.790400" lon="-119.204207">
    <name>10:00/1300</name>
    <cmt>10:00/1300</cmt>
  </wpt>
  <wpt lat="40.790491" lon="-119.203606">
    <name>10:15/1300</name>
    <cmt>10:15/1300</cmt>
  </wpt>
  <wpt lat="40.790521" lon="-119.202994">
    <name>10:30/1300</name>
    <cmt>10:30/1300</cmt>
  </wpt>
  <wpt lat="40.790491" lon="-119.202382">
    <name>10:45/1300</name>
    <cmt>10:45/1300</cmt>
  </wpt>
  <wpt lat="40.790400" lon="-119.201781">
    <name>11:00/1300</name>
    <cmt>11:00/1300</cmt>
  </wpt>
  <wpt lat="40.790250" lon="-119.201200">
    <name>11:15/1300</name>
    <cmt>11:15/1300</cmt>
  </wpt>
  <wpt lat="40.790044" lon="-119.200650">
    <name>11:30/1300</name>
    <cmt>11:30/1300</cmt>
  </wpt>
  <wpt lat="40.789785" lon="-119.200140">
    <name>11:45/1300</name>
    <cmt>11:45/1300</cmt>
  </wpt>
  <wpt lat="40.789671" lon="-119.199424">
    <name>12:00/1400</name>
    <cmt>12:00/1400</cmt>
  </wpt>
  <wpt lat="40.789294" lon="-119.198989">
    <name>12:15/1400</name>
    <cmt>12:15/1400</cmt>
  </wpt>
  <wpt lat="40.788876" lon="-119.198622">
    <name>12:30/1400</name>
    <cmt>12:30/1400</cmt>
  </wpt>
  <wpt lat="40.788426" lon="-119.198330">
    <name>12:45/1400</name>
    <cmt>12:45/1400</cmt>
  </wpt>
  <wpt lat="40.787951" lon="-119.198118">
    <name>1:00/1400</name>
    <cmt>1:00/1400</cmt>
  </wpt>
  <wpt lat="40.787459" lon="-119.197989">
    <name>1:15/1400</name>
    <cmt>1:15/1400</cmt>
  </wpt>
  <wpt lat="40.786958" lon="-119.197946">
    <name>1:30/1400</name>
    <cmt>1:30/1400</cmt>
  </wpt>
  <wpt lat="40.786457" lon="-119.197989">
    <name>1:45/1400</name>
    <cmt>1:45/1400</cmt>
  </wpt>
  <wpt lat="40.785965" lon="-119.198118">
    <name>2:00/1400</name>
    <cmt>2:00/1400</cmt>
  </wpt>
  <wpt lat="40.785489" lon="-119.198330">
    <name>2:15/1400</name>
    <cmt>2:15/1400</cmt>
  </wpt>
  <wpt lat="40.785039" lon="-119.198622">
    <name>2:30/1400</name>
    <cmt>2:30/1400</cmt>
  </wpt>
  <wpt lat="40.784622" lon="-119.198989">
    <name>2:45/1400</name>
    <cmt>2:45/1400</cmt>
  </wpt>
  <wpt lat="40.784245" lon="-119.199424">
    <name>3:00/1400</name>
    <cmt>3:00/1400</cmt>
  </wpt>
  <wpt lat="40.783914" lon="-119.199921">
    <name>3:15/1400</name>
    <cmt>3:15/1400</cmt>
  </wpt>
  <wpt lat="40.783635" lon="-119.200470">
    <name>3:30/1400</name>
    <cmt>3:30/1400</cmt>
  </wpt>
  <wpt lat="40.783413" lon="-119.201062">
    <name>3:45/1400</name>
    <cmt>3:45/1400</cmt>
  </wpt>
  <wpt lat="40.783252" lon="-119.201687">
    <name>4:00/1400</name>
    <cmt>4:00/1400</cmt>
  </wpt>
  <wpt lat="40.783154" lon="-119.202335">
    <name>4:15/1400</name>
    <cmt>4:15/1400</cmt>
  </wpt>
  <wpt lat="40.783121" lon="-119.202994">
    <name>4:30/1400</name>
    <cmt>4:30/1400</cmt>
  </wpt>
  <wpt lat="40.783154" lon="-119.203653">
    <name>4:45/1400</name>
    <cmt>4:45/1400</cmt>
  </wpt>
  <wpt lat="40.783252" lon="-119.204301">
    <name>5:00/1400</name>
    <cmt>5:00/1400</cmt>
  </wpt>
  <wpt lat="40.783413" lon="-119.204926">
    <name>5:15/1400</name>
    <cmt>5:15/1400</cmt>
  </wpt>
  <wpt lat="40.783635" lon="-119.205518">
    <name>5:30/1400</name>
    <cmt>5:30/1400</cmt>
  </wpt>
  <wpt lat="40.783914" lon="-119.206067">
    <name>5:45/1400</name>
    <cmt>5:45/1400</cmt>
  </wpt>
  <wpt lat="40.784245" lon="-119.206564">
    <name>6:00/1400</name>
    <cmt>6:00/1400</cmt>
  </wpt>
  <wpt lat="40.784622" lon="-119.206999">
    <name>6:15/1400</name>
    <cmt>6:15/1400</cmt>
  </wpt>
  <wpt lat="40.785039" lon="-119.207366">
    <name>6:30/1400</name>
    <cmt>6:30/1400</cmt>
  </wpt>
  <wpt lat="40.785489" lon="-119.207658">
    <name>6:45/1400</name>
    <cmt>6:45/1400</cmt>
  </wpt>
  <wpt lat="40.785965" lon="-119.207870">
    <name>7:00/1400</name>
    <cmt>7:00/1400</cmt>
  </wpt>
  <wpt lat="40.786457" lon="-119.207999">
    <name>7:15/1400</name>
    <cmt>7:15/1400</cmt>
  </wpt>
  <wpt lat="40.786958" lon="-119.208042">
    <name>7:30/1400</name>
    <cmt>7:30/1400</cmt>
  </wpt>
  <wpt lat="40.787459" lon="-119.207999">
    <name>7:45/1400</name>
    <cmt>7:45/1400</cmt>
  </wpt>
  <wpt lat="40.787951" lon="-119.207870">
    <name>8:00/1400</name>
    <cmt>8:00/1400</cmt>
  </wpt>
  <wpt lat="40.788426" lon="-119.207658">
    <name>8:15/1400</name>
    <cmt>8:15/1400</cmt>
  </wpt>
  <wpt lat="40.788876" lon="-119.207366">
    <name>8:30/1400</name>
    <cmt>8:30/1400</cmt>
  </wpt>
  <wpt lat="40.789294" lon="-119.206999">
    <name>8:45/1400</name>
    <cmt>8:45/1400</cmt>
  </wpt>
  <wpt lat="40.789671" lon="-119.206564">
    <name>9:00/1400</name>
    <cmt>9:00/1400</cmt>
  </wpt>
  <wpt lat="40.790002" lon="-119.206067">
    <name>9:15/1400</name>
    <cmt>9:15/1400</cmt>
  </wpt>
  <wpt lat="40.790281" lon="-119.205518">
    <name>9:30/1400</name>
    <cmt>9:30/1400</cmt>
  </wpt>
  <wpt lat="40.790503" lon="-119.204926">
    <name>9:45/1400</name>
    <cmt>9:45/1400</cmt>
  </wpt>
  <wpt lat="40.790664" lon="-119.204301">
    <name>10:00/1400</name>
    <cmt>10:00/1400</cmt>
  </wpt>
  <wpt lat="40.790762" lon="-119.203653">
    <name>10:15/1400</name>
    <cmt>10:15/1400</cmt>
  </wpt>
  <wpt lat="40.790795" lon="-119.202994">
    <name>10:30/1400</name>
    <cmt>10:30/1400</cmt>
  </wpt>
  <wpt lat="40.790762" lon="-119.202335">
    <name>10:45/1400</name>
    <cmt>10:45/1400</cmt>
  </wpt>
  <wpt lat="40.790664" lon="-119.201687">
    <name>11:00/1400</name>
    <cmt>11:00/1400</cmt>
  </wpt>
  <wpt lat="40.790503" lon="-119.201062">
    <name>11:15/1400</name>
    <cmt>11:15/1400</cmt>
  </wpt>
  <wpt lat="40.790281" lon="-119.200470">
    <name>11:30/1400</name>
    <cmt>11:30/1400</cmt>
  </wpt>
  <wpt lat="40.790002" lon="-119.199921">
    <name>11:45/1400</name>
    <cmt>11:45/1400</cmt>
  </wpt>
  <wpt lat="40.789865" lon="-119.199169">
    <name>12:00/1500</name>
    <cmt>12:00/1500</cmt>
  </wpt>
  <wpt lat="40.789461" lon="-119.198703">
    <name>12:15/1500</name>
    <cmt>12:15/1500</cmt>
  </wpt>
  <wpt lat="40.789014" lon="-119.198310">
    <name>12:30/1500</name>
    <cmt>12:30/1500</cmt>
  </wpt>
  <wpt lat="40.788531" lon="-119.197997">
    <name>12:45/1500</name>
    <cmt>12:45/1500</cmt>
  </wpt>
  <wpt lat="40.788022" lon="-119.197769">
    <name>1:00/1500</name>
    <cmt>1:00/1500</cmt>
  </wpt>
  <wpt lat="40.787494" lon="-119.197631">
    <name>1:15/1500</name>
    <cmt>1:15/1500</cmt>
  </wpt>
  <wpt lat="40.786958" lon="-119.197585">
    <name>1:30/1500</name>
    <cmt>1:30/1500</cmt>
  </wpt>
  <wpt lat="40.786421" lon="-119.197631">
    <name>1:45/1500</name>
    <cmt>1:45/1500</cmt>
  </wpt>
  <wpt lat="40.785894" lon="-119.197769">
    <name>2:00/1500</name>
    <cmt>2:00/1500</cmt>
  </wpt>
  <wpt lat="40.785385" lon="-119.197997">
    <name>2:15/1500</name>
    <cmt>2:15/1500</cmt>
  </wpt>
  <wpt lat="40.784902" lon="-119.198310">
    <name>2:30/1500</name>
    <cmt>2:30/1500</cmt>
  </wpt>
  <wpt lat="40.784455" lon="-119.198703">
    <name>2:45/1500</name>
    <cmt>2:45/1500</cmt>
  </wpt>
  <wpt lat="40.784051" lon="-119.199169">
    <name>3:00/1500</name>
    <cmt>3:00/1500</cmt>
  </wpt>
  <wpt lat="40.783696" lon="-119.199701">
    <name>3:15/1500</name>
    <cmt>3:15/1500</cmt>
  </wpt>
  <wpt lat="40.783398" lon="-119.200290">
    <name>3:30/1500</name>
    <cmt>3:30/1500</cmt>
  </wpt>
  <wpt lat="40.783160" lon="-119.200924">
    <name>3:45/1500</name>
    <cmt>3:45/1500</cmt>
  </wpt>
  <wpt lat="40.782987" lon="-119.201594">
    <name>4:00/1500</name>
    <cmt>4:00/1500</cmt>
  </wpt>
  <wpt lat="40.782882" lon="-119.202288">
    <name>4:15/1500</name>
    <cmt>4:15/1500</cmt>
  </wpt>
  <wpt lat="40.782847" lon="-119.202994">
    <name>4:30/1500</name>
    <cmt>4:30/1500</cmt>
  </wpt>
  <wpt lat="40.782882" lon="-119.203700">
    <name>4:45/1500</name>
    <cmt>4:45/1500</cmt>
  </wpt>
  <wpt lat="40.782987" lon="-119.204394">
    <name>5:00/1500</name>
    <cmt>5:00/1500</cmt>
  </wpt>
  <wpt lat="40.783160" lon="-119.205064">
    <name>5:15/1500</name>
    <cmt>5:15/1500</cmt>
  </wpt>
  <wpt lat="40.783398" lon="-119.205698">
    <name>5:30/1500</name>
    <cmt>5:30/1500</cmt>
  </wpt>
  <wpt lat="40.783696" lon="-119.206287">
    <name>5:45/1500</name>
    <cmt>5:45/1500</cmt>
  </wpt>
  <wpt lat="40.784051" lon="-119.206819">
    <name>6:00/1500</name>
    <cmt>6:00/1500</cmt>
  </wpt>
  <wpt lat="40.784455" lon="-119.207285">
    <name>6:15/1500</name>
    <cmt>6:15/1500</cmt>
  </wpt>
  <wpt lat="40.784902" lon="-119.207678">
    <name>6:30/1500</name>
    <cmt>6:30/1500</cmt>
  </wpt>
  <wpt lat="40.785385" lon="-119.207991">
    <name>6:45/1500</name>
    <cmt>6:45/1500</cmt>
  </wpt>
  <wpt lat="40.785894" lon="-119.208219">
    <name>7:00/1500</name>
    <cmt>7:00/1500</cmt>
  </wpt>
  <wpt lat="40.786421" lon="-119.208357">
    <name>7:15/1500</name>
    <cmt>7:15/1500</cmt>
  </wpt>
  <wpt lat="40.786958" lon="-119.208403">
    <name>7:30/1500</name>
    <cmt>7:30/1500</cmt>
  </wpt>
  <wpt lat="40.787494" lon="-119.208357">
    <name>7:45/1500</name>
    <cmt>7:45/1500</cmt>
  </wpt>
  <wpt lat="40.788022" lon="-119.208219">
    <name>8:00/1500</name>
    <cmt>8:00/1500</cmt>
  </wpt>
  <wpt lat="40.788531" lon="-119.207991">
    <name>8:15/1500</name>
    <cmt>8:15/1500</cmt>
  </wpt>
  <wpt lat="40.789014" lon="-119.207678">
    <name>8:30/1500</name>
    <cmt>8:30/1500</cmt>
  </wpt>
  <wpt lat="40.789461" lon="-119.207285">
    <name>8:45/1500</name>
    <cmt>8:45/1500</cmt>
  </wpt>
  <wpt lat="40.789865" lon="-119.206819">
    <name>9:00/1500</name>
    <cmt>9:00/1500</cmt>
  </wpt>
  <wpt lat="40.790220" lon="-119.206287">
    <name>9:15/1500</name>
    <cmt>9:15/1500</cmt>
  </wpt>
  <wpt lat="40.790518" lon="-119.205699">
    <name>9:30/1500</name>
    <cmt>9:30/1500</cmt>
  </wpt>
  <wpt lat="40.790756" lon="-119.205064">
    <name>9:45/1500</name>
    <cmt>9:45/1500</cmt>
  </wpt>
  <wpt lat="40.790929" lon="-119.204394">
    <name>10:00/1500</name>
    <cmt>10:00/1500</cmt>
  </wpt>
  <wpt lat="40.791034" lon="-119.203700">
    <name>10:15/1500</name>
    <cmt>10:15/1500</cmt>
  </wpt>
  <wpt lat="40.791069" lon="-119.202994">
    <name>10:30/1500</name>
    <cmt>10:30/1500</cmt>
  </wpt>
  <wpt lat="40.791034" lon="-119.202288">
    <name>10:45/1500</name>
    <cmt>10:45/1500</cmt>
  </wpt>
  <wpt lat="40.790929" lon="-119.201594">
    <name>11:00/1500</name>
    <cmt>11:00/1500</cmt>
  </wpt>
  <wpt lat="40.790756" lon="-119.200924">
    <name>11:15/1500</name>
    <cmt>11:15/1500</cmt>
  </wpt>
  <wpt lat="40.790518" lon="-119.200289">
    <name>11:30/1500</name>
    <cmt>11:30/1500</cmt>
  </wpt>
  <wpt lat="40.790220" lon="-119.199701">
    <name>11:45/1500</name>
    <cmt>11:45/1500</cmt>
  </wpt>
  <wpt lat="40.790059" lon="-119.198914">
    <name>12:00/1600</name>
    <cmt>12:00/1600</cmt>
  </wpt>
  <wpt lat="40.789628" lon="-119.198416">
    <name>12:15/1600</name>
    <cmt>12:15/1600</cmt>
  </wpt>
  <wpt lat="40.789151" lon="-119.197997">
    <name>12:30/1600</name>
    <cmt>12:30/1600</cmt>
  </wpt>
  <wpt lat="40.788636" lon="-119.197663">
    <name>12:45/1600</name>
    <cmt>12:45/1600</cmt>
  </wpt>
  <wpt lat="40.788093" lon="-119.197421">
    <name>1:00/1600</name>
    <cmt>1:00/1600</cmt>
  </wpt>
  <wpt lat="40.787530" lon="-119.197274">
    <name>1:15/1600</name>
    <cmt>1:15/1600</cmt>
  </wpt>
  <wpt lat="40.786958" lon="-119.197224">
    <name>1:30/1600</name>
    <cmt>1:30/1600</cmt>
  </wpt>
  <wpt lat="40.786385" lon="-119.197274">
    <name>1:45/1600</name>
    <cmt>1:45/1600</cmt>
  </wpt>
  <wpt lat="40.785823" lon="-119.197421">
    <name>2:00/1600</name>
    <cmt>2:00/1600</cmt>
  </wpt>
  <wpt lat="40.785280" lon="-119.197664">
    <name>2:15/1600</name>
    <cmt>2:15/1600</cmt>
  </wpt>
  <wpt lat="40.784765" lon="-119.197998">
    <name>2:30/1600</name>
    <cmt>2:30/1600</cmt>
  </wpt>
  <wpt lat="40.784288" lon="-119.198417">
    <name>2:45/1600</name>
    <cmt>2:45/1600</cmt>
  </wpt>
  <wpt lat="40.783857" lon="-119.198914">
    <name>3:00/1600</name>
    <cmt>3:00/1600</cmt>
  </wpt>
  <wpt lat="40.783479" lon="-119.199482">
    <name>3:15/1600</name>
    <cmt>3:15/1600</cmt>
  </wpt>
  <wpt lat="40.783160" lon="-119.200109">
    <name>3:30/1600</name>
    <cmt>3:30/1600</cmt>
  </wpt>
  <wpt lat="40.782906" lon="-119.200786">
    <name>3:45/1600</name>
    <cmt>3:45/1600</cmt>
  </wpt>
  <wpt lat="40.782722" lon="-119.201501">
    <name>4:00/1600</name>
    <cmt>4:00/1600</cmt>
  </wpt>
  <wpt lat="40.782610" lon="-119.202241">
    <name>4:15/1600</name>
    <cmt>4:15/1600</cmt>
  </wpt>
  <wpt lat="40.782573" lon="-119.202994">
    <name>4:30/1600</name>
    <cmt>4:30/1600</cmt>
  </wpt>
  <wpt lat="40.782610" lon="-119.203747">
    <name>4:45/1600</name>
    <cmt>4:45/1600</cmt>
  </wpt>
  <wpt lat="40.782722" lon="-119.204487">
    <name>5:00/1600</name>
    <cmt>5:00/1600</cmt>
  </wpt>
  <wpt lat="40.782906" lon="-119.205202">
    <name>5:15/1600</name>
    <cmt>5:15/1600</cmt>
  </wpt>
  <wpt lat="40.783160" lon="-119.205879">
    <name>5:30/1600</name>
    <cmt>5:30/1600</cmt>
  </wpt>
  <wpt lat="40.783479" lon="-119.206506">
    <name>5:45/1600</name>
    <cmt>5:45/1600</cmt>
  </wpt>
  <wpt lat="40.783857" lon="-119.207074">
    <name>6:00/1600</name>
    <cmt>6:00/1600</cmt>
  </wpt>
  <wpt lat="40.784288" lon="-119.207571">
    <name>6:15/1600</name>
    <cmt>6:15/1600</cmt>
  </wpt>
  <wpt lat="40.784765" lon="-119.207990">
    <name>6:30/1600</name>
    <cmt>6:30/1600</cmt>
  </wpt>
  <wpt lat="40.785280" lon="-119.208324">
    <name>6:45/1600</name>
    <cmt>6:45/1600</cmt>
  </wpt>
  <wpt lat="40.785823" lon="-119.208567">
    <name>7:00/1600</name>
    <cmt>7:00/1600</cmt>
  </wpt>
  <wpt lat="40.786385" lon="-119.208714">
    <name>7:15/1600</name>
    <cmt>7:15/1600</cmt>
  </wpt>
  <wpt lat="40.786958" lon="-119.208764">
    <name>7:30/1600</name>
    <cmt>7:30/1600</cmt>
  </wpt>
  <wpt lat="40.787530" lon="-119.208714">
    <name>7:45/1600</name>
    <cmt>7:45/1600</cmt>
  </wpt>
  <wpt lat="40.788093" lon="-119.208567">
    <name>8:00/1600</name>
    <cmt>8:00/1600</cmt>
  </wpt>
  <wpt lat="40.788636" lon="-119.208325">
    <name>8:15/1600</name>
    <cmt>8:15/1600</cmt>
  </wpt>
  <wpt lat="40.789151" lon="-119.207991">
    <name>8:30/1600</name>
    <cmt>8:30/1600</cmt>
  </wpt>
  <wpt lat="40.789628" lon="-119.207572">
    <name>8:45/1600</name>
    <cmt>8:45/1600</cmt>
  </wpt>
  <wpt lat="40.790059" lon="-119.207074">
    <name>9:00/1600</name>
    <cmt>9:00/1600</cmt>
  </wpt>
  <wpt lat="40.790437" lon="-119.206506">
    <name>9:15/1600</name>
    <cmt>9:15/1600</cmt>
  </wpt>
  <wpt lat="40.790756" lon="-119.205879">
    <name>9:30/1600</name>
    <cmt>9:30/1600</cmt>
  </wpt>
  <wpt lat="40.791009" lon="-119.205202">
    <name>9:45/1600</name>
    <cmt>9:45/1600</cmt>
  </wpt>
  <wpt lat="40.791194" lon="-119.204487">
    <name>10:00/1600</name>
    <cmt>10:00/1600</cmt>
  </wpt>
  <wpt lat="40.791306" lon="-119.203747">
    <name>10:15/1600</name>
    <cmt>10:15/1600</cmt>
  </wpt>
  <wpt lat="40.791343" lon="-119.202994">
    <name>10:30/1600</name>
    <cmt>10:30/1600</cmt>
  </wpt>
  <wpt lat="40.791306" lon="-119.202241">
    <name>10:45/1600</name>
    <cmt>10:45/1600</cmt>
  </wpt>
  <wpt lat="40.791194" lon="-119.201501">
    <name>11:00/1600</name>
    <cmt>11:00/1600</cmt>
  </wpt>
  <wpt lat="40.791009" lon="-119.200786">
    <name>11:15/1600</name>
    <cmt>11:15/1600</cmt>
  </wpt>
  <wpt lat="40.790756" lon="-119.200109">
    <name>11:30/1600</name>
    <cmt>11:30/1600</cmt>
  </wpt>
  <wpt lat="40.790437" lon="-119.199482">
    <name>11:45/1600</name>
    <cmt>11:45/1600</cmt>
  </wpt>
  <wpt lat="40.790253" lon="-119.198659">
    <name>12:00/1700</name>
    <cmt>12:00/1700</cmt>
  </wpt>
  <wpt lat="40.789794" lon="-119.198130">
    <name>12:15/1700</name>
    <cmt>12:15/1700</cmt>
  </wpt>
  <wpt lat="40.789288" lon="-119.197685">
    <name>12:30/1700</name>
    <cmt>12:30/1700</cmt>
  </wpt>
  <wpt lat="40.788741" lon="-119.197330">
    <name>12:45/1700</name>
    <cmt>12:45/1700</cmt>
  </wpt>
  <wpt lat="40.788164" lon="-119.197073">
    <name>1:00/1700</name>
    <cmt>1:00/1700</cmt>
  </wpt>
  <wpt lat="40.787566" lon="-119.196916">
    <name>1:15/1700</name>
    <cmt>1:15/1700</cmt>
  </wpt>
  <wpt lat="40.786958" lon="-119.196864">
    <name>1:30/1700</name>
    <cmt>1:30/1700</cmt>
  </wpt>
  <wpt lat="40.786350" lon="-119.196916">
    <name>1:45/1700</name>
    <cmt>1:45/1700</cmt>
  </wpt>
  <wpt lat="40.785752" lon="-119.197073">
    <name>2:00/1700</name>
    <cmt>2:00/1700</cmt>
  </wpt>
  <wpt lat="40.785175" lon="-119.197331">
    <name>2:15/1700</name>
    <cmt>2:15/1700</cmt>
  </wpt>
  <wpt lat="40.784628" lon="-119.197685">
    <name>2:30/1700</name>
    <cmt>2:30/1700</cmt>
  </wpt>
  <wpt lat="40.784121" lon="-119.198131">
    <name>2:45/1700</name>
    <cmt>2:45/1700</cmt>
  </wpt>
  <wpt lat="40.783663" lon="-119.198660">
    <name>3:00/1700</name>
    <cmt>3:00/1700</cmt>
  </wpt>
  <wpt lat="40.783261" lon="-119.199262">
    <name>3:15/1700</name>
    <cmt>3:15/1700</cmt>
  </wpt>
  <wpt lat="40.782923" lon="-119.199929">
    <name>3:30/1700</name>
    <cmt>3:30/1700</cmt>
  </wpt>
  <wpt lat="40.782653" lon="-119.200648">
    <name>3:45/1700</name>
    <cmt>3:45/1700</cmt>
  </wpt>
  <wpt lat="40.782457" lon="-119.201407">
    <name>4:00/1700</name>
    <cmt>4:00/1700</cmt>
  </wpt>
  <wpt lat="40.782338" lon="-119.202194">
    <name>4:15/1700</name>
    <cmt>4:15/1700</cmt>
  </wpt>
  <wpt lat="40.782299" lon="-119.202994">
    <name>4:30/1700</name>
    <cmt>4:30/1700</cmt>
  </wpt>
  <wpt lat="40.782338" lon="-119.203794">
    <name>4:45/1700</name>
    <cmt>4:45/1700</cmt>
  </wpt>
  <wpt lat="40.782457" lon="-119.204581">
    <name>5:00/1700</name>
    <cmt>5:00/1700</cmt>
  </wpt>
  <wpt lat="40.782653" lon="-119.205340">
    <name>5:15/1700</name>
    <cmt>5:15/1700</cmt>
  </wpt>
  <wpt lat="40.782923" lon="-119.206059">
    <name>5:30/1700</name>
    <cmt>5:30/1700</cmt>
  </wpt>
  <wpt lat="40.783261" lon="-119.206726">
    <name>5:45/1700</name>
    <cmt>5:45/1700</cmt>
  </wpt>
  <wpt lat="40.783663" lon="-119.207328">
    <name>6:00/1700</name>
    <cmt>6:00/1700</cmt>
  </wpt>
  <wpt lat="40.784121" lon="-119.207857">
    <name>6:15/1700</name>
    <cmt>6:15/1700</cmt>
  </wpt>
  <wpt lat="40.784628" lon="-119.208303">
    <name>6:30/1700</name>
    <cmt>6:30/1700</cmt>
  </wpt>
  <wpt lat="40.785175" lon="-119.208657">
    <name>6:45/1700</name>
    <cmt>6:45/1700</cmt>
  </wpt>
  <wpt lat="40.785752" lon="-119.208915">
    <name>7:00/1700</name>
    <cmt>7:00/1700</cmt>
  </wpt>
  <wpt lat="40.786350" lon="-119.209072">
    <name>7:15/1700</name>
    <cmt>7:15/1700</cmt>
  </wpt>
  <wpt lat="40.786958" lon="-119.209124">
    <name>7:30/1700</name>
    <cmt>7:30/1700</cmt>
  </wpt>
  <wpt lat="40.787566" lon="-119.209072">
    <name>7:45/1700</name>
    <cmt>7:45/1700</cmt>
  </wpt>
  <wpt lat="40.788164" lon="-119.208915">
    <name>8:00/1700</name>
    <cmt>8:00/1700</cmt>
  </wpt>
  <wpt lat="40.788741" lon="-119.208658">
    <name>8:15/1700</name>
    <cmt>8:15/1700</cmt>
  </wpt>
  <wpt lat="40.789288" lon="-119.208303">
    <name>8:30/1700</name>
    <cmt>8:30/1700</cmt>
  </wpt>
  <wpt lat="40.789794" lon="-119.207858">
    <name>8:45/1700</name>
    <cmt>8:45/1700</cmt>
  </wpt>
  <wpt lat="40.790253" lon="-119.207329">
    <name>9:00/1700</name>
    <cmt>9:00/1700</cmt>
  </wpt>
  <wpt lat="40.790654" lon="-119.206726">
    <name>9:15/1700</name>
    <cmt>9:15/1700</cmt>
  </wpt>
  <wpt lat="40.790993" lon="-119.206059">
    <name>9:30/1700</name>
    <cmt>9:30/1700</cmt>
  </wpt>
  <wpt lat="40.791263" lon="-119.205340">
    <name>9:45/1700</name>
    <cmt>9:45/1700</cmt>
  </wpt>
  <wpt lat="40.791459" lon="-119.204581">
    <name>10:00/1700</name>
    <cmt>10:00/1700</cmt>
  </wpt>
  <wpt lat="40.791578" lon="-119.203794">
    <name>10:15/1700</name>
    <cmt>10:15/1700</cmt>
  </wpt>
  <wpt lat="40.791617" lon="-119.202994">
    <name>10:30/1700</name>
    <cmt>10:30/1700</cmt>
  </wpt>
  <wpt lat="40.791578" lon="-119.202194">
    <name>10:45/1700</name>
    <cmt>10:45/1700</cmt>
  </wpt>
  <wpt lat="40.791459" lon="-119.201407">
    <name>11:00/1700</name>
    <cmt>11:00/1700</cmt>
  </wpt>
  <wpt lat="40.791263" lon="-119.200648">
    <name>11:15/1700</name>
    <cmt>11:15/1700</cmt>
  </wpt>
  <wpt lat="40.790993" lon="-119.199929">
    <name>11:30/1700</name>
    <cmt>11:30/1700</cmt>
  </wpt>
  <wpt lat="40.790654" lon="-119.199262">
    <name>11:45/1700</name>
    <cmt>11:45/1700</cmt>
  </wpt>
  <wpt lat="40.790446" lon="-119.198404">
    <name>12:00/1800</name>
    <cmt>12:00/1800</cmt>
  </wpt>
  <wpt lat="40.789961" lon="-119.197844">
    <name>12:15/1800</name>
    <cmt>12:15/1800</cmt>
  </wpt>
  <wpt lat="40.789425" lon="-119.197373">
    <name>12:30/1800</name>
    <cmt>12:30/1800</cmt>
  </wpt>
  <wpt lat="40.788846" lon="-119.196997">
    <name>12:45/1800</name>
    <cmt>12:45/1800</cmt>
  </wpt>
  <wpt lat="40.788235" lon="-119.196724">
    <name>1:00/1800</name>
    <cmt>1:00/1800</cmt>
  </wpt>
  <wpt lat="40.787602" lon="-119.196559">
    <name>1:15/1800</name>
    <cmt>1:15/1800</cmt>
  </wpt>
  <wpt lat="40.786958" lon="-119.196503">
    <name>1:30/1800</name>
    <cmt>1:30/1800</cmt>
  </wpt>
  <wpt lat="40.786314" lon="-119.196559">
    <name>1:45/1800</name>
    <cmt>1:45/1800</cmt>
  </wpt>
  <wpt lat="40.785681" lon="-119.196724">
    <name>2:00/1800</name>
    <cmt>2:00/1800</cmt>
  </wpt>
  <wpt lat="40.785070" lon="-119.196997">
    <name>2:15/1800</name>
    <cmt>2:15/1800</cmt>
  </wpt>
  <wpt lat="40.784491" lon="-119.197373">
    <name>2:30/1800</name>
    <cmt>2:30/1800</cmt>
  </wpt>
  <wpt lat="40.783955" lon="-119.197845">
    <name>2:45/1800</name>
    <cmt>2:45/1800</cmt>
  </wpt>
  <wpt lat="40.783469" lon="-119.198405">
    <name>3:00/1800</name>
    <cmt>3:00/1800</cmt>
  </wpt>
  <wpt lat="40.783044" lon="-119.199043">
    <name>3:15/1800</name>
    <cmt>3:15/1800</cmt>
  </wpt>
  <wpt lat="40.782685" lon="-119.199749">
    <name>3:30/1800</name>
    <cmt>3:30/1800</cmt>
  </wpt>
  <wpt lat="40.782400" lon="-119.200510">
    <name>3:45/1800</name>
    <cmt>3:45/1800</cmt>
  </wpt>
  <wpt lat="40.782193" lon="-119.201314">
    <name>4:00/1800</name>
    <cmt>4:00/1800</cmt>
  </wpt>
  <wpt lat="40.782067" lon="-119.202147">
    <name>4:15/1800</name>
    <cmt>4:15/1800</cmt>
  </wpt>
  <wpt lat="40.782025" lon="-119.202994">
    <name>4:30/1800</name>
    <cmt>4:30/1800</cmt>
  </wpt>
  <wpt lat="40.782067" lon="-119.203841">
    <name>4:45/1800</name>
    <cmt>4:45/1800</cmt>
  </wpt>
  <wpt lat="40.782193" lon="-119.204674">
    <name>5:00/1800</name>
    <cmt>5:00/1800</cmt>
  </wpt>
  <wpt lat="40.782400" lon="-119.205478">
    <name>5:15/1800</name>
    <cmt>5:15/1800</cmt>
  </wpt>
  <wpt lat="40.782685" lon="-119.206239">
    <name>5:30/1800</name>
    <cmt>5:30/1800</cmt>
  </wpt>
  <wpt lat="40.783044" lon="-119.206945">
    <name>5:45/1800</name>
    <cmt>5:45/1800</cmt>
  </wpt>
  <wpt lat="40.783469" lon="-119.207583">
    <name>6:00/1800</name>
    <cmt>6:00/1800</cmt>
  </wpt>
  <wpt lat="40.783955" lon="-119.208143">
    <name>6:15/1800</name>
    <cmt>6:15/1800</cmt>
  </wpt>
  <wpt lat="40.784491" lon="-119.208615">
    <name>6:30/1800</name>
    <cmt>6:30/1800</cmt>
  </wpt>
  <wpt lat="40.785070" lon="-119.208991">
    <name>6:45/1800</name>
    <cmt>6:45/1800</cmt>
  </wpt>
  <wpt lat="40.785681" lon="-119.209264">
    <name>7:00/1800</name>
    <cmt>7:00/1800</cmt>
  </wpt>
  <wpt lat="40.786314" lon="-119.209429">
    <name>7:15/1800</name>
    <cmt>7:15/1800</cmt>
  </wpt>
  <wpt lat="40.786958" lon="-119.209485">
    <name>7:30/1800</name>
    <cmt>7:30/1800</cmt>
  </wpt>
  <wpt lat="40.787602" lon="-119.209429">
    <name>7:45/1800</name>
    <cmt>7:45/1800</cmt>
  </wpt>
  <wpt lat="40.788235" lon="-119.209264">
    <name>8:00/1800</name>
    <cmt>8:00/1800</cmt>
  </wpt>
  <wpt lat="40.788846" lon="-119.208991">
    <name>8:15/1800</name>
    <cmt>8:15/1800</cmt>
  </wpt>
  <wpt lat="40.789425" lon="-119.208615">
    <name>8:30/1800</name>
    <cmt>8:30/1800</cmt>
  </wpt>
  <wpt lat="40.789961" lon="-119.208144">
    <name>8:45/1800</name>
    <cmt>8:45/1800</cmt>
  </wpt>
  <wpt lat="40.790446" lon="-119.207584">
    <name>9:00/1800</name>
    <cmt>9:00/1800</cmt>
  </wpt>
  <wpt lat="40.790872" lon="-119.206946">
    <name>9:15/1800</name>
    <cmt>9:15/1800</cmt>
  </wpt>
  <wpt lat="40.791230" lon="-119.206240">
    <name>9:30/1800</name>
    <cmt>9:30/1800</cmt>
  </wpt>
  <wpt lat="40.791516" lon="-119.205478">
    <name>9:45/1800</name>
    <cmt>9:45/1800</cmt>
  </wpt>
  <wpt lat="40.791723" lon="-119.204674">
    <name>10:00/1800</name>
    <cmt>10:00/1800</cmt>
  </wpt>
  <wpt lat="40.791849" lon="-119.203841">
    <name>10:15/1800</name>
    <cmt>10:15/1800</cmt>
  </wpt>
  <wpt lat="40.791891" lon="-119.202994">
    <name>10:30/1800</name>
    <cmt>10:30/1800</cmt>
  </wpt>
  <wpt lat="40.791849" lon="-119.202147">
    <name>10:45/1800</name>
    <cmt>10:45/1800</cmt>
  </wpt>
  <wpt lat="40.791723" lon="-119.201314">
    <name>11:00/1800</name>
    <cmt>11:00/1800</cmt>
  </wpt>
  <wpt lat="40.791516" lon="-119.200510">
    <name>11:15/1800</name>
    <cmt>11:15/1800</cmt>
  </wpt>
  <wpt lat="40.791230" lon="-119.199748">
    <name>11:30/1800</name>
    <cmt>11:30/1800</cmt>
  </wpt>
  <wpt lat="40.790872" lon="-119.199042">
    <name>11:45/1800</name>
    <cmt>11:45/1800</cmt>
  </wpt>
  <wpt lat="40.790640" lon="-119.198149">
    <name>12:00/1900</name>
    <cmt>12:00/1900</cmt>
  </wpt>
  <wpt lat="40.790128" lon="-119.197558">
    <name>12:15/1900</name>
    <cmt>12:15/1900</cmt>
  </wpt>
  <wpt lat="40.789562" lon="-119.197060">
    <name>12:30/1900</name>
    <cmt>12:30/1900</cmt>
  </wpt>
  <wpt lat="40.788951" lon="-119.196664">
    <name>12:45/1900</name>
    <cmt>12:45/1900</cmt>
  </wpt>
  <wpt lat="40.788306" lon="-119.196376">
    <name>1:00/1900</name>
    <cmt>1:00/1900</cmt>
  </wpt>
  <wpt lat="40.787638" lon="-119.196201">
    <name>1:15/1900</name>
    <cmt>1:15/1900</cmt>
  </wpt>
  <wpt lat="40.786958" lon="-119.196143">
    <name>1:30/1900</name>
    <cmt>1:30/1900</cmt>
  </wpt>
  <wpt lat="40.786278" lon="-119.196201">
    <name>1:45/1900</name>
    <cmt>1:45/1900</cmt>
  </wpt>
  <wpt lat="40.785610" lon="-119.196376">
    <name>2:00/1900</name>
    <cmt>2:00/1900</cmt>
  </wpt>
  <wpt lat="40.784965" lon="-119.196664">
    <name>2:15/1900</name>
    <cmt>2:15/1900</cmt>
  </wpt>
  <wpt lat="40.784354" lon="-119.197061">
    <name>2:30/1900</name>
    <cmt>2:30/1900</cmt>
  </wpt>
  <wpt lat="40.783788" lon="-119.197559">
    <name>2:45/1900</name>
    <cmt>2:45/1900</cmt>
  </wpt>
  <wpt lat="40.783276" lon="-119.198150">
    <name>3:00/1900</name>
    <cmt>3:00/1900</cmt>
  </wpt>
  <wpt lat="40.782826" lon="-119.198823">
    <name>3:15/1900</name>
    <cmt>3:15/1900</cmt>
  </wpt>
  <wpt lat="40.782448" lon="-119.199569">
    <name>3:30/1900</name>
    <cmt>3:30/1900</cmt>
  </wpt>
  <wpt lat="40.782147" lon="-119.200372">
    <name>3:45/1900</name>
    <cmt>3:45/1900</cmt>
  </wpt>
  <wpt lat="40.781928" lon="-119.201221">
    <name>4:00/1900</name>
    <cmt>4:00/1900</cmt>
  </wpt>
  <wpt lat="40.781795" lon="-119.202100">
    <name>4:15/1900</name>
    <cmt>4:15/1900</cmt>
  </wpt>
  <wpt lat="40.781750" lon="-119.202994">
    <name>4:30/1900</name>
    <cmt>4:30/1900</cmt>
  </wpt>
  <wpt lat="40.781795" lon="-119.203888">
    <name>4:45/1900</name>
    <cmt>4:45/1900</cmt>
  </wpt>
  <wpt lat="40.781928" lon="-119.204767">
    <name>5:00/1900</name>
    <cmt>5:00/1900</cmt>
  </wpt>
  <wpt lat="40.782147" lon="-119.205616">
    <name>5:15/1900</name>
    <cmt>5:15/1900</cmt>
  </wpt>
  <wpt lat="40.782448" lon="-119.206419">
    <name>5:30/1900</name>
    <cmt>5:30/1900</cmt>
  </wpt>
  <wpt lat="40.782826" lon="-119.207165">
    <name>5:45/1900</name>
    <cmt>5:45/1900</cmt>
  </wpt>
  <wpt lat="40.783276" lon="-119.207838">
    <name>6:00/1900</name>
    <cmt>6:00/1900</cmt>
  </wpt>
  <wpt lat="40.783788" lon="-119.208429">
    <name>6:15/1900</name>
    <cmt>6:15/1900</cmt>
  </wpt>
  <wpt lat="40.784354" lon="-119.208927">
    <name>6:30/1900</name>
    <cmt>6:30/1900</cmt>
  </wpt>
  <wpt lat="40.784965" lon="-119.209324">
    <name>6:45/1900</name>
    <cmt>6:45/1900</cmt>
  </wpt>
  <wpt lat="40.785610" lon="-119.209612">
    <name>7:00/1900</name>
    <cmt>7:00/1900</cmt>
  </wpt>
  <wpt lat="40.786278" lon="-119.209787">
    <name>7:15/1900</name>
    <cmt>7:15/1900</cmt>
  </wpt>
  <wpt lat="40.786958" lon="-119.209845">
    <name>7:30/1900</name>
    <cmt>7:30/1900</cmt>
  </wpt>
  <wpt lat="40.787638" lon="-119.209787">
    <name>7:45/1900</name>
    <cmt>7:45/1900</cmt>
  </wpt>
  <wpt lat="40.788306" lon="-119.209612">
    <name>8:00/1900</name>
    <cmt>8:00/1900</cmt>
  </wpt>
  <wpt lat="40.788951" lon="-119.209324">
    <name>8:15/1900</name>
    <cmt>8:15/1900</cmt>
  </wpt>
  <wpt lat="40.789562" lon="-119.208928">
    <name>8:30/1900</name>
    <cmt>8:30/1900</cmt>
  </wpt>
  <wpt lat="40.790128" lon="-119.208430">
    <name>8:45/1900</name>
    <cmt>8:45/1900</cmt>
  </wpt>
  <wpt lat="40.790640" lon="-119.207839">
    <name>9:00/1900</name>
    <cmt>9:00/1900</cmt>
  </wpt>
  <wpt lat="40.791089" lon="-119.207165">
    <name>9:15/1900</name>
    <cmt>9:15/1900</cmt>
  </wpt>
  <wpt lat="40.791468" lon="-119.206420">
    <name>9:30/1900</name>
    <cmt>9:30/1900</cmt>
  </wpt>
  <wpt lat="40.791769" lon="-119.205616">
    <name>9:45/1900</name>
    <cmt>9:45/1900</cmt>
  </wpt>
  <wpt lat="40.791988" lon="-119.204767">
    <name>10:00/1900</name>
    <cmt>10:00/1900</cmt>
  </wpt>
  <wpt lat="40.792121" lon="-119.203888">
    <name>10:15/1900</name>
    <cmt>10:15/1900</cmt>
  </wpt>
  <wpt lat="40.792166" lon="-119.202994">
    <name>10:30/1900</name>
    <cmt>10:30/1900</cmt>
  </wpt>
  <wpt lat="40.792121" lon="-119.202100">
    <name>10:45/1900</name>
    <cmt>10:45/1900</cmt>
  </wpt>
  <wpt lat="40.791988" lon="-119.201221">
    <name>11:00/1900</name>
    <cmt>11:00/1900</cmt>
  </wpt>
  <wpt lat="40.791769" lon="-119.200372">
    <name>11:15/1900</name>
    <cmt>11:15/1900</cmt>
  </wpt>
  <wpt lat="40.791468" lon="-119.199568">
    <name>11:30/1900</name>
    <cmt>11:30/1900</cmt>
  </wpt>
  <wpt lat="40.791089" lon="-119.198823">
    <name>11:45/1900</name>
    <cmt>11:45/1900</cmt>
  </wpt>
  <wpt lat="40.790834" lon="-119.197894">
    <name>12:00/2000</name>
    <cmt>12:00/2000</cmt>
  </wpt>
  <wpt lat="40.790295" lon="-119.197272">
    <name>12:15/2000</name>
    <cmt>12:15/2000</cmt>
  </wpt>
  <wpt lat="40.789699" lon="-119.196748">
    <name>12:30/2000</name>
    <cmt>12:30/2000</cmt>
  </wpt>
  <wpt lat="40.789056" lon="-119.196331">
    <name>12:45/2000</name>
    <cmt>12:45/2000</cmt>
  </wpt>
  <wpt lat="40.788377" lon="-119.196028">
    <name>1:00/2000</name>
    <cmt>1:00/2000</cmt>
  </wpt>
  <wpt lat="40.787673" lon="-119.195844">
    <name>1:15/2000</name>
    <cmt>1:15/2000</cmt>
  </wpt>
  <wpt lat="40.786958" lon="-119.195782">
    <name>1:30/2000</name>
    <cmt>1:30/2000</cmt>
  </wpt>
  <wpt lat="40.786242" lon="-119.195844">
    <name>1:45/2000</name>
    <cmt>1:45/2000</cmt>
  </wpt>
  <wpt lat="40.785539" lon="-119.196028">
    <name>2:00/2000</name>
    <cmt>2:00/2000</cmt>
  </wpt>
  <wpt lat="40.784860" lon="-119.196331">
    <name>2:15/2000</name>
    <cmt>2:15/2000</cmt>
  </wpt>
  <wpt lat="40.784217" lon="-119.196748">
    <name>2:30/2000</name>
    <cmt>2:30/2000</cmt>
  </wpt>
  <wpt lat="40.783621" lon="-119.197273">
    <name>2:45/2000</name>
    <cmt>2:45/2000</cmt>
  </wpt>
  <wpt lat="40.783082" lon="-119.197895">
    <name>3:00/2000</name>
    <cmt>3:00/2000</cmt>
  </wpt>
  <wpt lat="40.782609" lon="-119.198604">
    <name>3:15/2000</name>
    <cmt>3:15/2000</cmt>
  </wpt>
  <wpt lat="40.782211" lon="-119.199388">
    <name>3:30/2000</name>
    <cmt>3:30/2000</cmt>
  </wpt>
  <wpt lat="40.781894" lon="-119.200234">
    <name>3:45/2000</name>
    <cmt>3:45/2000</cmt>
  </wpt>
  <wpt lat="40.781663" lon="-119.201128">
    <name>4:00/2000</name>
    <cmt>4:00/2000</cmt>
  </wpt>
  <wpt lat="40.781523" lon="-119.202053">
    <name>4:15/2000</name>
    <cmt>4:15/2000</cmt>
  </wpt>
  <wpt lat="40.781476" lon="-119.202994">
    <name>4:30/2000</name>
    <cmt>4:30/2000</cmt>
  </wpt>
  <wpt lat="40.781523" lon="-119.203935">
    <name>4:45/2000</name>
    <cmt>4:45/2000</cmt>
  </wpt>
  <wpt lat="40.781663" lon="-119.204860">
    <name>5:00/2000</name>
    <cmt>5:00/2000</cmt>
  </wpt>
  <wpt lat="40.781894" lon="-119.205754">
    <name>5:15/2000</name>
    <cmt>5:15/2000</cmt>
  </wpt>
  <wpt lat="40.782211" lon="-119.206600">
    <name>5:30/2000</name>
    <cmt>5:30/2000</cmt>
  </wpt>
  <wpt lat="40.782609" lon="-119.207384">
    <name>5:45/2000</name>
    <cmt>5:45/2000</cmt>
  </wpt>
  <wpt lat="40.783082" lon="-119.208093">
    <name>6:00/2000</name>
    <cmt>6:00/2000</cmt>
  </wpt>
  <wpt lat="40.783621" lon="-119.208715">
    <name>6:15/2000</name>
    <cmt>6:15/2000</cmt>
  </wpt>
  <wpt lat="40.784217" lon="-119.209240">
    <name>6:30/2000</name>
    <cmt>6:30/2000</cmt>
  </wpt>
  <wpt lat="40.784860" lon="-119.209657">
    <name>6:45/2000</name>
    <cmt>6:45/2000</cmt>
  </wpt>
  <wpt lat="40.785539" lon="-119.209960">
    <name>7:00/2000</name>
    <cmt>7:00/2000</cmt>
  </wpt>
  <wpt lat="40.786242" lon="-119.210144">
    <name>7:15/2000</name>
    <cmt>7:15/2000</cmt>
  </wpt>
  <wpt lat="40.786958" lon="-119.210206">
    <name>7:30/2000</name>
    <cmt>7:30/2000</cmt>
  </wpt>
  <wpt lat="40.787673" lon="-119.210144">
    <name>7:45/2000</name>
    <cmt>7:45/2000</cmt>
  </wpt>
  <wpt lat="40.788377" lon="-119.209960">
    <name>8:00/2000</name>
    <cmt>8:00/2000</cmt>
  </wpt>
  <wpt lat="40.789056" lon="-119.209657">
    <name>8:15/2000</name>
    <cmt>8:15/2000</cmt>
  </wpt>
  <wpt lat="40.789699" lon="-119.209240">
    <name>8:30/2000</name>
    <cmt>8:30/2000</cmt>
  </wpt>
  <wpt lat="40.790295" lon="-119.208716">
    <name>8:45/2000</name>
    <cmt>8:45/2000</cmt>
  </wpt>
  <wpt lat="40.790834" lon="-119.208094">
    <name>9:00/2000</name>
    <cmt>9:00/2000</cmt>
  </wpt>
  <wpt lat="40.791307" lon="-119.207385">
    <name>9:15/2000</name>
    <cmt>9:15/2000</cmt>
  </wpt>
  <wpt lat="40.791705" lon="-119.206600">
    <name>9:30/2000</name>
    <cmt>9:30/2000</cmt>
  </wpt>
  <wpt lat="40.792022" lon="-119.205754">
    <name>9:45/2000</name>
    <cmt>9:45/2000</cmt>
  </wpt>
  <wpt lat="40.792253" lon="-119.204861">
    <name>10:00/2000</name>
    <cmt>10:00/2000</cmt>
  </wpt>
  <wpt lat="40.792393" lon="-119.203935">
    <name>10:15/2000</name>
    <cmt>10:15/2000</cmt>
  </wpt>
  <wpt lat="40.792440" lon="-119.202994">
    <name>10:30/2000</name>
    <cmt>10:30/2000</cmt>
  </wpt>
  <wpt lat="40.792393" lon="-119.202053">
    <name>10:45/2000</name>
    <cmt>10:45/2000</cmt>
  </wpt>
  <wpt lat="40.792253" lon="-119.201127">
    <name>11:00/2000</name>
    <cmt>11:00/2000</cmt>
  </wpt>
  <wpt lat="40.792022" lon="-119.200234">
    <name>11:15/2000</name>
    <cmt>11:15/2000</cmt>
  </wpt>
  <wpt lat="40.791705" lon="-119.199388">
    <name>11:30/2000</name>
    <cmt>11:30/2000</cmt>
  </wpt>
  <wpt lat="40.791307" lon="-119.198603">
    <name>11:45/2000</name>
    <cmt>11:45/2000</cmt>
  </wpt>
  <wpt lat="40.791028" lon="-119.197639">
    <name>12:00/2100</name>
    <cmt>12:00/2100</cmt>
  </wpt>
  <wpt lat="40.790462" lon="-119.196986">
    <name>12:15/2100</name>
    <cmt>12:15/2100</cmt>
  </wpt>
  <wpt lat="40.789836" lon="-119.196436">
    <name>12:30/2100</name>
    <cmt>12:30/2100</cmt>
  </wpt>
  <wpt lat="40.789160" lon="-119.195998">
    <name>12:45/2100</name>
    <cmt>12:45/2100</cmt>
  </wpt>
  <wpt lat="40.788447" lon="-119.195679">
    <name>1:00/2100</name>
    <cmt>1:00/2100</cmt>
  </wpt>
  <wpt lat="40.787709" lon="-119.195486">
    <name>1:15/2100</name>
    <cmt>1:15/2100</cmt>
  </wpt>
  <wpt lat="40.786958" lon="-119.195421">
    <name>1:30/2100</name>
    <cmt>1:30/2100</cmt>
  </wpt>
  <wpt lat="40.786206" lon="-119.195486">
    <name>1:45/2100</name>
    <cmt>1:45/2100</cmt>
  </wpt>
  <wpt lat="40.785468" lon="-119.195680">
    <name>2:00/2100</name>
    <cmt>2:00/2100</cmt>
  </wpt>
  <wpt lat="40.784755" lon="-119.195998">
    <name>2:15/2100</name>
    <cmt>2:15/2100</cmt>
  </wpt>
  <wpt lat="40.784080" lon="-119.196436">
    <name>2:30/2100</name>
    <cmt>2:30/2100</cmt>
  </wpt>
  <wpt lat="40.783454" lon="-119.196987">
    <name>2:45/2100</name>
    <cmt>2:45/2100</cmt>
  </wpt>
  <wpt lat="40.782888" lon="-119.197640">
    <name>3:00/2100</name>
    <cmt>3:00/2100</cmt>
  </wpt>
  <wpt lat="40.782392" lon="-119.198384">
    <name>3:15/2100</name>
    <cmt>3:15/2100</cmt>
  </wpt>
  <wpt lat="40.781973" lon="-119.199208">
    <name>3:30/2100</name>
    <cmt>3:30/2100</cmt>
  </wpt>
  <wpt lat="40.781640" lon="-119.200096">
    <name>3:45/2100</name>
    <cmt>3:45/2100</cmt>
  </wpt>
  <wpt lat="40.781398" lon="-119.201034">
    <name>4:00/2100</name>
    <cmt>4:00/2100</cmt>
  </wpt>
  <wpt lat="40.781252" lon="-119.202006">
    <name>4:15/2100</name>
    <cmt>4:15/2100</cmt>
  </wpt>
  <wpt lat="40.781202" lon="-119.202994">
    <name>4:30/2100</name>
    <cmt>4:30/2100</cmt>
  </wpt>
  <wpt lat="40.781252" lon="-119.203982">
    <name>4:45/2100</name>
    <cmt>4:45/2100</cmt>
  </wpt>
  <wpt lat="40.781398" lon="-119.204954">
    <name>5:00/2100</name>
    <cmt>5:00/2100</cmt>
  </wpt>
  <wpt lat="40.781640" lon="-119.205892">
    <name>5:15/2100</name>
    <cmt>5:15/2100</cmt>
  </wpt>
  <wpt lat="40.781973" lon="-119.206780">
    <name>5:30/2100</name>
    <cmt>5:30/2100</cmt>
  </wpt>
  <wpt lat="40.782392" lon="-119.207604">
    <name>5:45/2100</name>
    <cmt>5:45/2100</cmt>
  </wpt>
  <wpt lat="40.782888" lon="-119.208348">
    <name>6:00/2100</name>
    <cmt>6:00/2100</cmt>
  </wpt>
  <wpt lat="40.783454" lon="-119.209001">
    <name>6:15/2100</name>
    <cmt>6:15/2100</cmt>
  </wpt>
  <wpt lat="40.784080" lon="-119.209552">
    <name>6:30/2100</name>
    <cmt>6:30/2100</cmt>
  </wpt>
  <wpt lat="40.784755" lon="-119.209990">
    <name>6:45/2100</name>
    <cmt>6:45/2100</cmt>
  </wpt>
  <wpt lat="40.785468" lon="-119.210308">
    <name>7:00/2100</name>
    <cmt>7:00/2100</cmt>
  </wpt>
  <wpt lat="40.786206" lon="-119.210502">
    <name>7:15/2100</name>
    <cmt>7:15/2100</cmt>
  </wpt>
  <wpt lat="40.786958" lon="-119.210567">
    <name>7:30/2100</name>
    <cmt>7:30/2100</cmt>
  </wpt>
  <wpt lat="40.787709" lon="-119.210502">
    <name>7:45/2100</name>
    <cmt>7:45/2100</cmt>
  </wpt>
  <wpt lat="40.788447" lon="-119.210309">
    <name>8:00/2100</name>
    <cmt>8:00/2100</cmt>
  </wpt>
  <wpt lat="40.789160" lon="-119.209990">
    <name>8:15/2100</name>
    <cmt>8:15/2100</cmt>
  </wpt>
  <wpt lat="40.789836" lon="-119.209552">
    <name>8:30/2100</name>
    <cmt>8:30/2100</cmt>
  </wpt>
  <wpt lat="40.790462" lon="-119.209002">
    <name>8:45/2100</name>
    <cmt>8:45/2100</cmt>
  </wpt>
  <wpt lat="40.791028" lon="-119.208349">
    <name>9:00/2100</name>
    <cmt>9:00/2100</cmt>
  </wpt>
  <wpt lat="40.791524" lon="-119.207604">
    <name>9:15/2100</name>
    <cmt>9:15/2100</cmt>
  </wpt>
  <wpt lat="40.791943" lon="-119.206781">
    <name>9:30/2100</name>
    <cmt>9:30/2100</cmt>
  </wpt>
  <wpt lat="40.792276" lon="-119.205892">
    <name>9:45/2100</name>
    <cmt>9:45/2100</cmt>
  </wpt>
  <wpt lat="40.792518" lon="-119.204954">
    <name>10:00/2100</name>
    <cmt>10:00/2100</cmt>
  </wpt>
  <wpt lat="40.792664" lon="-119.203983">
    <name>10:15/2100</name>
    <cmt>10:15/2100</cmt>
  </wpt>
  <wpt lat="40.792714" lon="-119.202994">
    <name>10:30/2100</name>
    <cmt>10:30/2100</cmt>
  </wpt>
  <wpt lat="40.792664" lon="-119.202005">
    <name>10:45/2100</name>
    <cmt>10:45/2100</cmt>
  </wpt>
  <wpt lat="40.792518" lon="-119.201034">
    <name>11:00/2100</name>
    <cmt>11:00/2100</cmt>
  </wpt>
  <wpt lat="40.792276" lon="-119.200096">
    <name>11:15/2100</name>
    <cmt>11:15/2100</cmt>
  </wpt>
  <wpt lat="40.791943" lon="-119.199207">
    <name>11:30/2100</name>
    <cmt>11:30/2100</cmt>
  </wpt>
  <wpt lat="40.791524" lon="-119.198384">
    <name>11:45/2100</name>
    <cmt>11:45/2100</cmt>
  </wpt>
  <wpt lat="40.791222" lon="-119.197384">
    <name>12:00/2200</name>
    <cmt>12:00/2200</cmt>
  </wpt>
  <wpt lat="40.790629" lon="-119.196700">
    <name>12:15/2200</name>
    <cmt>12:15/2200</cmt>
  </wpt>
  <wpt lat="40.789973" lon="-119.196123">
    <name>12:30/2200</name>
    <cmt>12:30/2200</cmt>
  </wpt>
  <wpt lat="40.789265" lon="-119.195664">
    <name>12:45/2200</name>
    <cmt>12:45/2200</cmt>
  </wpt>
  <wpt lat="40.788518" lon="-119.195331">
    <name>1:00/2200</name>
    <cmt>1:00/2200</cmt>
  </wpt>
  <wpt lat="40.787745" lon="-119.195129">
    <name>1:15/2200</name>
    <cmt>1:15/2200</cmt>
  </wpt>
  <wpt lat="40.786958" lon="-119.195061">
    <name>1:30/2200</name>
    <cmt>1:30/2200</cmt>
  </wpt>
  <wpt lat="40.786171" lon="-119.195129">
    <name>1:45/2200</name>
    <cmt>1:45/2200</cmt>
  </wpt>
  <wpt lat="40.785397" lon="-119.195331">
    <name>2:00/2200</name>
    <cmt>2:00/2200</cmt>
  </wpt>
  <wpt lat="40.784650" lon="-119.195665">
    <name>2:15/2200</name>
    <cmt>2:15/2200</cmt>
  </wpt>
  <wpt lat="40.783943" lon="-119.196124">
    <name>2:30/2200</name>
    <cmt>2:30/2200</cmt>
  </wpt>
  <wpt lat="40.783287" lon="-119.196701">
    <name>2:45/2200</name>
    <cmt>2:45/2200</cmt>
  </wpt>
  <wpt lat="40.782694" lon="-119.197385">
    <name>3:00/2200</name>
    <cmt>3:00/2200</cmt>
  </wpt>
  <wpt lat="40.782174" lon="-119.198165">
    <name>3:15/2200</name>
    <cmt>3:15/2200</cmt>
  </wpt>
  <wpt lat="40.781736" lon="-119.199028">
    <name>3:30/2200</name>
    <cmt>3:30/2200</cmt>
  </wpt>
  <wpt lat="40.781387" lon="-119.199958">
    <name>3:45/2200</name>
    <cmt>3:45/2200</cmt>
  </wpt>
  <wpt lat="40.781134" lon="-119.200941">
    <name>4:00/2200</name>
    <cmt>4:00/2200</cmt>
  </wpt>
  <wpt lat="40.780980" lon="-119.201959">
    <name>4:15/2200</name>
    <cmt>4:15/2200</cmt>
  </wpt>
  <wpt lat="40.780928" lon="-119.202994">
    <name>4:30/2200</name>
    <cmt>4:30/2200</cmt>
  </wpt>
  <wpt lat="40.780980" lon="-119.204029">
    <name>4:45/2200</name>
    <cmt>4:45/2200</cmt>
  </wpt>
  <wpt lat="40.781134" lon="-119.205047">
    <name>5:00/2200</name>
    <cmt>5:00/2200</cmt>
  </wpt>
  <wpt lat="40.781387" lon="-119.206030">
    <name>5:15/2200</name>
    <cmt>5:15/2200</cmt>
  </wpt>
  <wpt lat="40.781736" lon="-119.206960">
    <name>5:30/2200</name>
    <cmt>5:30/2200</cmt>
  </wpt>
  <wpt lat="40.782174" lon="-119.207823">
    <name>5:45/2200</name>
    <cmt>5:45/2200</cmt>
  </wpt>
  <wpt lat="40.782694" lon="-119.208603">
    <name>6:00/2200</name>
    <cmt>6:00/2200</cmt>
  </wpt>
  <wpt lat="40.783287" lon="-119.209287">
    <name>6:15/2200</name>
    <cmt>6:15/2200</cmt>
  </wpt>
  <wpt lat="40.783943" lon="-119.209864">
    <name>6:30/2200</name>
    <cmt>6:30/2200</cmt>
  </wpt>
  <wpt lat="40.784650" lon="-119.210323">
    <name>6:45/2200</name>
    <cmt>6:45/2200</cmt>
  </wpt>
  <wpt lat="40.785397" lon="-119.210657">
    <name>7:00/2200</name>
    <cmt>7:00/2200</cmt>
  </wpt>
  <wpt lat="40.786171" lon="-119.210859">
    <name>7:15/2200</name>
    <cmt>7:15/2200</cmt>
  </wpt>
  <wpt lat="40.786958" lon="-119.210927">
    <name>7:30/2200</name>
    <cmt>7:30/2200</cmt>
  </wpt>
  <wpt lat="40.787745" lon="-119.210859">
    <name>7:45/2200</name>
    <cmt>7:45/2200</cmt>
  </wpt>
  <wpt lat="40.788518" lon="-119.210657">
    <name>8:00/2200</name>
    <cmt>8:00/2200</cmt>
  </wpt>
  <wpt lat="40.789265" lon="-119.210324">
    <name>8:15/2200</name>
    <cmt>8:15/2200</cmt>
  </wpt>
  <wpt lat="40.789973" lon="-119.209865">
    <name>8:30/2200</name>
    <cmt>8:30/2200</cmt>
  </wpt>
  <wpt lat="40.790629" lon="-119.209288">
    <name>8:45/2200</name>
    <cmt>8:45/2200</cmt>
  </wpt>
  <wpt lat="40.791222" lon="-119.208604">
    <name>9:00/2200</name>
    <cmt>9:00/2200</cmt>
  </wpt>
  <wpt lat="40.791742" lon="-119.207824">
    <name>9:15/2200</name>
    <cmt>9:15/2200</cmt>
  </wpt>
  <wpt lat="40.792180" lon="-119.206961">
    <name>9:30/2200</name>
    <cmt>9:30/2200</cmt>
  </wpt>
  <wpt lat="40.792529" lon="-119.206030">
    <name>9:45/2200</name>
    <cmt>9:45/2200</cmt>
  </wpt>
  <wpt lat="40.792782" lon="-119.205047">
    <name>10:00/2200</name>
    <cmt>10:00/2200</cmt>
  </wpt>
  <wpt lat="40.792936" lon="-119.204030">
    <name>10:15/2200</name>
    <cmt>10:15/2200</cmt>
  </wpt>
  <wpt lat="40.792988" lon="-119.202994">
    <name>10:30/2200</name>
    <cmt>10:30/2200</cmt>
  </wpt>
  <wpt lat="40.792936" lon="-119.201958">
    <name>10:45/2200</name>
    <cmt>10:45/2200</cmt>
  </wpt>
  <wpt lat="40.792782" lon="-119.200941">
    <name>11:00/2200</name>
    <cmt>11:00/2200</cmt>
  </wpt>
  <wpt lat="40.792529" lon="-119.199958">
    <name>11:15/2200</name>
    <cmt>11:15/2200</cmt>
  </wpt>
  <wpt lat="40.792180" lon="-119.199027">
    <name>11:30/2200</name>
    <cmt>11:30/2200</cmt>
  </wpt>
  <wpt lat="40.791742" lon="-119.198164">
    <name>11:45/2200</name>
    <cmt>11:45/2200</cmt>
  </wpt>
  <wpt lat="40.791415" lon="-119.197129">
    <name>12:00/2300</name>
    <cmt>12:00/2300</cmt>
  </wpt>
  <wpt lat="40.790795" lon="-119.196414">
    <name>12:15/2300</name>
    <cmt>12:15/2300</cmt>
  </wpt>
  <wpt lat="40.790110" lon="-119.195811">
    <name>12:30/2300</name>
    <cmt>12:30/2300</cmt>
  </wpt>
  <wpt lat="40.789370" lon="-119.195331">
    <name>12:45/2300</name>
    <cmt>12:45/2300</cmt>
  </wpt>
  <wpt lat="40.788589" lon="-119.194983">
    <name>1:00/2300</name>
    <cmt>1:00/2300</cmt>
  </wpt>
  <wpt lat="40.787781" lon="-119.194771">
    <name>1:15/2300</name>
    <cmt>1:15/2300</cmt>
  </wpt>
  <wpt lat="40.786958" lon="-119.194700">
    <name>1:30/2300</name>
    <cmt>1:30/2300</cmt>
  </wpt>
  <wpt lat="40.786135" lon="-119.194771">
    <name>1:45/2300</name>
    <cmt>1:45/2300</cmt>
  </wpt>
  <wpt lat="40.785326" lon="-119.194983">
    <name>2:00/2300</name>
    <cmt>2:00/2300</cmt>
  </wpt>
  <wpt lat="40.784545" lon="-119.195332">
    <name>2:15/2300</name>
    <cmt>2:15/2300</cmt>
  </wpt>
  <wpt lat="40.783806" lon="-119.195812">
    <name>2:30/2300</name>
    <cmt>2:30/2300</cmt>
  </wpt>
  <wpt lat="40.783120" lon="-119.196414">
    <name>2:45/2300</name>
    <cmt>2:45/2300</cmt>
  </wpt>
  <wpt lat="40.782500" lon="-119.197130">
    <name>3:00/2300</name>
    <cmt>3:00/2300</cmt>
  </wpt>
  <wpt lat="40.781957" lon="-119.197945">
    <name>3:15/2300</name>
    <cmt>3:15/2300</cmt>
  </wpt>
  <wpt lat="40.781499" lon="-119.198847">
    <name>3:30/2300</name>
    <cmt>3:30/2300</cmt>
  </wpt>
  <wpt lat="40.781134" lon="-119.199820">
    <name>3:45/2300</name>
    <cmt>3:45/2300</cmt>
  </wpt>
  <wpt lat="40.780869" lon="-119.200848">
    <name>4:00/2300</name>
    <cmt>4:00/2300</cmt>
  </wpt>
  <wpt lat="40.780708" lon="-119.201912">
    <name>4:15/2300</name>
    <cmt>4:15/2300</cmt>
  </wpt>
  <wpt lat="40.780654" lon="-119.202994">
    <name>4:30/2300</name>
    <cmt>4:30/2300</cmt>
  </wpt>
  <wpt lat="40.780708" lon="-119.204076">
    <name>4:45/2300</name>
    <cmt>4:45/2300</cmt>
  </wpt>
  <wpt lat="40.780869" lon="-119.205140">
    <name>5:00/2300</name>
    <cmt>5:00/2300</cmt>
  </wpt>
  <wpt lat="40.781134" lon="-119.206168">
    <name>5:15/2300</name>
    <cmt>5:15/2300</cmt>
  </wpt>
  <wpt lat="40.781499" lon="-119.207141">
    <name>5:30/2300</name>
    <cmt>5:30/2300</cmt>
  </wpt>
  <wpt lat="40.781959" lon="-119.208055">
    <name>5:45/2300</name>
    <cmt>5:45/2300</cmt>
  </wpt>
  <wpt lat="40.782500" lon="-119.208858">
    <name>6:00/2300</name>
    <cmt>6:00/2300</cmt>
  </wpt>
  <wpt lat="40.783110" lon="-119.209569">
    <name>6:15/2300</name>
    <cmt>6:15/2300</cmt>
  </wpt>
  <wpt lat="40.783806" lon="-119.210176">
    <name>6:30/2300</name>
    <cmt>6:30/2300</cmt>
  </wpt>
  <wpt lat="40.784545" lon="-119.210656">
    <name>6:45/2300</name>
    <cmt>6:45/2300</cmt>
  </wpt>
  <wpt lat="40.785326" lon="-119.211005">
    <name>7:00/2300</name>
    <cmt>7:00/2300</cmt>
  </wpt>
  <wpt lat="40.786135" lon="-119.211217">
    <name>7:15/2300</name>
    <cmt>7:15/2300</cmt>
  </wpt>
  <wpt lat="40.786958" lon="-119.211288">
    <name>7:30/2300</name>
    <cmt>7:30/2300</cmt>
  </wpt>
  <wpt lat="40.787781" lon="-119.211217">
    <name>7:45/2300</name>
    <cmt>7:45/2300</cmt>
  </wpt>
  <wpt lat="40.788589" lon="-119.211005">
    <name>8:00/2300</name>
    <cmt>8:00/2300</cmt>
  </wpt>
  <wpt lat="40.789370" lon="-119.210657">
    <name>8:15/2300</name>
    <cmt>8:15/2300</cmt>
  </wpt>
  <wpt lat="40.790110" lon="-119.210177">
    <name>8:30/2300</name>
    <cmt>8:30/2300</cmt>
  </wpt>
  <wpt lat="40.790795" lon="-119.209574">
    <name>8:45/2300</name>
    <cmt>8:45/2300</cmt>
  </wpt>
  <wpt lat="40.791415" lon="-119.208859">
    <name>9:00/2300</name>
    <cmt>9:00/2300</cmt>
  </wpt>
  <wpt lat="40.791959" lon="-119.208043">
    <name>9:15/2300</name>
    <cmt>9:15/2300</cmt>
  </wpt>
  <wpt lat="40.792417" lon="-119.207141">
    <name>9:30/2300</name>
    <cmt>9:30/2300</cmt>
  </wpt>
  <wpt lat="40.792782" lon="-119.206168">
    <name>9:45/2300</name>
    <cmt>9:45/2300</cmt>
  </wpt>
  <wpt lat="40.793047" lon="-119.205141">
    <name>10:00/2300</name>
    <cmt>10:00/2300</cmt>
  </wpt>
  <wpt lat="40.793208" lon="-119.204077">
    <name>10:15/2300</name>
    <cmt>10:15/2300</cmt>
  </wpt>
  <wpt lat="40.793262" lon="-119.202994">
    <name>10:30/2300</name>
    <cmt>10:30/2300</cmt>
  </wpt>
  <wpt lat="40.793208" lon="-119.201911">
    <name>10:45/2300</name>
    <cmt>10:45/2300</cmt>
  </wpt>
  <wpt lat="40.793047" lon="-119.200847">
    <name>11:00/2300</name>
    <cmt>11:00/2300</cmt>
  </wpt>
  <wpt lat="40.792782" lon="-119.199820">
    <name>11:15/2300</name>
    <cmt>11:15/2300</cmt>
  </wpt>
  <wpt lat="40.792417" lon="-119.198847">
    <name>11:30/2300</name>
    <cmt>11:30/2300</cmt>
  </wpt>
  <wpt lat="40.791959" lon="-119.197945">
    <name>11:45/2300</name>
    <cmt>11:45/2300</cmt>
  </wpt>
  <wpt lat="40.791609" lon="-119.196874">
    <name>12:00/2400</name>
    <cmt>12:00/2400</cmt>
  </wpt>
  <wpt lat="40.790962" lon="-119.196128">
    <name>12:15/2400</name>
    <cmt>12:15/2400</cmt>
  </wpt>
  <wpt lat="40.790247" lon="-119.195499">
    <name>12:30/2400</name>
    <cmt>12:30/2400</cmt>
  </wpt>
  <wpt lat="40.789475" lon="-119.194998">
    <name>12:45/2400</name>
    <cmt>12:45/2400</cmt>
  </wpt>
  <wpt lat="40.788660" lon="-119.194634">
    <name>1:00/2400</name>
    <cmt>1:00/2400</cmt>
  </wpt>
  <wpt lat="40.787816" lon="-119.194414">
    <name>1:15/2400</name>
    <cmt>1:15/2400</cmt>
  </wpt>
  <wpt lat="40.786958" lon="-119.194340">
    <name>1:30/2400</name>
    <cmt>1:30/2400</cmt>
  </wpt>
  <wpt lat="40.786099" lon="-119.194414">
    <name>1:45/2400</name>
    <cmt>1:45/2400</cmt>
  </wpt>
  <wpt lat="40.785255" lon="-119.194635">
    <name>2:00/2400</name>
    <cmt>2:00/2400</cmt>
  </wpt>
  <wpt lat="40.784440" lon="-119.194999">
    <name>2:15/2400</name>
    <cmt>2:15/2400</cmt>
  </wpt>
  <wpt lat="40.783669" lon="-119.195499">
    <name>2:30/2400</name>
    <cmt>2:30/2400</cmt>
  </wpt>
  <wpt lat="40.782953" lon="-119.196128">
    <name>2:45/2400</name>
    <cmt>2:45/2400</cmt>
  </wpt>
  <wpt lat="40.782307" lon="-119.196875">
    <name>3:00/2400</name>
    <cmt>3:00/2400</cmt>
  </wpt>
  <wpt lat="40.781739" lon="-119.197726">
    <name>3:15/2400</name>
    <cmt>3:15/2400</cmt>
  </wpt>
  <wpt lat="40.781261" lon="-119.198667">
    <name>3:30/2400</name>
    <cmt>3:30/2400</cmt>
  </wpt>
  <wpt lat="40.780881" lon="-119.199682">
    <name>3:45/2400</name>
    <cmt>3:45/2400</cmt>
  </wpt>
  <wpt lat="40.780604" lon="-119.200754">
    <name>4:00/2400</name>
    <cmt>4:00/2400</cmt>
  </wpt>
  <wpt lat="40.780436" lon="-119.201864">
    <name>4:15/2400</name>
    <cmt>4:15/2400</cmt>
  </wpt>
  <wpt lat="40.780380" lon="-119.202994">
    <name>4:30/2400</name>
    <cmt>4:30/2400</cmt>
  </wpt>
  <wpt lat="40.780436" lon="-119.204124">
    <name>4:45/2400</name>
    <cmt>4:45/2400</cmt>
  </wpt>
  <wpt lat="40.780604" lon="-119.205234">
    <name>5:00/2400</name>
    <cmt>5:00/2400</cmt>
  </wpt>
  <wpt lat="40.780881" lon="-119.206306">
    <name>5:15/2400</name>
    <cmt>5:15/2400</cmt>
  </wpt>
  <wpt lat="40.781261" lon="-119.207321">
    <name>5:30/2400</name>
    <cmt>5:30/2400</cmt>
  </wpt>
  <wpt lat="40.781739" lon="-119.208262">
    <name>5:45/2400</name>
    <cmt>5:45/2400</cmt>
  </wpt>
  <wpt lat="40.782307" lon="-119.209113">
    <name>6:00/2400</name>
    <cmt>6:00/2400</cmt>
  </wpt>
  <wpt lat="40.782953" lon="-119.209860">
    <name>6:15/2400</name>
    <cmt>6:15/2400</cmt>
  </wpt>
  <wpt lat="40.783669" lon="-119.210489">
    <name>6:30/2400</name>
    <cmt>6:30/2400</cmt>
  </wpt>
  <wpt lat="40.784440" lon="-119.210989">
    <name>6:45/2400</name>
    <cmt>6:45/2400</cmt>
  </wpt>
  <wpt lat="40.785255" lon="-119.211353">
    <name>7:00/2400</name>
    <cmt>7:00/2400</cmt>
  </wpt>
  <wpt lat="40.786099" lon="-119.211574">
    <name>7:15/2400</name>
    <cmt>7:15/2400</cmt>
  </wpt>
  <wpt lat="40.786958" lon="-119.211648">
    <name>7:30/2400</name>
    <cmt>7:30/2400</cmt>
  </wpt>
  <wpt lat="40.787816" lon="-119.211574">
    <name>7:45/2400</name>
    <cmt>7:45/2400</cmt>
  </wpt>
  <wpt lat="40.788660" lon="-119.211354">
    <name>8:00/2400</name>
    <cmt>8:00/2400</cmt>
  </wpt>
  <wpt lat="40.789475" lon="-119.210990">
    <name>8:15/2400</name>
    <cmt>8:15/2400</cmt>
  </wpt>
  <wpt lat="40.790247" lon="-119.210489">
    <name>8:30/2400</name>
    <cmt>8:30/2400</cmt>
  </wpt>
  <wpt lat="40.790962" lon="-119.209860">
    <name>8:45/2400</name>
    <cmt>8:45/2400</cmt>
  </wpt>
  <wpt lat="40.791609" lon="-119.209114">
    <name>9:00/2400</name>
    <cmt>9:00/2400</cmt>
  </wpt>
  <wpt lat="40.792177" lon="-119.208263">
    <name>9:15/2400</name>
    <cmt>9:15/2400</cmt>
  </wpt>
  <wpt lat="40.792655" lon="-119.207322">
    <name>9:30/2400</name>
    <cmt>9:30/2400</cmt>
  </wpt>
  <wpt lat="40.793035" lon="-119.206306">
    <name>9:45/2400</name>
    <cmt>9:45/2400</cmt>
  </wpt>
  <wpt lat="40.793312" lon="-119.205234">
    <name>10:00/2400</name>
    <cmt>10:00/2400</cmt>
  </wpt>
  <wpt lat="40.793480" lon="-119.204124">
    <name>10:15/2400</name>
    <cmt>10:15/2400</cmt>
  </wpt>
  <wpt lat="40.793536" lon="-119.202994">
    <name>10:30/2400</name>
    <cmt>10:30/2400</cmt>
  </wpt>
  <wpt lat="40.793480" lon="-119.201864">
    <name>10:45/2400</name>
    <cmt>10:45/2400</cmt>
  </wpt>
  <wpt lat="40.793312" lon="-119.200754">
    <name>11:00/2400</name>
    <cmt>11:00/2400</cmt>
  </wpt>
  <wpt lat="40.793035" lon="-119.199682">
    <name>11:15/2400</name>
    <cmt>11:15/2400</cmt>
  </wpt>
  <wpt lat="40.792655" lon="-119.198666">
    <name>11:30/2400</name>
    <cmt>11:30/2400</cmt>
  </wpt>
  <wpt lat="40.792177" lon="-119.197725">
    <name>11:45/2400</name>
    <cmt>11:45/2400</cmt>
  </wpt>
  <wpt lat="40.791803" lon="-119.196619">
    <name>12:00/2500</name>
    <cmt>12:00/2500</cmt>
  </wpt>
  <wpt lat="40.791129" lon="-119.195841">
    <name>12:15/2500</name>
    <cmt>12:15/2500</cmt>
  </wpt>
  <wpt lat="40.790384" lon="-119.195186">
    <name>12:30/2500</name>
    <cmt>12:30/2500</cmt>
  </wpt>
  <wpt lat="40.789580" lon="-119.194665">
    <name>12:45/2500</name>
    <cmt>12:45/2500</cmt>
  </wpt>
  <wpt lat="40.788731" lon="-119.194286">
    <name>1:00/2500</name>
    <cmt>1:00/2500</cmt>
  </wpt>
  <wpt lat="40.787852" lon="-119.194056">
    <name>1:15/2500</name>
    <cmt>1:15/2500</cmt>
  </wpt>
  <wpt lat="40.786958" lon="-119.193979">
    <name>1:30/2500</name>
    <cmt>1:30/2500</cmt>
  </wpt>
  <wpt lat="40.786063" lon="-119.194056">
    <name>1:45/2500</name>
    <cmt>1:45/2500</cmt>
  </wpt>
  <wpt lat="40.793751" lon="-119.204171">
    <name>10:15/2500</name>
    <cmt>10:15/2500</cmt>
  </wpt>
  <wpt lat="40.793810" lon="-119.202994">
    <name>10:30/2500</name>
    <cmt>10:30/2500</cmt>
  </wpt>
  <wpt lat="40.793751" lon="-119.201817">
    <name>10:45/2500</name>
    <cmt>10:45/2500</cmt>
  </wpt>
  <wpt lat="40.793577" lon="-119.200661">
    <name>11:00/2500</name>
    <cmt>11:00/2500</cmt>
  </wpt>
  <wpt lat="40.793288" lon="-119.199544">
    <name>11:15/2500</name>
    <cmt>11:15/2500</cmt>
  </wpt>
  <wpt lat="40.792892" lon="-119.198486">
    <name>11:30/2500</name>
    <cmt>11:30/2500</cmt>
  </wpt>
  <wpt lat="40.792394" lon="-119.197506">
    <name>11:45/2500</name>
    <cmt>11:45/2500</cmt>
  </wpt>
  <wpt lat="40.791997" lon="-119.196364">
    <name>12:00/2600</name>
    <cmt>12:00/2600</cmt>
  </wpt>
  <wpt lat="40.791296" lon="-119.195555">
    <name>12:15/2600</name>
    <cmt>12:15/2600</cmt>
  </wpt>
  <wpt lat="40.790521" lon="-119.194874">
    <name>12:30/2600</name>
    <cmt>12:30/2600</cmt>
  </wpt>
  <wpt lat="40.789685" lon="-119.194332">
    <name>12:45/2600</name>
    <cmt>12:45/2600</cmt>
  </wpt>
  <wpt lat="40.788802" lon="-119.193938">
    <name>1:00/2600</name>
    <cmt>1:00/2600</cmt>
  </wpt>
  <wpt lat="40.787888" lon="-119.193698">
    <name>1:15/2600</name>
    <cmt>1:15/2600</cmt>
  </wpt>
  <wpt lat="40.786958" lon="-119.193618">
    <name>1:30/2600</name>
    <cmt>1:30/2600</cmt>
  </wpt>
  <wpt lat="40.786027" lon="-119.193699">
    <name>1:45/2600</name>
    <cmt>1:45/2600</cmt>
  </wpt>
  <wpt lat="40.794023" lon="-119.204218">
    <name>10:15/2600</name>
    <cmt>10:15/2600</cmt>
  </wpt>
  <wpt lat="40.794084" lon="-119.202994">
    <name>10:30/2600</name>
    <cmt>10:30/2600</cmt>
  </wpt>
  <wpt lat="40.794023" lon="-119.201770">
    <name>10:45/2600</name>
    <cmt>10:45/2600</cmt>
  </wpt>
  <wpt lat="40.793841" lon="-119.200567">
    <name>11:00/2600</name>
    <cmt>11:00/2600</cmt>
  </wpt>
  <wpt lat="40.793542" lon="-119.199406">
    <name>11:15/2600</name>
    <cmt>11:15/2600</cmt>
  </wpt>
  <wpt lat="40.793129" lon="-119.198306">
    <name>11:30/2600</name>
    <cmt>11:30/2600</cmt>
  </wpt>
  <wpt lat="40.792611" lon="-119.197286">
    <name>11:45/2600</name>
    <cmt>11:45/2600</cmt>
  </wpt>
  <wpt lat="40.792191" lon="-119.196109">
    <name>12:00/2700</name>
    <cmt>12:00/2700</cmt>
  </wpt>
  <wpt lat="40.791463" lon="-119.195269">
    <name>12:15/2700</name>
    <cmt>12:15/2700</cmt>
  </wpt>
  <wpt lat="40.790658" lon="-119.194562">
    <name>12:30/2700</name>
    <cmt>12:30/2700</cmt>
  </wpt>
  <wpt lat="40.789790" lon="-119.193999">
    <name>12:45/2700</name>
    <cmt>12:45/2700</cmt>
  </wpt>
  <wpt lat="40.788873" lon="-119.193589">
    <name>1:00/2700</name>
    <cmt>1:00/2700</cmt>
  </wpt>
  <wpt lat="40.787924" lon="-119.193341">
    <name>1:15/2700</name>
    <cmt>1:15/2700</cmt>
  </wpt>
  <wpt lat="40.786958" lon="-119.193258">
    <name>1:30/2700</name>
    <cmt>1:30/2700</cmt>
  </wpt>
  <wpt lat="40.785992" lon="-119.193341">
    <name>1:45/2700</name>
    <cmt>1:45/2700</cmt>
  </wpt>
  <wpt lat="40.794295" lon="-119.204265">
    <name>10:15/2700</name>
    <cmt>10:15/2700</cmt>
  </wpt>
  <wpt lat="40.794358" lon="-119.202994">
    <name>10:30/2700</name>
    <cmt>10:30/2700</cmt>
  </wpt>
  <wpt lat="40.794295" lon="-119.201723">
    <name>10:45/2700</name>
    <cmt>10:45/2700</cmt>
  </wpt>
  <wpt lat="40.794106" lon="-119.200474">
    <name>11:00/2700</name>
    <cmt>11:00/2700</cmt>
  </wpt>
  <wpt lat="40.793795" lon="-119.199268">
    <name>11:15/2700</name>
    <cmt>11:15/2700</cmt>
  </wpt>
  <wpt lat="40.793367" lon="-119.198125">
    <name>11:30/2700</name>
    <cmt>11:30/2700</cmt>
  </wpt>
  <wpt lat="40.792829" lon="-119.197066">
    <name>11:45/2700</name>
    <cmt>11:45/2700</cmt>
  </wpt>
  <wpt lat="40.792384" lon="-119.195854">
    <name>12:00/2800</name>
    <cmt>12:00/2800</cmt>
  </wpt>
  <wpt lat="40.791630" lon="-119.194983">
    <name>12:15/2800</name>
    <cmt>12:15/2800</cmt>
  </wpt>
  <wpt lat="40.790795" lon="-119.194249">
    <name>12:30/2800</name>
    <cmt>12:30/2800</cmt>
  </wpt>
  <wpt lat="40.789894" lon="-119.193665">
    <name>12:45/2800</name>
    <cmt>12:45/2800</cmt>
  </wpt>
  <wpt lat="40.788944" lon="-119.193241">
    <name>1:00/2800</name>
    <cmt>1:00/2800</cmt>
  </wpt>
  <wpt lat="40.787959" lon="-119.192983">
    <name>1:15/2800</name>
    <cmt>1:15/2800</cmt>
  </wpt>
  <wpt lat="40.786958" lon="-119.192897">
    <name>1:30/2800</name>
    <cmt>1:30/2800</cmt>
  </wpt>
  <wpt lat="40.785956" lon="-119.192984">
    <name>1:45/2800</name>
    <cmt>1:45/2800</cmt>
  </wpt>
  <wpt lat="40.794567" lon="-119.204312">
    <name>10:15/2800</name>
    <cmt>10:15/2800</cmt>
  </wpt>
  <wpt lat="40.794632" lon="-119.202994">
    <name>10:30/2800</name>
    <cmt>10:30/2800</cmt>
  </wpt>
  <wpt lat="40.794567" lon="-119.201676">
    <name>10:45/2800</name>
    <cmt>10:45/2800</cmt>
  </wpt>
  <wpt lat="40.794371" lon="-119.200380">
    <name>11:00/2800</name>
    <cmt>11:00/2800</cmt>
  </wpt>
  <wpt lat="40.794048" lon="-119.199130">
    <name>11:15/2800</name>
    <cmt>11:15/2800</cmt>
  </wpt>
  <wpt lat="40.793604" lon="-119.197945">
    <name>11:30/2800</name>
    <cmt>11:30/2800</cmt>
  </wpt>
  <wpt lat="40.793046" lon="-119.196847">
    <name>11:45/2800</name>
    <cmt>11:45/2800</cmt>
  </wpt>
  <wpt lat="40.792578" lon="-119.195599">
    <name>12:00/2900</name>
    <cmt>12:00/2900</cmt>
  </wpt>
  <wpt lat="40.791796" lon="-119.194697">
    <name>12:15/2900</name>
    <cmt>12:15/2900</cmt>
  </wpt>
  <wpt lat="40.790932" lon="-119.193937">
    <name>12:30/2900</name>
    <cmt>12:30/2900</cmt>
  </wpt>
  <wpt lat="40.789999" lon="-119.193332">
    <name>12:45/2900</name>
    <cmt>12:45/2900</cmt>
  </wpt>
  <wpt lat="40.789015" lon="-119.192893">
    <name>1:00/2900</name>
    <cmt>1:00/2900</cmt>
  </wpt>
  <wpt lat="40.787995" lon="-119.192626">
    <name>1:15/2900</name>
    <cmt>1:15/2900</cmt>
  </wpt>
  <wpt lat="40.786958" lon="-119.192537">
    <name>1:30/2900</name>
    <cmt>1:30/2900</cmt>
  </wpt>
  <wpt lat="40.785920" lon="-119.192626">
    <name>1:45/2900</name>
    <cmt>1:45/2900</cmt>
  </wpt>
  <wpt lat="40.794838" lon="-119.204359">
    <name>10:15/2900</name>
    <cmt>10:15/2900</cmt>
  </wpt>
  <wpt lat="40.794906" lon="-119.202994">
    <name>10:30/2900</name>
    <cmt>10:30/2900</cmt>
  </wpt>
  <wpt lat="40.794838" lon="-119.201629">
    <name>10:45/2900</name>
    <cmt>10:45/2900</cmt>
  </wpt>
  <wpt lat="40.794636" lon="-119.200287">
    <name>11:00/2900</name>
    <cmt>11:00/2900</cmt>
  </wpt>
  <wpt lat="40.794301" lon="-119.198992">
    <name>11:15/2900</name>
    <cmt>11:15/2900</cmt>
  </wpt>
  <wpt lat="40.793841" lon="-119.197765">
    <name>11:30/2900</name>
    <cmt>11:30/2900</cmt>
  </wpt>
  <wpt lat="40.793264" lon="-119.196627">
    <name>11:45/2900</name>
    <cmt>11:45/2900</cmt>
  </wpt>
  <wpt lat="40.792772" lon="-119.195344">
    <name>12:00/3000</name>
    <cmt>12:00/3000</cmt>
  </wpt>
  <wpt lat="40.791963" lon="-119.194411">
    <name>12:15/3000</name>
    <cmt>12:15/3000</cmt>
  </wpt>
  <wpt lat="40.791069" lon="-119.193625">
    <name>12:30/3000</name>
    <cmt>12:30/3000</cmt>
  </wpt>
  <wpt lat="40.790104" lon="-119.192999">
    <name>12:45/3000</name>
    <cmt>12:45/3000</cmt>
  </wpt>
  <wpt lat="40.789086" lon="-119.192544">
    <name>1:00/3000</name>
    <cmt>1:00/3000</cmt>
  </wpt>
  <wpt lat="40.788031" lon="-119.192268">
    <name>1:15/3000</name>
    <cmt>1:15/3000</cmt>
  </wpt>
  <wpt lat="40.786957" lon="-119.192176">
    <name>1:30/3000</name>
    <cmt>1:30/3000</cmt>
  </wpt>
  <wpt lat="40.785884" lon="-119.192269">
    <name>1:45/3000</name>
    <cmt>1:45/3000</cmt>
  </wpt>
  <wpt lat="40.795110" lon="-119.204406">
    <name>10:15/3000</name>
    <cmt>10:15/3000</cmt>
  </wpt>
  <wpt lat="40.795180" lon="-119.202994">
    <name>10:30/3000</name>
    <cmt>10:30/3000</cmt>
  </wpt>
  <wpt lat="40.795110" lon="-119.201582">
    <name>10:45/3000</name>
    <cmt>10:45/3000</cmt>
  </wpt>
  <wpt lat="40.794900" lon="-119.200194">
    <name>11:00/3000</name>
    <cmt>11:00/3000</cmt>
  </wpt>
  <wpt lat="40.794554" lon="-119.198854">
    <name>11:15/3000</name>
    <cmt>11:15/3000</cmt>
  </wpt>
  <wpt lat="40.794079" lon="-119.197584">
    <name>11:30/3000</name>
    <cmt>11:30/3000</cmt>
  </wpt>
  <wpt lat="40.793481" lon="-119.196408">
    <name>11:45/3000</name>
    <cmt>11:45/3000</cmt>
  </wpt>
  <wpt lat="40.792966" lon="-119.195089">
    <name>12:00/3100</name>
    <cmt>12:00/3100</cmt>
  </wpt>
  <wpt lat="40.792130" lon="-119.194125">
    <name>12:15/3100</name>
    <cmt>12:15/3100</cmt>
  </wpt>
  <wpt lat="40.791206" lon="-119.193312">
    <name>12:30/3100</name>
    <cmt>12:30/3100</cmt>
  </wpt>
  <wpt lat="40.790209" lon="-119.192666">
    <name>12:45/3100</name>
    <cmt>12:45/3100</cmt>
  </wpt>
  <wpt lat="40.789157" lon="-119.192196">
    <name>1:00/3100</name>
    <cmt>1:00/3100</cmt>
  </wpt>
  <wpt lat="40.788066" lon="-119.191911">
    <name>1:15/3100</name>
    <cmt>1:15/3100</cmt>
  </wpt>
  <wpt lat="40.786957" lon="-119.191815">
    <name>1:30/3100</name>
    <cmt>1:30/3100</cmt>
  </wpt>
  <wpt lat="40.785848" lon="-119.191911">
    <name>1:45/3100</name>
    <cmt>1:45/3100</cmt>
  </wpt>
  <wpt lat="40.795382" lon="-119.204453">
    <name>10:15/3100</name>
    <cmt>10:15/3100</cmt>
  </wpt>
  <wpt lat="40.795455" lon="-119.202994">
    <name>10:30/3100</name>
    <cmt>10:30/3100</cmt>
  </wpt>
  <wpt lat="40.795382" lon="-119.201535">
    <name>10:45/3100</name>
    <cmt>10:45/3100</cmt>
  </wpt>
  <wpt lat="40.795165" lon="-119.200100">
    <name>11:00/3100</name>
    <cmt>11:00/3100</cmt>
  </wpt>
  <wpt lat="40.794808" lon="-119.198716">
    <name>11:15/3100</name>
    <cmt>11:15/3100</cmt>
  </wpt>
  <wpt lat="40.794316" lon="-119.197404">
    <name>11:30/3100</name>
    <cmt>11:30/3100</cmt>
  </wpt>
  <wpt lat="40.793699" lon="-119.196188">
    <name>11:45/3100</name>
    <cmt>11:45/3100</cmt>
  </wpt>
  <wpt lat="40.793159" lon="-119.194834">
    <name>12:00/3200</name>
    <cmt>12:00/3200</cmt>
  </wpt>
  <wpt lat="40.792297" lon="-119.193839">
    <name>12:15/3200</name>
    <cmt>12:15/3200</cmt>
  </wpt>
  <wpt lat="40.791343" lon="-119.193000">
    <name>12:30/3200</name>
    <cmt>12:30/3200</cmt>
  </wpt>
  <wpt lat="40.790314" lon="-119.192333">
    <name>12:45/3200</name>
    <cmt>12:45/3200</cmt>
  </wpt>
  <wpt lat="40.789227" lon="-119.191848">
    <name>1:00/3200</name>
    <cmt>1:00/3200</cmt>
  </wpt>
  <wpt lat="40.788102" lon="-119.191553">
    <name>1:15/3200</name>
    <cmt>1:15/3200</cmt>
  </wpt>
  <wpt lat="40.786957" lon="-119.191455">
    <name>1:30/3200</name>
    <cmt>1:30/3200</cmt>
  </wpt>
  <wpt lat="40.785813" lon="-119.191554">
    <name>1:45/3200</name>
    <cmt>1:45/3200</cmt>
  </wpt>
  <wpt lat="40.795654" lon="-119.204500">
    <name>10:15/3200</name>
    <cmt>10:15/3200</cmt>
  </wpt>
  <wpt lat="40.795729" lon="-119.202994">
    <name>10:30/3200</name>
    <cmt>10:30/3200</cmt>
  </wpt>
  <wpt lat="40.795654" lon="-119.201488">
    <name>10:45/3200</name>
    <cmt>10:45/3200</cmt>
  </wpt>
  <wpt lat="40.795430" lon="-119.200007">
    <name>11:00/3200</name>
    <cmt>11:00/3200</cmt>
  </wpt>
  <wpt lat="40.795061" lon="-119.198578">
    <name>11:15/3200</name>
    <cmt>11:15/3200</cmt>
  </wpt>
  <wpt lat="40.794553" lon="-119.197224">
    <name>11:30/3200</name>
    <cmt>11:30/3200</cmt>
  </wpt>
  <wpt lat="40.793916" lon="-119.195969">
    <name>11:45/3200</name>
    <cmt>11:45/3200</cmt>
  </wpt>
  <wpt lat="40.793353" lon="-119.194579">
    <name>12:00/3300</name>
    <cmt>12:00/3300</cmt>
  </wpt>
  <wpt lat="40.792464" lon="-119.193552">
    <name>12:15/3300</name>
    <cmt>12:15/3300</cmt>
  </wpt>
  <wpt lat="40.791480" lon="-119.192688">
    <name>12:30/3300</name>
    <cmt>12:30/3300</cmt>
  </wpt>
  <wpt lat="40.790419" lon="-119.191999">
    <name>12:45/3300</name>
    <cmt>12:45/3300</cmt>
  </wpt>
  <wpt lat="40.789298" lon="-119.191499">
    <name>1:00/3300</name>
    <cmt>1:00/3300</cmt>
  </wpt>
  <wpt lat="40.788138" lon="-119.191196">
    <name>1:15/3300</name>
    <cmt>1:15/3300</cmt>
  </wpt>
  <wpt lat="40.786957" lon="-119.191094">
    <name>1:30/3300</name>
    <cmt>1:30/3300</cmt>
  </wpt>
  <wpt lat="40.785777" lon="-119.191196">
    <name>1:45/3300</name>
    <cmt>1:45/3300</cmt>
  </wpt>
  <wpt lat="40.795925" lon="-119.204547">
    <name>10:15/3300</name>
    <cmt>10:15/3300</cmt>
  </wpt>
  <wpt lat="40.796003" lon="-119.202994">
    <name>10:30/3300</name>
    <cmt>10:30/3300</cmt>
  </wpt>
  <wpt lat="40.795925" lon="-119.201441">
    <name>10:45/3300</name>
    <cmt>10:45/3300</cmt>
  </wpt>
  <wpt lat="40.795694" lon="-119.199914">
    <name>11:00/3300</name>
    <cmt>11:00/3300</cmt>
  </wpt>
  <wpt lat="40.795314" lon="-119.198440">
    <name>11:15/3300</name>
    <cmt>11:15/3300</cmt>
  </wpt>
  <wpt lat="40.794791" lon="-119.197043">
    <name>11:30/3300</name>
    <cmt>11:30/3300</cmt>
  </wpt>
  <wpt lat="40.794133" lon="-119.195749">
    <name>11:45/3300</name>
    <cmt>11:45/3300</cmt>
  </wpt>
  <wpt lat="40.793547" lon="-119.194324">
    <name>12:00/3400</name>
    <cmt>12:00/3400</cmt>
  </wpt>
  <wpt lat="40.792631" lon="-119.193266">
    <name>12:15/3400</name>
    <cmt>12:15/3400</cmt>
  </wpt>
  <wpt lat="40.791617" lon="-119.192375">
    <name>12:30/3400</name>
    <cmt>12:30/3400</cmt>
  </wpt>
  <wpt lat="40.790524" lon="-119.191666">
    <name>12:45/3400</name>
    <cmt>12:45/3400</cmt>
  </wpt>
  <wpt lat="40.789369" lon="-119.191151">
    <name>1:00/3400</name>
    <cmt>1:00/3400</cmt>
  </wpt>
  <wpt lat="40.788174" lon="-119.190838">
    <name>1:15/3400</name>
    <cmt>1:15/3400</cmt>
  </wpt>
  <wpt lat="40.786957" lon="-119.190734">
    <name>1:30/3400</name>
    <cmt>1:30/3400</cmt>
  </wpt>
  <wpt lat="40.785741" lon="-119.190839">
    <name>1:45/3400</name>
    <cmt>1:45/3400</cmt>
  </wpt>
  <wpt lat="40.796197" lon="-119.204595">
    <name>10:15/3400</name>
    <cmt>10:15/3400</cmt>
  </wpt>
  <wpt lat="40.796277" lon="-119.202994">
    <name>10:30/3400</name>
    <cmt>10:30/3400</cmt>
  </wpt>
  <wpt lat="40.796197" lon="-119.201393">
    <name>10:45/3400</name>
    <cmt>10:45/3400</cmt>
  </wpt>
  <wpt lat="40.795959" lon="-119.199820">
    <name>11:00/3400</name>
    <cmt>11:00/3400</cmt>
  </wpt>
  <wpt lat="40.795567" lon="-119.198302">
    <name>11:15/3400</name>
    <cmt>11:15/3400</cmt>
  </wpt>
  <wpt lat="40.795028" lon="-119.196863">
    <name>11:30/3400</name>
    <cmt>11:30/3400</cmt>
  </wpt>
  <wpt lat="40.794351" lon="-119.195530">
    <name>11:45/3400</name>
    <cmt>11:45/3400</cmt>
  </wpt>
  <wpt lat="40.793731" lon="-119.194081">
    <name>12:00/3500</name>
    <cmt>12:00/3500</cmt>
  </wpt>
  <wpt lat="40.792789" lon="-119.192995">
    <name>12:15/3500</name>
    <cmt>12:15/3500</cmt>
  </wpt>
  <wpt lat="40.791747" lon="-119.192079">
    <name>12:30/3500</name>
    <cmt>12:30/3500</cmt>
  </wpt>
  <wpt lat="40.790623" lon="-119.191350">
    <name>12:45/3500</name>
    <cmt>12:45/3500</cmt>
  </wpt>
  <wpt lat="40.789437" lon="-119.190820">
    <name>1:00/3500</name>
    <cmt>1:00/3500</cmt>
  </wpt>
  <wpt lat="40.788208" lon="-119.190499">
    <name>1:15/3500</name>
    <cmt>1:15/3500</cmt>
  </wpt>
  <wpt lat="40.786957" lon="-119.190391">
    <name>1:30/3500</name>
    <cmt>1:30/3500</cmt>
  </wpt>
  <wpt lat="40.785707" lon="-119.190499">
    <name>1:45/3500</name>
    <cmt>1:45/3500</cmt>
  </wpt>
  <wpt lat="40.796455" lon="-119.204639">
    <name>10:15/3500</name>
    <cmt>10:15/3500</cmt>
  </wpt>
  <wpt lat="40.796537" lon="-119.202994">
    <name>10:30/3500</name>
    <cmt>10:30/3500</cmt>
  </wpt>
  <wpt lat="40.796455" lon="-119.201349">
    <name>10:45/3500</name>
    <cmt>10:45/3500</cmt>
  </wpt>
  <wpt lat="40.796211" lon="-119.199732">
    <name>11:00/3500</name>
    <cmt>11:00/3500</cmt>
  </wpt>
  <wpt lat="40.795808" lon="-119.198170">
    <name>11:15/3500</name>
    <cmt>11:15/3500</cmt>
  </wpt>
  <wpt lat="40.795254" lon="-119.196692">
    <name>11:30/3500</name>
    <cmt>11:30/3500</cmt>
  </wpt>
  <wpt lat="40.794557" lon="-119.195321">
    <name>11:45/3500</name>
    <cmt>11:45/3500</cmt>
  </wpt>
  <wpt lat="40.793935" lon="-119.193814">
    <name>12:00/3600</name>
    <cmt>12:00/3600</cmt>
  </wpt>
  <wpt lat="40.792964" lon="-119.192694">
    <name>12:15/3600</name>
    <cmt>12:15/3600</cmt>
  </wpt>
  <wpt lat="40.791891" lon="-119.191751">
    <name>12:30/3600</name>
    <cmt>12:30/3600</cmt>
  </wpt>
  <wpt lat="40.790733" lon="-119.191000">
    <name>12:45/3600</name>
    <cmt>12:45/3600</cmt>
  </wpt>
  <wpt lat="40.789511" lon="-119.190454">
    <name>1:00/3600</name>
    <cmt>1:00/3600</cmt>
  </wpt>
  <wpt lat="40.788245" lon="-119.190123">
    <name>1:15/3600</name>
    <cmt>1:15/3600</cmt>
  </wpt>
  <wpt lat="40.786957" lon="-119.190012">
    <name>1:30/3600</name>
    <cmt>1:30/3600</cmt>
  </wpt>
  <wpt lat="40.785669" lon="-119.190124">
    <name>1:45/3600</name>
    <cmt>1:45/3600</cmt>
  </wpt>
  <wpt lat="40.796741" lon="-119.204689">
    <name>10:15/3600</name>
    <cmt>10:15/3600</cmt>
  </wpt>
  <wpt lat="40.796825" lon="-119.202994">
    <name>10:30/3600</name>
    <cmt>10:30/3600</cmt>
  </wpt>
  <wpt lat="40.796741" lon="-119.201299">
    <name>10:45/3600</name>
    <cmt>10:45/3600</cmt>
  </wpt>
  <wpt lat="40.796489" lon="-119.199634">
    <name>11:00/3600</name>
    <cmt>11:00/3600</cmt>
  </wpt>
  <wpt lat="40.796074" lon="-119.198025">
    <name>11:15/3600</name>
    <cmt>11:15/3600</cmt>
  </wpt>
  <wpt lat="40.795503" lon="-119.196502">
    <name>11:30/3600</name>
    <cmt>11:30/3600</cmt>
  </wpt>
  <wpt lat="40.794786" lon="-119.195090">
    <name>11:45/3600</name>
    <cmt>11:45/3600</cmt>
  </wpt>
  <wpt lat="40.794128" lon="-119.193559">
    <name>12:00/3700</name>
    <cmt>12:00/3700</cmt>
  </wpt>
  <wpt lat="40.793131" lon="-119.192408">
    <name>12:15/3700</name>
    <cmt>12:15/3700</cmt>
  </wpt>
  <wpt lat="40.792028" lon="-119.191438">
    <name>12:30/3700</name>
    <cmt>12:30/3700</cmt>
  </wpt>
  <wpt lat="40.790838" lon="-119.190667">
    <name>12:45/3700</name>
    <cmt>12:45/3700</cmt>
  </wpt>
  <wpt lat="40.789582" lon="-119.190106">
    <name>1:00/3700</name>
    <cmt>1:00/3700</cmt>
  </wpt>
  <wpt lat="40.788281" lon="-119.189766">
    <name>1:15/3700</name>
    <cmt>1:15/3700</cmt>
  </wpt>
  <wpt lat="40.786957" lon="-119.189652">
    <name>1:30/3700</name>
    <cmt>1:30/3700</cmt>
  </wpt>
  <wpt lat="40.785634" lon="-119.189766">
    <name>1:45/3700</name>
    <cmt>1:45/3700</cmt>
  </wpt>
  <wpt lat="40.797012" lon="-119.204736">
    <name>10:15/3700</name>
    <cmt>10:15/3700</cmt>
  </wpt>
  <wpt lat="40.797099" lon="-119.202994">
    <name>10:30/3700</name>
    <cmt>10:30/3700</cmt>
  </wpt>
  <wpt lat="40.797012" lon="-119.201252">
    <name>10:45/3700</name>
    <cmt>10:45/3700</cmt>
  </wpt>
  <wpt lat="40.796753" lon="-119.199540">
    <name>11:00/3700</name>
    <cmt>11:00/3700</cmt>
  </wpt>
  <wpt lat="40.796327" lon="-119.197887">
    <name>11:15/3700</name>
    <cmt>11:15/3700</cmt>
  </wpt>
  <wpt lat="40.795740" lon="-119.196322">
    <name>11:30/3700</name>
    <cmt>11:30/3700</cmt>
  </wpt>
  <wpt lat="40.795003" lon="-119.194871">
    <name>11:45/3700</name>
    <cmt>11:45/3700</cmt>
  </wpt>
  <wpt lat="40.794322" lon="-119.193304">
    <name>12:00/3800</name>
    <cmt>12:00/3800</cmt>
  </wpt>
  <wpt lat="40.793298" lon="-119.192122">
    <name>12:15/3800</name>
    <cmt>12:15/3800</cmt>
  </wpt>
  <wpt lat="40.792165" lon="-119.191126">
    <name>12:30/3800</name>
    <cmt>12:30/3800</cmt>
  </wpt>
  <wpt lat="40.790943" lon="-119.190334">
    <name>12:45/3800</name>
    <cmt>12:45/3800</cmt>
  </wpt>
  <wpt lat="40.789653" lon="-119.189758">
    <name>1:00/3800</name>
    <cmt>1:00/3800</cmt>
  </wpt>
  <wpt lat="40.788317" lon="-119.189408">
    <name>1:15/3800</name>
    <cmt>1:15/3800</cmt>
  </wpt>
  <wpt lat="40.786957" lon="-119.189291">
    <name>1:30/3800</name>
    <cmt>1:30/3800</cmt>
  </wpt>
  <wpt lat="40.785598" lon="-119.189409">
    <name>1:45/3800</name>
    <cmt>1:45/3800</cmt>
  </wpt>
  <wpt lat="40.797284" lon="-119.204783">
    <name>10:15/3800</name>
    <cmt>10:15/3800</cmt>
  </wpt>
  <wpt lat="40.797373" lon="-119.202994">
    <name>10:30/3800</name>
    <cmt>10:30/3800</cmt>
  </wpt>
  <wpt lat="40.797284" lon="-119.201205">
    <name>10:45/3800</name>
    <cmt>10:45/3800</cmt>
  </wpt>
  <wpt lat="40.797018" lon="-119.199447">
    <name>11:00/3800</name>
    <cmt>11:00/3800</cmt>
  </wpt>
  <wpt lat="40.796580" lon="-119.197749">
    <name>11:15/3800</name>
    <cmt>11:15/3800</cmt>
  </wpt>
  <wpt lat="40.795978" lon="-119.196142">
    <name>11:30/3800</name>
    <cmt>11:30/3800</cmt>
  </wpt>
  <wpt lat="40.795221" lon="-119.194651">
    <name>11:45/3800</name>
    <cmt>11:45/3800</cmt>
  </wpt>
  <wpt lat="40.794516" lon="-119.193049">
    <name>12:00/3900</name>
    <cmt>12:00/3900</cmt>
  </wpt>
  <wpt lat="40.793465" lon="-119.191836">
    <name>12:15/3900</name>
    <cmt>12:15/3900</cmt>
  </wpt>
  <wpt lat="40.792302" lon="-119.190814">
    <name>12:30/3900</name>
    <cmt>12:30/3900</cmt>
  </wpt>
  <wpt lat="40.791048" lon="-119.190000">
    <name>12:45/3900</name>
    <cmt>12:45/3900</cmt>
  </wpt>
  <wpt lat="40.789724" lon="-119.189409">
    <name>1:00/3900</name>
    <cmt>1:00/3900</cmt>
  </wpt>
  <wpt lat="40.788352" lon="-119.189051">
    <name>1:15/3900</name>
    <cmt>1:15/3900</cmt>
  </wpt>
  <wpt lat="40.786957" lon="-119.188931">
    <name>1:30/3900</name>
    <cmt>1:30/3900</cmt>
  </wpt>
  <wpt lat="40.785562" lon="-119.189051">
    <name>1:45/3900</name>
    <cmt>1:45/3900</cmt>
  </wpt>
  <wpt lat="40.797556" lon="-119.204830">
    <name>10:15/3900</name>
    <cmt>10:15/3900</cmt>
  </wpt>
  <wpt lat="40.797647" lon="-119.202994">
    <name>10:30/3900</name>
    <cmt>10:30/3900</cmt>
  </wpt>
  <wpt lat="40.797556" lon="-119.201158">
    <name>10:45/3900</name>
    <cmt>10:45/3900</cmt>
  </wpt>
  <wpt lat="40.797283" lon="-119.199354">
    <name>11:00/3900</name>
    <cmt>11:00/3900</cmt>
  </wpt>
  <wpt lat="40.796833" lon="-119.197611">
    <name>11:15/3900</name>
    <cmt>11:15/3900</cmt>
  </wpt>
  <wpt lat="40.796215" lon="-119.195961">
    <name>11:30/3900</name>
    <cmt>11:30/3900</cmt>
  </wpt>
  <wpt lat="40.795438" lon="-119.194432">
    <name>11:45/3900</name>
    <cmt>11:45/3900</cmt>
  </wpt>
  <wpt lat="40.794710" lon="-119.192794">
    <name>12:00/4000</name>
    <cmt>12:00/4000</cmt>
  </wpt>
  <wpt lat="40.793631" lon="-119.191550">
    <name>12:15/4000</name>
    <cmt>12:15/4000</cmt>
  </wpt>
  <wpt lat="40.792439" lon="-119.190501">
    <name>12:30/4000</name>
    <cmt>12:30/4000</cmt>
  </wpt>
  <wpt lat="40.791153" lon="-119.189667">
    <name>12:45/4000</name>
    <cmt>12:45/4000</cmt>
  </wpt>
  <wpt lat="40.789795" lon="-119.189061">
    <name>1:00/4000</name>
    <cmt>1:00/4000</cmt>
  </wpt>
  <wpt lat="40.788388" lon="-119.188693">
    <name>1:15/4000</name>
    <cmt>1:15/4000</cmt>
  </wpt>
  <wpt lat="40.786957" lon="-119.188570">
    <name>1:30/4000</name>
    <cmt>1:30/4000</cmt>
  </wpt>
  <wpt lat="40.785526" lon="-119.188694">
    <name>1:45/4000</name>
    <cmt>1:45/4000</cmt>
  </wpt>
  <wpt lat="40.797827" lon="-119.204877">
    <name>10:15/4000</name>
    <cmt>10:15/4000</cmt>
  </wpt>
  <wpt lat="40.797921" lon="-119.202994">
    <name>10:30/4000</name>
    <cmt>10:30/4000</cmt>
  </wpt>
  <wpt lat="40.797827" lon="-119.201111">
    <name>10:45/4000</name>
    <cmt>10:45/4000</cmt>
  </wpt>
  <wpt lat="40.797548" lon="-119.199260">
    <name>11:00/4000</name>
    <cmt>11:00/4000</cmt>
  </wpt>
  <wpt lat="40.797087" lon="-119.197473">
    <name>11:15/4000</name>
    <cmt>11:15/4000</cmt>
  </wpt>
  <wpt lat="40.796452" lon="-119.195781">
    <name>11:30/4000</name>
    <cmt>11:30/4000</cmt>
  </wpt>
  <wpt lat="40.795655" lon="-119.194212">
    <name>11:45/4000</name>
    <cmt>11:45/4000</cmt>
  </wpt>
  <wpt lat="40.794904" lon="-119.192538">
    <name>12:00/4100</name>
    <cmt>12:00/4100</cmt>
  </wpt>
  <wpt lat="40.793798" lon="-119.191263">
    <name>12:15/4100</name>
    <cmt>12:15/4100</cmt>
  </wpt>
  <wpt lat="40.792576" lon="-119.190189">
    <name>12:30/4100</name>
    <cmt>12:30/4100</cmt>
  </wpt>
  <wpt lat="40.791258" lon="-119.189334">
    <name>12:45/4100</name>
    <cmt>12:45/4100</cmt>
  </wpt>
  <wpt lat="40.789866" lon="-119.188713">
    <name>1:00/4100</name>
    <cmt>1:00/4100</cmt>
  </wpt>
  <wpt lat="40.788424" lon="-119.188336">
    <name>1:15/4100</name>
    <cmt>1:15/4100</cmt>
  </wpt>
  <wpt lat="40.786957" lon="-119.188209">
    <name>1:30/4100</name>
    <cmt>1:30/4100</cmt>
  </wpt>
  <wpt lat="40.785490" lon="-119.188336">
    <name>1:45/4100</name>
    <cmt>1:45/4100</cmt>
  </wpt>
  <wpt lat="40.798099" lon="-119.204924">
    <name>10:15/4100</name>
    <cmt>10:15/4100</cmt>
  </wpt>
  <wpt lat="40.798195" lon="-119.202994">
    <name>10:30/4100</name>
    <cmt>10:30/4100</cmt>
  </wpt>
  <wpt lat="40.798099" lon="-119.201064">
    <name>10:45/4100</name>
    <cmt>10:45/4100</cmt>
  </wpt>
  <wpt lat="40.797812" lon="-119.199167">
    <name>11:00/4100</name>
    <cmt>11:00/4100</cmt>
  </wpt>
  <wpt lat="40.797340" lon="-119.197335">
    <name>11:15/4100</name>
    <cmt>11:15/4100</cmt>
  </wpt>
  <wpt lat="40.796690" lon="-119.195601">
    <name>11:30/4100</name>
    <cmt>11:30/4100</cmt>
  </wpt>
  <wpt lat="40.795873" lon="-119.193993">
    <name>11:45/4100</name>
    <cmt>11:45/4100</cmt>
  </wpt>
  <wpt lat="40.795097" lon="-119.192283">
    <name>12:00/4200</name>
    <cmt>12:00/4200</cmt>
  </wpt>
  <wpt lat="40.793965" lon="-119.190977">
    <name>12:15/4200</name>
    <cmt>12:15/4200</cmt>
  </wpt>
  <wpt lat="40.792713" lon="-119.189877">
    <name>12:30/4200</name>
    <cmt>12:30/4200</cmt>
  </wpt>
  <wpt lat="40.791362" lon="-119.189001">
    <name>12:45/4200</name>
    <cmt>12:45/4200</cmt>
  </wpt>
  <wpt lat="40.789936" lon="-119.188364">
    <name>1:00/4200</name>
    <cmt>1:00/4200</cmt>
  </wpt>
  <wpt lat="40.788460" lon="-119.187978">
    <name>1:15/4200</name>
    <cmt>1:15/4200</cmt>
  </wpt>
  <wpt lat="40.786957" lon="-119.187849">
    <name>1:30/4200</name>
    <cmt>1:30/4200</cmt>
  </wpt>
  <wpt lat="40.785454" lon="-119.187979">
    <name>1:45/4200</name>
    <cmt>1:45/4200</cmt>
  </wpt>
  <wpt lat="40.798371" lon="-119.204971">
    <name>10:15/4200</name>
    <cmt>10:15/4200</cmt>
  </wpt>
  <wpt lat="40.798469" lon="-119.202994">
    <name>10:30/4200</name>
    <cmt>10:30/4200</cmt>
  </wpt>
  <wpt lat="40.798371" lon="-119.201017">
    <name>10:45/4200</name>
    <cmt>10:45/4200</cmt>
  </wpt>
  <wpt lat="40.798077" lon="-119.199073">
    <name>11:00/4200</name>
    <cmt>11:00/4200</cmt>
  </wpt>
  <wpt lat="40.797593" lon="-119.197197">
    <name>11:15/4200</name>
    <cmt>11:15/4200</cmt>
  </wpt>
  <wpt lat="40.796927" lon="-119.195420">
    <name>11:30/4200</name>
    <cmt>11:30/4200</cmt>
  </wpt>
  <wpt lat="40.796090" lon="-119.193773">
    <name>11:45/4200</name>
    <cmt>11:45/4200</cmt>
  </wpt>
  <wpt lat="40.795291" lon="-119.192028">
    <name>12:00/4300</name>
    <cmt>12:00/4300</cmt>
  </wpt>
  <wpt lat="40.794132" lon="-119.190691">
    <name>12:15/4300</name>
    <cmt>12:15/4300</cmt>
  </wpt>
  <wpt lat="40.792850" lon="-119.189564">
    <name>12:30/4300</name>
    <cmt>12:30/4300</cmt>
  </wpt>
  <wpt lat="40.791467" lon="-119.188668">
    <name>12:45/4300</name>
    <cmt>12:45/4300</cmt>
  </wpt>
  <wpt lat="40.790007" lon="-119.188016">
    <name>1:00/4300</name>
    <cmt>1:00/4300</cmt>
  </wpt>
  <wpt lat="40.788495" lon="-119.187621">
    <name>1:15/4300</name>
    <cmt>1:15/4300</cmt>
  </wpt>
  <wpt lat="40.786957" lon="-119.187488">
    <name>1:30/4300</name>
    <cmt>1:30/4300</cmt>
  </wpt>
  <wpt lat="40.785419" lon="-119.187621">
    <name>1:45/4300</name>
    <cmt>1:45/4300</cmt>
  </wpt>
  <wpt lat="40.798643" lon="-119.205018">
    <name>10:15/4300</name>
    <cmt>10:15/4300</cmt>
  </wpt>
  <wpt lat="40.798744" lon="-119.202994">
    <name>10:30/4300</name>
    <cmt>10:30/4300</cmt>
  </wpt>
  <wpt lat="40.798643" lon="-119.200970">
    <name>10:45/4300</name>
    <cmt>10:45/4300</cmt>
  </wpt>
  <wpt lat="40.798342" lon="-119.198980">
    <name>11:00/4300</name>
    <cmt>11:00/4300</cmt>
  </wpt>
  <wpt lat="40.797846" lon="-119.197059">
    <name>11:15/4300</name>
    <cmt>11:15/4300</cmt>
  </wpt>
  <wpt lat="40.797164" lon="-119.195240">
    <name>11:30/4300</name>
    <cmt>11:30/4300</cmt>
  </wpt>
  <wpt lat="40.796308" lon="-119.193553">
    <name>11:45/4300</name>
    <cmt>11:45/4300</cmt>
  </wpt>
  <wpt lat="40.795485" lon="-119.191773">
    <name>12:00/4400</name>
    <cmt>12:00/4400</cmt>
  </wpt>
  <wpt lat="40.794299" lon="-119.190405">
    <name>12:15/4400</name>
    <cmt>12:15/4400</cmt>
  </wpt>
  <wpt lat="40.792987" lon="-119.189252">
    <name>12:30/4400</name>
    <cmt>12:30/4400</cmt>
  </wpt>
  <wpt lat="40.791572" lon="-119.188334">
    <name>12:45/4400</name>
    <cmt>12:45/4400</cmt>
  </wpt>
  <wpt lat="40.790078" lon="-119.187668">
    <name>1:00/4400</name>
    <cmt>1:00/4400</cmt>
  </wpt>
  <wpt lat="40.788531" lon="-119.187263">
    <name>1:15/4400</name>
    <cmt>1:15/4400</cmt>
  </wpt>
  <wpt lat="40.786957" lon="-119.187128">
    <name>1:30/4400</name>
    <cmt>1:30/4400</cmt>
  </wpt>
  <wpt lat="40.785383" lon="-119.187264">
    <name>1:45/4400</name>
    <cmt>1:45/4400</cmt>
  </wpt>
  <wpt lat="40.798914" lon="-119.205065">
    <name>10:15/4400</name>
    <cmt>10:15/4400</cmt>
  </wpt>
  <wpt lat="40.799018" lon="-119.202994">
    <name>10:30/4400</name>
    <cmt>10:30/4400</cmt>
  </wpt>
  <wpt lat="40.798914" lon="-119.200923">
    <name>10:45/4400</name>
    <cmt>10:45/4400</cmt>
  </wpt>
  <wpt lat="40.798607" lon="-119.198887">
    <name>11:00/4400</name>
    <cmt>11:00/4400</cmt>
  </wpt>
  <wpt lat="40.798099" lon="-119.196921">
    <name>11:15/4400</name>
    <cmt>11:15/4400</cmt>
  </wpt>
  <wpt lat="40.797402" lon="-119.195060">
    <name>11:30/4400</name>
    <cmt>11:30/4400</cmt>
  </wpt>
  <wpt lat="40.796525" lon="-119.193334">
    <name>11:45/4400</name>
    <cmt>11:45/4400</cmt>
  </wpt>
  <wpt lat="40.795679" lon="-119.191518">
    <name>12:00/4500</name>
    <cmt>12:00/4500</cmt>
  </wpt>
  <wpt lat="40.794466" lon="-119.190119">
    <name>12:15/4500</name>
    <cmt>12:15/4500</cmt>
  </wpt>
  <wpt lat="40.793124" lon="-119.188940">
    <name>12:30/4500</name>
    <cmt>12:30/4500</cmt>
  </wpt>
  <wpt lat="40.791677" lon="-119.188001">
    <name>12:45/4500</name>
    <cmt>12:45/4500</cmt>
  </wpt>
  <wpt lat="40.790149" lon="-119.187319">
    <name>1:00/4500</name>
    <cmt>1:00/4500</cmt>
  </wpt>
  <wpt lat="40.788567" lon="-119.186905">
    <name>1:15/4500</name>
    <cmt>1:15/4500</cmt>
  </wpt>
  <wpt lat="40.786957" lon="-119.186767">
    <name>1:30/4500</name>
    <cmt>1:30/4500</cmt>
  </wpt>
  <wpt lat="40.785347" lon="-119.186906">
    <name>1:45/4500</name>
    <cmt>1:45/4500</cmt>
  </wpt>
  <wpt lat="40.799186" lon="-119.205112">
    <name>10:15/4500</name>
    <cmt>10:15/4500</cmt>
  </wpt>
  <wpt lat="40.799292" lon="-119.202994">
    <name>10:30/4500</name>
    <cmt>10:30/4500</cmt>
  </wpt>
  <wpt lat="40.799186" lon="-119.200876">
    <name>10:45/4500</name>
    <cmt>10:45/4500</cmt>
  </wpt>
  <wpt lat="40.798871" lon="-119.198793">
    <name>11:00/4500</name>
    <cmt>11:00/4500</cmt>
  </wpt>
  <wpt lat="40.798353" lon="-119.196783">
    <name>11:15/4500</name>
    <cmt>11:15/4500</cmt>
  </wpt>
  <wpt lat="40.797639" lon="-119.194879">
    <name>11:30/4500</name>
    <cmt>11:30/4500</cmt>
  </wpt>
  <wpt lat="40.796743" lon="-119.193114">
    <name>11:45/4500</name>
    <cmt>11:45/4500</cmt>
  </wpt>
  <wpt lat="40.795872" lon="-119.191263">
    <name>12:00/4600</name>
    <cmt>12:00/4600</cmt>
  </wpt>
  <wpt lat="40.794632" lon="-119.189833">
    <name>12:15/4600</name>
    <cmt>12:15/4600</cmt>
  </wpt>
  <wpt lat="40.793261" lon="-119.188627">
    <name>12:30/4600</name>
    <cmt>12:30/4600</cmt>
  </wpt>
  <wpt lat="40.791782" lon="-119.187668">
    <name>12:45/4600</name>
    <cmt>12:45/4600</cmt>
  </wpt>
  <wpt lat="40.790220" lon="-119.186971">
    <name>1:00/4600</name>
    <cmt>1:00/4600</cmt>
  </wpt>
  <wpt lat="40.788602" lon="-119.186548">
    <name>1:15/4600</name>
    <cmt>1:15/4600</cmt>
  </wpt>
  <wpt lat="40.786957" lon="-119.186406">
    <name>1:30/4600</name>
    <cmt>1:30/4600</cmt>
  </wpt>
  <wpt lat="40.785311" lon="-119.186549">
    <name>1:45/4600</name>
    <cmt>1:45/4600</cmt>
  </wpt>
  <wpt lat="40.799458" lon="-119.205160">
    <name>10:15/4600</name>
    <cmt>10:15/4600</cmt>
  </wpt>
  <wpt lat="40.799566" lon="-119.202994">
    <name>10:30/4600</name>
    <cmt>10:30/4600</cmt>
  </wpt>
  <wpt lat="40.799458" lon="-119.200828">
    <name>10:45/4600</name>
    <cmt>10:45/4600</cmt>
  </wpt>
  <wpt lat="40.799136" lon="-119.198700">
    <name>11:00/4600</name>
    <cmt>11:00/4600</cmt>
  </wpt>
  <wpt lat="40.798606" lon="-119.196645">
    <name>11:15/4600</name>
    <cmt>11:15/4600</cmt>
  </wpt>
  <wpt lat="40.797876" lon="-119.194699">
    <name>11:30/4600</name>
    <cmt>11:30/4600</cmt>
  </wpt>
  <wpt lat="40.796960" lon="-119.192895">
    <name>11:45/4600</name>
    <cmt>11:45/4600</cmt>
  </wpt>
  <wpt lat="40.796066" lon="-119.191008">
    <name>12:00/4700</name>
    <cmt>12:00/4700</cmt>
  </wpt>
  <wpt lat="40.794799" lon="-119.189547">
    <name>12:15/4700</name>
    <cmt>12:15/4700</cmt>
  </wpt>
  <wpt lat="40.793398" lon="-119.188315">
    <name>12:30/4700</name>
    <cmt>12:30/4700</cmt>
  </wpt>
  <wpt lat="40.791887" lon="-119.187335">
    <name>12:45/4700</name>
    <cmt>12:45/4700</cmt>
  </wpt>
  <wpt lat="40.790291" lon="-119.186622">
    <name>1:00/4700</name>
    <cmt>1:00/4700</cmt>
  </wpt>
  <wpt lat="40.788638" lon="-119.186190">
    <name>1:15/4700</name>
    <cmt>1:15/4700</cmt>
  </wpt>
  <wpt lat="40.786957" lon="-119.186046">
    <name>1:30/4700</name>
    <cmt>1:30/4700</cmt>
  </wpt>
  <wpt lat="40.785275" lon="-119.186191">
    <name>1:45/4700</name>
    <cmt>1:45/4700</cmt>
  </wpt>
  <wpt lat="40.799730" lon="-119.205207">
    <name>10:15/4700</name>
    <cmt>10:15/4700</cmt>
  </wpt>
  <wpt lat="40.799840" lon="-119.202994">
    <name>10:30/4700</name>
    <cmt>10:30/4700</cmt>
  </wpt>
  <wpt lat="40.799730" lon="-119.200781">
    <name>10:45/4700</name>
    <cmt>10:45/4700</cmt>
  </wpt>
  <wpt lat="40.799401" lon="-119.198607">
    <name>11:00/4700</name>
    <cmt>11:00/4700</cmt>
  </wpt>
  <wpt lat="40.798859" lon="-119.196507">
    <name>11:15/4700</name>
    <cmt>11:15/4700</cmt>
  </wpt>
  <wpt lat="40.798114" lon="-119.194518">
    <name>11:30/4700</name>
    <cmt>11:30/4700</cmt>
  </wpt>
  <wpt lat="40.797177" lon="-119.192675">
    <name>11:45/4700</name>
    <cmt>11:45/4700</cmt>
  </wpt>
  <wpt lat="40.796260" lon="-119.190753">
    <name>12:00/4800</name>
    <cmt>12:00/4800</cmt>
  </wpt>
  <wpt lat="40.794966" lon="-119.189260">
    <name>12:15/4800</name>
    <cmt>12:15/4800</cmt>
  </wpt>
  <wpt lat="40.793535" lon="-119.188003">
    <name>12:30/4800</name>
    <cmt>12:30/4800</cmt>
  </wpt>
  <wpt lat="40.791991" lon="-119.187002">
    <name>12:45/4800</name>
    <cmt>12:45/4800</cmt>
  </wpt>
  <wpt lat="40.790362" lon="-119.186274">
    <name>1:00/4800</name>
    <cmt>1:00/4800</cmt>
  </wpt>
  <wpt lat="40.788674" lon="-119.185833">
    <name>1:15/4800</name>
    <cmt>1:15/4800</cmt>
  </wpt>
  <wpt lat="40.786957" lon="-119.185685">
    <name>1:30/4800</name>
    <cmt>1:30/4800</cmt>
  </wpt>
  <wpt lat="40.785240" lon="-119.185834">
    <name>1:45/4800</name>
    <cmt>1:45/4800</cmt>
  </wpt>
  <wpt lat="40.800001" lon="-119.205254">
    <name>10:15/4800</name>
    <cmt>10:15/4800</cmt>
  </wpt>
  <wpt lat="40.800114" lon="-119.202994">
    <name>10:30/4800</name>
    <cmt>10:30/4800</cmt>
  </wpt>
  <wpt lat="40.800001" lon="-119.200734">
    <name>10:45/4800</name>
    <cmt>10:45/4800</cmt>
  </wpt>
  <wpt lat="40.799666" lon="-119.198513">
    <name>11:00/4800</name>
    <cmt>11:00/4800</cmt>
  </wpt>
  <wpt lat="40.799112" lon="-119.196369">
    <name>11:15/4800</name>
    <cmt>11:15/4800</cmt>
  </wpt>
  <wpt lat="40.798351" lon="-119.194338">
    <name>11:30/4800</name>
    <cmt>11:30/4800</cmt>
  </wpt>
  <wpt lat="40.797395" lon="-119.192455">
    <name>11:45/4800</name>
    <cmt>11:45/4800</cmt>
  </wpt>
  <wpt lat="40.796454" lon="-119.190498">
    <name>12:00/4900</name>
    <cmt>12:00/4900</cmt>
  </wpt>
  <wpt lat="40.795133" lon="-119.188974">
    <name>12:15/4900</name>
    <cmt>12:15/4900</cmt>
  </wpt>
  <wpt lat="40.793672" lon="-119.187690">
    <name>12:30/4900</name>
    <cmt>12:30/4900</cmt>
  </wpt>
  <wpt lat="40.792096" lon="-119.186668">
    <name>12:45/4900</name>
    <cmt>12:45/4900</cmt>
  </wpt>
  <wpt lat="40.790433" lon="-119.185926">
    <name>1:00/4900</name>
    <cmt>1:00/4900</cmt>
  </wpt>
  <wpt lat="40.788710" lon="-119.185475">
    <name>1:15/4900</name>
    <cmt>1:15/4900</cmt>
  </wpt>
  <wpt lat="40.786957" lon="-119.185325">
    <name>1:30/4900</name>
    <cmt>1:30/4900</cmt>
  </wpt>
  <wpt lat="40.785204" lon="-119.185476">
    <name>1:45/4900</name>
    <cmt>1:45/4900</cmt>
  </wpt>
  <wpt lat="40.800273" lon="-119.205301">
    <name>10:15/4900</name>
    <cmt>10:15/4900</cmt>
  </wpt>
  <wpt lat="40.800388" lon="-119.202994">
    <name>10:30/4900</name>
    <cmt>10:30/4900</cmt>
  </wpt>
  <wpt lat="40.800273" lon="-119.200687">
    <name>10:45/4900</name>
    <cmt>10:45/4900</cmt>
  </wpt>
  <wpt lat="40.799930" lon="-119.198420">
    <name>11:00/4900</name>
    <cmt>11:00/4900</cmt>
  </wpt>
  <wpt lat="40.799366" lon="-119.196231">
    <name>11:15/4900</name>
    <cmt>11:15/4900</cmt>
  </wpt>
  <wpt lat="40.798588" lon="-119.194158">
    <name>11:30/4900</name>
    <cmt>11:30/4900</cmt>
  </wpt>
  <wpt lat="40.797612" lon="-119.192236">
    <name>11:45/4900</name>
    <cmt>11:45/4900</cmt>
  </wpt>
  <wpt lat="40.796648" lon="-119.190243">
    <name>12:00/5000</name>
    <cmt>12:00/5000</cmt>
  </wpt>
  <wpt lat="40.795300" lon="-119.188688">
    <name>12:15/5000</name>
    <cmt>12:15/5000</cmt>
  </wpt>
  <wpt lat="40.793809" lon="-119.187378">
    <name>12:30/5000</name>
    <cmt>12:30/5000</cmt>
  </wpt>
  <wpt lat="40.792201" lon="-119.186335">
    <name>12:45/5000</name>
    <cmt>12:45/5000</cmt>
  </wpt>
  <wpt lat="40.790504" lon="-119.185577">
    <name>1:00/5000</name>
    <cmt>1:00/5000</cmt>
  </wpt>
  <wpt lat="40.788745" lon="-119.185118">
    <name>1:15/5000</name>
    <cmt>1:15/5000</cmt>
  </wpt>
  <wpt lat="40.786957" lon="-119.184964">
    <name>1:30/5000</name>
    <cmt>1:30/5000</cmt>
  </wpt>
  <wpt lat="40.785168" lon="-119.185119">
    <name>1:45/5000</name>
    <cmt>1:45/5000</cmt>
  </wpt>
  <wpt lat="40.800545" lon="-119.205348">
    <name>10:15/5000</name>
    <cmt>10:15/5000</cmt>
  </wpt>
  <wpt lat="40.800662" lon="-119.202994">
    <name>10:30/5000</name>
    <cmt>10:30/5000</cmt>
  </wpt>
  <wpt lat="40.800545" lon="-119.200640">
    <name>10:45/5000</name>
    <cmt>10:45/5000</cmt>
  </wpt>
  <wpt lat="40.800195" lon="-119.198327">
    <name>11:00/5000</name>
    <cmt>11:00/5000</cmt>
  </wpt>
  <wpt lat="40.799619" lon="-119.196093">
    <name>11:15/5000</name>
    <cmt>11:15/5000</cmt>
  </wpt>
  <wpt lat="40.798826" lon="-119.193977">
    <name>11:30/5000</name>
    <cmt>11:30/5000</cmt>
  </wpt>
  <wpt lat="40.797830" lon="-119.192016">
    <name>11:45/5000</name>
    <cmt>11:45/5000</cmt>
  </wpt>
  <wpt lat="40.796851" lon="-119.189975">
    <name>12:00/5100</name>
    <cmt>12:00/5100</cmt>
  </wpt>
  <wpt lat="40.795475" lon="-119.188388">
    <name>12:15/5100</name>
    <cmt>12:15/5100</cmt>
  </wpt>
  <wpt lat="40.793953" lon="-119.187050">
    <name>12:30/5100</name>
    <cmt>12:30/5100</cmt>
  </wpt>
  <wpt lat="40.792311" lon="-119.185985">
    <name>12:45/5100</name>
    <cmt>12:45/5100</cmt>
  </wpt>
  <wpt lat="40.790578" lon="-119.185212">
    <name>1:00/5100</name>
    <cmt>1:00/5100</cmt>
  </wpt>
  <wpt lat="40.788783" lon="-119.184742">
    <name>1:15/5100</name>
    <cmt>1:15/5100</cmt>
  </wpt>
  <wpt lat="40.786957" lon="-119.184585">
    <name>1:30/5100</name>
    <cmt>1:30/5100</cmt>
  </wpt>
  <wpt lat="40.785130" lon="-119.184743">
    <name>1:45/5100</name>
    <cmt>1:45/5100</cmt>
  </wpt>
  <wpt lat="40.800830" lon="-119.205397">
    <name>10:15/5100</name>
    <cmt>10:15/5100</cmt>
  </wpt>
  <wpt lat="40.800950" lon="-119.202994">
    <name>10:30/5100</name>
    <cmt>10:30/5100</cmt>
  </wpt>
  <wpt lat="40.800830" lon="-119.200591">
    <name>10:45/5100</name>
    <cmt>10:45/5100</cmt>
  </wpt>
  <wpt lat="40.800473" lon="-119.198229">
    <name>11:00/5100</name>
    <cmt>11:00/5100</cmt>
  </wpt>
  <wpt lat="40.799885" lon="-119.195948">
    <name>11:15/5100</name>
    <cmt>11:15/5100</cmt>
  </wpt>
  <wpt lat="40.799075" lon="-119.193788">
    <name>11:30/5100</name>
    <cmt>11:30/5100</cmt>
  </wpt>
  <wpt lat="40.798058" lon="-119.191786">
    <name>11:45/5100</name>
    <cmt>11:45/5100</cmt>
  </wpt>
  <wpt lat="40.797035" lon="-119.189733">
    <name>12:00/5200</name>
    <cmt>12:00/5200</cmt>
  </wpt>
  <wpt lat="40.795633" lon="-119.188116">
    <name>12:15/5200</name>
    <cmt>12:15/5200</cmt>
  </wpt>
  <wpt lat="40.794083" lon="-119.186753">
    <name>12:30/5200</name>
    <cmt>12:30/5200</cmt>
  </wpt>
  <wpt lat="40.792411" lon="-119.185669">
    <name>12:45/5200</name>
    <cmt>12:45/5200</cmt>
  </wpt>
  <wpt lat="40.790645" lon="-119.184881">
    <name>1:00/5200</name>
    <cmt>1:00/5200</cmt>
  </wpt>
  <wpt lat="40.788817" lon="-119.184403">
    <name>1:15/5200</name>
    <cmt>1:15/5200</cmt>
  </wpt>
  <wpt lat="40.786956" lon="-119.184243">
    <name>1:30/5200</name>
    <cmt>1:30/5200</cmt>
  </wpt>
  <wpt lat="40.785096" lon="-119.184404">
    <name>1:45/5200</name>
    <cmt>1:45/5200</cmt>
  </wpt>
  <wpt lat="40.801088" lon="-119.205442">
    <name>10:15/5200</name>
    <cmt>10:15/5200</cmt>
  </wpt>
  <wpt lat="40.801210" lon="-119.202994">
    <name>10:30/5200</name>
    <cmt>10:30/5200</cmt>
  </wpt>
  <wpt lat="40.801088" lon="-119.200546">
    <name>10:45/5200</name>
    <cmt>10:45/5200</cmt>
  </wpt>
  <wpt lat="40.800725" lon="-119.198140">
    <name>11:00/5200</name>
    <cmt>11:00/5200</cmt>
  </wpt>
  <wpt lat="40.800125" lon="-119.195817">
    <name>11:15/5200</name>
    <cmt>11:15/5200</cmt>
  </wpt>
  <wpt lat="40.799300" lon="-119.193617">
    <name>11:30/5200</name>
    <cmt>11:30/5200</cmt>
  </wpt>
  <wpt lat="40.798265" lon="-119.191577">
    <name>11:45/5200</name>
    <cmt>11:45/5200</cmt>
  </wpt>
  <wpt lat="40.797229" lon="-119.189478">
    <name>12:00/5300</name>
    <cmt>12:00/5300</cmt>
  </wpt>
  <wpt lat="40.795800" lon="-119.187830">
    <name>12:15/5300</name>
    <cmt>12:15/5300</cmt>
  </wpt>
  <wpt lat="40.794220" lon="-119.186441">
    <name>12:30/5300</name>
    <cmt>12:30/5300</cmt>
  </wpt>
  <wpt lat="40.792516" lon="-119.185336">
    <name>12:45/5300</name>
    <cmt>12:45/5300</cmt>
  </wpt>
  <wpt lat="40.790716" lon="-119.184532">
    <name>1:00/5300</name>
    <cmt>1:00/5300</cmt>
  </wpt>
  <wpt lat="40.788853" lon="-119.184045">
    <name>1:15/5300</name>
    <cmt>1:15/5300</cmt>
  </wpt>
  <wpt lat="40.786956" lon="-119.183882">
    <name>1:30/5300</name>
    <cmt>1:30/5300</cmt>
  </wpt>
  <wpt lat="40.785060" lon="-119.184046">
    <name>1:45/5300</name>
    <cmt>1:45/5300</cmt>
  </wpt>
  <wpt lat="40.801360" lon="-119.205489">
    <name>10:15/5300</name>
    <cmt>10:15/5300</cmt>
  </wpt>
  <wpt lat="40.801484" lon="-119.202994">
    <name>10:30/5300</name>
    <cmt>10:30/5300</cmt>
  </wpt>
  <wpt lat="40.801360" lon="-119.200499">
    <name>10:45/5300</name>
    <cmt>10:45/5300</cmt>
  </wpt>
  <wpt lat="40.800989" lon="-119.198046">
    <name>11:00/5300</name>
    <cmt>11:00/5300</cmt>
  </wpt>
  <wpt lat="40.800378" lon="-119.195679">
    <name>11:15/5300</name>
    <cmt>11:15/5300</cmt>
  </wpt>
  <wpt lat="40.799538" lon="-119.193436">
    <name>11:30/5300</name>
    <cmt>11:30/5300</cmt>
  </wpt>
  <wpt lat="40.798482" lon="-119.191357">
    <name>11:45/5300</name>
    <cmt>11:45/5300</cmt>
  </wpt>
  <wpt lat="40.797423" lon="-119.189223">
    <name>12:00/5400</name>
    <cmt>12:00/5400</cmt>
  </wpt>
  <wpt lat="40.795967" lon="-119.187543">
    <name>12:15/5400</name>
    <cmt>12:15/5400</cmt>
  </wpt>
  <wpt lat="40.794357" lon="-119.186129">
    <name>12:30/5400</name>
    <cmt>12:30/5400</cmt>
  </wpt>
  <wpt lat="40.792620" lon="-119.185002">
    <name>12:45/5400</name>
    <cmt>12:45/5400</cmt>
  </wpt>
  <wpt lat="40.790787" lon="-119.184184">
    <name>1:00/5400</name>
    <cmt>1:00/5400</cmt>
  </wpt>
  <wpt lat="40.788888" lon="-119.183688">
    <name>1:15/5400</name>
    <cmt>1:15/5400</cmt>
  </wpt>
  <wpt lat="40.786956" lon="-119.183522">
    <name>1:30/5400</name>
    <cmt>1:30/5400</cmt>
  </wpt>
  <wpt lat="40.785025" lon="-119.183689">
    <name>1:45/5400</name>
    <cmt>1:45/5400</cmt>
  </wpt>
  <wpt lat="40.801632" lon="-119.205536">
    <name>10:15/5400</name>
    <cmt>10:15/5400</cmt>
  </wpt>
  <wpt lat="40.801758" lon="-119.202994">
    <name>10:30/5400</name>
    <cmt>10:30/5400</cmt>
  </wpt>
  <wpt lat="40.801632" lon="-119.200452">
    <name>10:45/5400</name>
    <cmt>10:45/5400</cmt>
  </wpt>
  <wpt lat="40.801254" lon="-119.197953">
    <name>11:00/5400</name>
    <cmt>11:00/5400</cmt>
  </wpt>
  <wpt lat="40.800632" lon="-119.195541">
    <name>11:15/5400</name>
    <cmt>11:15/5400</cmt>
  </wpt>
  <wpt lat="40.799775" lon="-119.193256">
    <name>11:30/5400</name>
    <cmt>11:30/5400</cmt>
  </wpt>
  <wpt lat="40.798699" lon="-119.191138">
    <name>11:45/5400</name>
    <cmt>11:45/5400</cmt>
  </wpt>
  <wpt lat="40.797616" lon="-119.188968">
    <name>12:00/5500</name>
    <cmt>12:00/5500</cmt>
  </wpt>
  <wpt lat="40.796134" lon="-119.187257">
    <name>12:15/5500</name>
    <cmt>12:15/5500</cmt>
  </wpt>
  <wpt lat="40.794494" lon="-119.185816">
    <name>12:30/5500</name>
    <cmt>12:30/5500</cmt>
  </wpt>
  <wpt lat="40.792725" lon="-119.184669">
    <name>12:45/5500</name>
    <cmt>12:45/5500</cmt>
  </wpt>
  <wpt lat="40.790858" lon="-119.183836">
    <name>1:00/5500</name>
    <cmt>1:00/5500</cmt>
  </wpt>
  <wpt lat="40.788924" lon="-119.183330">
    <name>1:15/5500</name>
    <cmt>1:15/5500</cmt>
  </wpt>
  <wpt lat="40.786956" lon="-119.183161">
    <name>1:30/5500</name>
    <cmt>1:30/5500</cmt>
  </wpt>
  <wpt lat="40.784989" lon="-119.183331">
    <name>1:45/5500</name>
    <cmt>1:45/5500</cmt>
  </wpt>
  <wpt lat="40.801904" lon="-119.205583">
    <name>10:15/5500</name>
    <cmt>10:15/5500</cmt>
  </wpt>
  <wpt lat="40.802032" lon="-119.202994">
    <name>10:30/5500</name>
    <cmt>10:30/5500</cmt>
  </wpt>
  <wpt lat="40.801904" lon="-119.200405">
    <name>10:45/5500</name>
    <cmt>10:45/5500</cmt>
  </wpt>
  <wpt lat="40.801519" lon="-119.197860">
    <name>11:00/5500</name>
    <cmt>11:00/5500</cmt>
  </wpt>
  <wpt lat="40.800885" lon="-119.195403">
    <name>11:15/5500</name>
    <cmt>11:15/5500</cmt>
  </wpt>
  <wpt lat="40.800012" lon="-119.193076">
    <name>11:30/5500</name>
    <cmt>11:30/5500</cmt>
  </wpt>
  <wpt lat="40.798917" lon="-119.190918">
    <name>11:45/5500</name>
    <cmt>11:45/5500</cmt>
  </wpt>
  <wpt lat="40.797810" lon="-119.188713">
    <name>12:00/5600</name>
    <cmt>12:00/5600</cmt>
  </wpt>
  <wpt lat="40.796301" lon="-119.186971">
    <name>12:15/5600</name>
    <cmt>12:15/5600</cmt>
  </wpt>
  <wpt lat="40.794631" lon="-119.185504">
    <name>12:30/5600</name>
    <cmt>12:30/5600</cmt>
  </wpt>
  <wpt lat="40.792830" lon="-119.184336">
    <name>12:45/5600</name>
    <cmt>12:45/5600</cmt>
  </wpt>
  <wpt lat="40.790929" lon="-119.183487">
    <name>1:00/5600</name>
    <cmt>1:00/5600</cmt>
  </wpt>
  <wpt lat="40.788960" lon="-119.182973">
    <name>1:15/5600</name>
    <cmt>1:15/5600</cmt>
  </wpt>
  <wpt lat="40.786956" lon="-119.182800">
    <name>1:30/5600</name>
    <cmt>1:30/5600</cmt>
  </wpt>
  <wpt lat="40.784953" lon="-119.182974">
    <name>1:45/5600</name>
    <cmt>1:45/5600</cmt>
  </wpt>
  <wpt lat="40.802175" lon="-119.205630">
    <name>10:15/5600</name>
    <cmt>10:15/5600</cmt>
  </wpt>
  <wpt lat="40.802307" lon="-119.202994">
    <name>10:30/5600</name>
    <cmt>10:30/5600</cmt>
  </wpt>
  <wpt lat="40.802175" lon="-119.200358">
    <name>10:45/5600</name>
    <cmt>10:45/5600</cmt>
  </wpt>
  <wpt lat="40.801783" lon="-119.197766">
    <name>11:00/5600</name>
    <cmt>11:00/5600</cmt>
  </wpt>
  <wpt lat="40.801138" lon="-119.195265">
    <name>11:15/5600</name>
    <cmt>11:15/5600</cmt>
  </wpt>
  <wpt lat="40.800250" lon="-119.192895">
    <name>11:30/5600</name>
    <cmt>11:30/5600</cmt>
  </wpt>
  <wpt lat="40.799134" lon="-119.190699">
    <name>11:45/5600</name>
    <cmt>11:45/5600</cmt>
  </wpt>
  <wpt lat="40.798004" lon="-119.188458">
    <name>12:00/5700</name>
    <cmt>12:00/5700</cmt>
  </wpt>
  <wpt lat="40.796467" lon="-119.186685">
    <name>12:15/5700</name>
    <cmt>12:15/5700</cmt>
  </wpt>
  <wpt lat="40.794768" lon="-119.185191">
    <name>12:30/5700</name>
    <cmt>12:30/5700</cmt>
  </wpt>
  <wpt lat="40.792935" lon="-119.184003">
    <name>12:45/5700</name>
    <cmt>12:45/5700</cmt>
  </wpt>
  <wpt lat="40.791000" lon="-119.183139">
    <name>1:00/5700</name>
    <cmt>1:00/5700</cmt>
  </wpt>
  <wpt lat="40.788995" lon="-119.182615">
    <name>1:15/5700</name>
    <cmt>1:15/5700</cmt>
  </wpt>
  <wpt lat="40.786956" lon="-119.182440">
    <name>1:30/5700</name>
    <cmt>1:30/5700</cmt>
  </wpt>
  <wpt lat="40.784917" lon="-119.182616">
    <name>1:45/5700</name>
    <cmt>1:45/5700</cmt>
  </wpt>
  <wpt lat="40.802447" lon="-119.205677">
    <name>10:15/5700</name>
    <cmt>10:15/5700</cmt>
  </wpt>
  <wpt lat="40.802581" lon="-119.202994">
    <name>10:30/5700</name>
    <cmt>10:30/5700</cmt>
  </wpt>
  <wpt lat="40.802447" lon="-119.200311">
    <name>10:45/5700</name>
    <cmt>10:45/5700</cmt>
  </wpt>
  <wpt lat="40.802048" lon="-119.197673">
    <name>11:00/5700</name>
    <cmt>11:00/5700</cmt>
  </wpt>
  <wpt lat="40.801391" lon="-119.195127">
    <name>11:15/5700</name>
    <cmt>11:15/5700</cmt>
  </wpt>
  <wpt lat="40.800487" lon="-119.192715">
    <name>11:30/5700</name>
    <cmt>11:30/5700</cmt>
  </wpt>
  <wpt lat="40.799352" lon="-119.190479">
    <name>11:45/5700</name>
    <cmt>11:45/5700</cmt>
  </wpt>
  <wpt lat="40.798198" lon="-119.188203">
    <name>12:00/5800</name>
    <cmt>12:00/5800</cmt>
  </wpt>
  <wpt lat="40.796634" lon="-119.186399">
    <name>12:15/5800</name>
    <cmt>12:15/5800</cmt>
  </wpt>
  <wpt lat="40.794905" lon="-119.184879">
    <name>12:30/5800</name>
    <cmt>12:30/5800</cmt>
  </wpt>
  <wpt lat="40.793040" lon="-119.183670">
    <name>12:45/5800</name>
    <cmt>12:45/5800</cmt>
  </wpt>
  <wpt lat="40.791071" lon="-119.182791">
    <name>1:00/5800</name>
    <cmt>1:00/5800</cmt>
  </wpt>
  <wpt lat="40.789031" lon="-119.182258">
    <name>1:15/5800</name>
    <cmt>1:15/5800</cmt>
  </wpt>
  <wpt lat="40.786956" lon="-119.182079">
    <name>1:30/5800</name>
    <cmt>1:30/5800</cmt>
  </wpt>
  <wpt lat="40.784881" lon="-119.182259">
    <name>1:45/5800</name>
    <cmt>1:45/5800</cmt>
  </wpt>
  <wpt lat="40.802719" lon="-119.205725">
    <name>10:15/5800</name>
    <cmt>10:15/5800</cmt>
  </wpt>
  <wpt lat="40.802855" lon="-119.202994">
    <name>10:30/5800</name>
    <cmt>10:30/5800</cmt>
  </wpt>
  <wpt lat="40.802719" lon="-119.200263">
    <name>10:45/5800</name>
    <cmt>10:45/5800</cmt>
  </wpt>
  <wpt lat="40.802313" lon="-119.197580">
    <name>11:00/5800</name>
    <cmt>11:00/5800</cmt>
  </wpt>
  <wpt lat="40.801644" lon="-119.194989">
    <name>11:15/5800</name>
    <cmt>11:15/5800</cmt>
  </wpt>
  <wpt lat="40.800725" lon="-119.192534">
    <name>11:30/5800</name>
    <cmt>11:30/5800</cmt>
  </wpt>
  <wpt lat="40.799569" lon="-119.190259">
    <name>11:45/5800</name>
    <cmt>11:45/5800</cmt>
  </wpt>
  <wpt lat="40.798392" lon="-119.187947">
    <name>12:00/5900</name>
    <cmt>12:00/5900</cmt>
  </wpt>
  <wpt lat="40.796801" lon="-119.186113">
    <name>12:15/5900</name>
    <cmt>12:15/5900</cmt>
  </wpt>
  <wpt lat="40.795042" lon="-119.184567">
    <name>12:30/5900</name>
    <cmt>12:30/5900</cmt>
  </wpt>
  <wpt lat="40.793145" lon="-119.183336">
    <name>12:45/5900</name>
    <cmt>12:45/5900</cmt>
  </wpt>
  <wpt lat="40.791141" lon="-119.182442">
    <name>1:00/5900</name>
    <cmt>1:00/5900</cmt>
  </wpt>
  <wpt lat="40.789067" lon="-119.181900">
    <name>1:15/5900</name>
    <cmt>1:15/5900</cmt>
  </wpt>
  <wpt lat="40.786956" lon="-119.181719">
    <name>1:30/5900</name>
    <cmt>1:30/5900</cmt>
  </wpt>
  <wpt lat="40.784845" lon="-119.181901">
    <name>1:45/5900</name>
    <cmt>1:45/5900</cmt>
  </wpt>
  <wpt lat="40.802990" lon="-119.205772">
    <name>10:15/5900</name>
    <cmt>10:15/5900</cmt>
  </wpt>
  <wpt lat="40.803129" lon="-119.202994">
    <name>10:30/5900</name>
    <cmt>10:30/5900</cmt>
  </wpt>
  <wpt lat="40.802990" lon="-119.200216">
    <name>10:45/5900</name>
    <cmt>10:45/5900</cmt>
  </wpt>
  <wpt lat="40.802578" lon="-119.197486">
    <name>11:00/5900</name>
    <cmt>11:00/5900</cmt>
  </wpt>
  <wpt lat="40.801898" lon="-119.194850">
    <name>11:15/5900</name>
    <cmt>11:15/5900</cmt>
  </wpt>
  <wpt lat="40.800962" lon="-119.192354">
    <name>11:30/5900</name>
    <cmt>11:30/5900</cmt>
  </wpt>
  <wpt lat="40.799786" lon="-119.190040">
    <name>11:45/5900</name>
    <cmt>11:45/5900</cmt>
  </wpt>
  <wpt lat="40.798595" lon="-119.187680">
    <name>12:00/6000</name>
    <cmt>12:00/6000</cmt>
  </wpt>
  <wpt lat="40.796976" lon="-119.185812">
    <name>12:15/6000</name>
    <cmt>12:15/6000</cmt>
  </wpt>
  <wpt lat="40.795186" lon="-119.184239">
    <name>12:30/6000</name>
    <cmt>12:30/6000</cmt>
  </wpt>
  <wpt lat="40.793255" lon="-119.182986">
    <name>12:45/6000</name>
    <cmt>12:45/6000</cmt>
  </wpt>
  <wpt lat="40.791216" lon="-119.182076">
    <name>1:00/6000</name>
    <cmt>1:00/6000</cmt>
  </wpt>
  <wpt lat="40.789104" lon="-119.181525">
    <name>1:15/6000</name>
    <cmt>1:15/6000</cmt>
  </wpt>
  <wpt lat="40.786956" lon="-119.181340">
    <name>1:30/6000</name>
    <cmt>1:30/6000</cmt>
  </wpt>
  <wpt lat="40.784808" lon="-119.181526">
    <name>1:45/6000</name>
    <cmt>1:45/6000</cmt>
  </wpt>
  <wpt lat="40.803276" lon="-119.205821">
    <name>10:15/6000</name>
    <cmt>10:15/6000</cmt>
  </wpt>
  <wpt lat="40.803417" lon="-119.202994">
    <name>10:30/6000</name>
    <cmt>10:30/6000</cmt>
  </wpt>
  <wpt lat="40.803276" lon="-119.200167">
    <name>10:45/6000</name>
    <cmt>10:45/6000</cmt>
  </wpt>
  <wpt lat="40.802856" lon="-119.197388">
    <name>11:00/6000</name>
    <cmt>11:00/6000</cmt>
  </wpt>
  <wpt lat="40.802163" lon="-119.194705">
    <name>11:15/6000</name>
    <cmt>11:15/6000</cmt>
  </wpt>
  <wpt lat="40.801211" lon="-119.192165">
    <name>11:30/6000</name>
    <cmt>11:30/6000</cmt>
  </wpt>
  <wpt lat="40.800015" lon="-119.189809">
    <name>11:45/6000</name>
    <cmt>11:45/6000</cmt>
  </wpt>
  <wpt lat="40.798779" lon="-119.187437">
    <name>12:00/6100</name>
    <cmt>12:00/6100</cmt>
  </wpt>
  <wpt lat="40.797135" lon="-119.185540">
    <name>12:15/6100</name>
    <cmt>12:15/6100</cmt>
  </wpt>
  <wpt lat="40.795316" lon="-119.183942">
    <name>12:30/6100</name>
    <cmt>12:30/6100</cmt>
  </wpt>
  <wpt lat="40.793354" lon="-119.182670">
    <name>12:45/6100</name>
    <cmt>12:45/6100</cmt>
  </wpt>
  <wpt lat="40.791283" lon="-119.181746">
    <name>1:00/6100</name>
    <cmt>1:00/6100</cmt>
  </wpt>
  <wpt lat="40.789138" lon="-119.181185">
    <name>1:15/6100</name>
    <cmt>1:15/6100</cmt>
  </wpt>
  <wpt lat="40.786956" lon="-119.180997">
    <name>1:30/6100</name>
    <cmt>1:30/6100</cmt>
  </wpt>
  <wpt lat="40.784774" lon="-119.181186">
    <name>1:45/6100</name>
    <cmt>1:45/6100</cmt>
  </wpt>
  <wpt lat="40.803534" lon="-119.205866">
    <name>10:15/6100</name>
    <cmt>10:15/6100</cmt>
  </wpt>
  <wpt lat="40.803677" lon="-119.202994">
    <name>10:30/6100</name>
    <cmt>10:30/6100</cmt>
  </wpt>
  <wpt lat="40.803534" lon="-119.200122">
    <name>10:45/6100</name>
    <cmt>10:45/6100</cmt>
  </wpt>
  <wpt lat="40.803107" lon="-119.197299">
    <name>11:00/6100</name>
    <cmt>11:00/6100</cmt>
  </wpt>
  <wpt lat="40.802404" lon="-119.194574">
    <name>11:15/6100</name>
    <cmt>11:15/6100</cmt>
  </wpt>
  <wpt lat="40.801437" lon="-119.191993">
    <name>11:30/6100</name>
    <cmt>11:30/6100</cmt>
  </wpt>
  <wpt lat="40.800221" lon="-119.189601">
    <name>11:45/6100</name>
    <cmt>11:45/6100</cmt>
  </wpt>
  <wpt lat="40.798973" lon="-119.187182">
    <name>12:00/6200</name>
    <cmt>12:00/6200</cmt>
  </wpt>
  <wpt lat="40.797301" lon="-119.185254">
    <name>12:15/6200</name>
    <cmt>12:15/6200</cmt>
  </wpt>
  <wpt lat="40.795453" lon="-119.183630">
    <name>12:30/6200</name>
    <cmt>12:30/6200</cmt>
  </wpt>
  <wpt lat="40.793459" lon="-119.182337">
    <name>12:45/6200</name>
    <cmt>12:45/6200</cmt>
  </wpt>
  <wpt lat="40.791354" lon="-119.181397">
    <name>1:00/6200</name>
    <cmt>1:00/6200</cmt>
  </wpt>
  <wpt lat="40.789174" lon="-119.180827">
    <name>1:15/6200</name>
    <cmt>1:15/6200</cmt>
  </wpt>
  <wpt lat="40.786956" lon="-119.180637">
    <name>1:30/6200</name>
    <cmt>1:30/6200</cmt>
  </wpt>
  <wpt lat="40.784738" lon="-119.180829">
    <name>1:45/6200</name>
    <cmt>1:45/6200</cmt>
  </wpt>
  <wpt lat="40.803806" lon="-119.205913">
    <name>10:15/6200</name>
    <cmt>10:15/6200</cmt>
  </wpt>
  <wpt lat="40.803951" lon="-119.202994">
    <name>10:30/6200</name>
    <cmt>10:30/6200</cmt>
  </wpt>
  <wpt lat="40.803806" lon="-119.200075">
    <name>10:45/6200</name>
    <cmt>10:45/6200</cmt>
  </wpt>
  <wpt lat="40.803372" lon="-119.197206">
    <name>11:00/6200</name>
    <cmt>11:00/6200</cmt>
  </wpt>
  <wpt lat="40.802657" lon="-119.194436">
    <name>11:15/6200</name>
    <cmt>11:15/6200</cmt>
  </wpt>
  <wpt lat="40.801674" lon="-119.191813">
    <name>11:30/6200</name>
    <cmt>11:30/6200</cmt>
  </wpt>
  <wpt lat="40.800439" lon="-119.189381">
    <name>11:45/6200</name>
    <cmt>11:45/6200</cmt>
  </wpt>
  <wpt lat="40.799167" lon="-119.186927">
    <name>12:00/6300</name>
    <cmt>12:00/6300</cmt>
  </wpt>
  <wpt lat="40.797468" lon="-119.184968">
    <name>12:15/6300</name>
    <cmt>12:15/6300</cmt>
  </wpt>
  <wpt lat="40.795590" lon="-119.183317">
    <name>12:30/6300</name>
    <cmt>12:30/6300</cmt>
  </wpt>
  <wpt lat="40.793564" lon="-119.182003">
    <name>12:45/6300</name>
    <cmt>12:45/6300</cmt>
  </wpt>
  <wpt lat="40.791425" lon="-119.181049">
    <name>1:00/6300</name>
    <cmt>1:00/6300</cmt>
  </wpt>
  <wpt lat="40.789210" lon="-119.180470">
    <name>1:15/6300</name>
    <cmt>1:15/6300</cmt>
  </wpt>
  <wpt lat="40.786956" lon="-119.180276">
    <name>1:30/6300</name>
    <cmt>1:30/6300</cmt>
  </wpt>
  <wpt lat="40.784702" lon="-119.180471">
    <name>1:45/6300</name>
    <cmt>1:45/6300</cmt>
  </wpt>
  <wpt lat="40.804077" lon="-119.205960">
    <name>10:15/6300</name>
    <cmt>10:15/6300</cmt>
  </wpt>
  <wpt lat="40.804225" lon="-119.202994">
    <name>10:30/6300</name>
    <cmt>10:30/6300</cmt>
  </wpt>
  <wpt lat="40.804077" lon="-119.200028">
    <name>10:45/6300</name>
    <cmt>10:45/6300</cmt>
  </wpt>
  <wpt lat="40.803637" lon="-119.197113">
    <name>11:00/6300</name>
    <cmt>11:00/6300</cmt>
  </wpt>
  <wpt lat="40.802910" lon="-119.194298">
    <name>11:15/6300</name>
    <cmt>11:15/6300</cmt>
  </wpt>
  <wpt lat="40.801911" lon="-119.191633">
    <name>11:30/6300</name>
    <cmt>11:30/6300</cmt>
  </wpt>
  <wpt lat="40.800656" lon="-119.189161">
    <name>11:45/6300</name>
    <cmt>11:45/6300</cmt>
  </wpt>
  <wpt lat="40.799360" lon="-119.186672">
    <name>12:00/6400</name>
    <cmt>12:00/6400</cmt>
  </wpt>
  <wpt lat="40.797635" lon="-119.184682">
    <name>12:15/6400</name>
    <cmt>12:15/6400</cmt>
  </wpt>
  <wpt lat="40.795727" lon="-119.183005">
    <name>12:30/6400</name>
    <cmt>12:30/6400</cmt>
  </wpt>
  <wpt lat="40.793669" lon="-119.181670">
    <name>12:45/6400</name>
    <cmt>12:45/6400</cmt>
  </wpt>
  <wpt lat="40.791496" lon="-119.180700">
    <name>1:00/6400</name>
    <cmt>1:00/6400</cmt>
  </wpt>
  <wpt lat="40.789245" lon="-119.180112">
    <name>1:15/6400</name>
    <cmt>1:15/6400</cmt>
  </wpt>
  <wpt lat="40.786956" lon="-119.179916">
    <name>1:30/6400</name>
    <cmt>1:30/6400</cmt>
  </wpt>
  <wpt lat="40.784666" lon="-119.180114">
    <name>1:45/6400</name>
    <cmt>1:45/6400</cmt>
  </wpt>
  <wpt lat="40.804349" lon="-119.206007">
    <name>10:15/6400</name>
    <cmt>10:15/6400</cmt>
  </wpt>
  <wpt lat="40.804499" lon="-119.202994">
    <name>10:30/6400</name>
    <cmt>10:30/6400</cmt>
  </wpt>
  <wpt lat="40.804349" lon="-119.199981">
    <name>10:45/6400</name>
    <cmt>10:45/6400</cmt>
  </wpt>
  <wpt lat="40.803901" lon="-119.197019">
    <name>11:00/6400</name>
    <cmt>11:00/6400</cmt>
  </wpt>
  <wpt lat="40.803164" lon="-119.194160">
    <name>11:15/6400</name>
    <cmt>11:15/6400</cmt>
  </wpt>
  <wpt lat="40.802149" lon="-119.191452">
    <name>11:30/6400</name>
    <cmt>11:30/6400</cmt>
  </wpt>
  <wpt lat="40.800874" lon="-119.188942">
    <name>11:45/6400</name>
    <cmt>11:45/6400</cmt>
  </wpt>
  <wpt lat="40.799554" lon="-119.186417">
    <name>12:00/6500</name>
    <cmt>12:00/6500</cmt>
  </wpt>
  <wpt lat="40.797802" lon="-119.184396">
    <name>12:15/6500</name>
    <cmt>12:15/6500</cmt>
  </wpt>
  <wpt lat="40.795864" lon="-119.182693">
    <name>12:30/6500</name>
    <cmt>12:30/6500</cmt>
  </wpt>
  <wpt lat="40.793774" lon="-119.181337">
    <name>12:45/6500</name>
    <cmt>12:45/6500</cmt>
  </wpt>
  <wpt lat="40.791567" lon="-119.180352">
    <name>1:00/6500</name>
    <cmt>1:00/6500</cmt>
  </wpt>
  <wpt lat="40.789281" lon="-119.179755">
    <name>1:15/6500</name>
    <cmt>1:15/6500</cmt>
  </wpt>
  <wpt lat="40.786956" lon="-119.179555">
    <name>1:30/6500</name>
    <cmt>1:30/6500</cmt>
  </wpt>
  <wpt lat="40.784630" lon="-119.179756">
    <name>1:45/6500</name>
    <cmt>1:45/6500</cmt>
  </wpt>
  <wpt lat="40.804621" lon="-119.206054">
    <name>10:15/6500</name>
    <cmt>10:15/6500</cmt>
  </wpt>
  <wpt lat="40.804773" lon="-119.202994">
    <name>10:30/6500</name>
    <cmt>10:30/6500</cmt>
  </wpt>
  <wpt lat="40.804621" lon="-119.199934">
    <name>10:45/6500</name>
    <cmt>10:45/6500</cmt>
  </wpt>
  <wpt lat="40.804166" lon="-119.196926">
    <name>11:00/6500</name>
    <cmt>11:00/6500</cmt>
  </wpt>
  <wpt lat="40.803417" lon="-119.194022">
    <name>11:15/6500</name>
    <cmt>11:15/6500</cmt>
  </wpt>
  <wpt lat="40.802386" lon="-119.191272">
    <name>11:30/6500</name>
    <cmt>11:30/6500</cmt>
  </wpt>
  <wpt lat="40.801091" lon="-119.188722">
    <name>11:45/6500</name>
    <cmt>11:45/6500</cmt>
  </wpt>
  <wpt lat="40.799748" lon="-119.186162">
    <name>12:00/6600</name>
    <cmt>12:00/6600</cmt>
  </wpt>
  <wpt lat="40.797969" lon="-119.184109">
    <name>12:15/6600</name>
    <cmt>12:15/6600</cmt>
  </wpt>
  <wpt lat="40.796001" lon="-119.182380">
    <name>12:30/6600</name>
    <cmt>12:30/6600</cmt>
  </wpt>
  <wpt lat="40.793878" lon="-119.181004">
    <name>12:45/6600</name>
    <cmt>12:45/6600</cmt>
  </wpt>
  <wpt lat="40.791638" lon="-119.180004">
    <name>1:00/6600</name>
    <cmt>1:00/6600</cmt>
  </wpt>
  <wpt lat="40.789317" lon="-119.179397">
    <name>1:15/6600</name>
    <cmt>1:15/6600</cmt>
  </wpt>
  <wpt lat="40.786956" lon="-119.179194">
    <name>1:30/6600</name>
    <cmt>1:30/6600</cmt>
  </wpt>
  <wpt lat="40.784594" lon="-119.179399">
    <name>1:45/6600</name>
    <cmt>1:45/6600</cmt>
  </wpt>
  <wpt lat="40.804893" lon="-119.206101">
    <name>10:15/6600</name>
    <cmt>10:15/6600</cmt>
  </wpt>
  <wpt lat="40.805047" lon="-119.202994">
    <name>10:30/6600</name>
    <cmt>10:30/6600</cmt>
  </wpt>
  <wpt lat="40.804893" lon="-119.199887">
    <name>10:45/6600</name>
    <cmt>10:45/6600</cmt>
  </wpt>
  <wpt lat="40.804431" lon="-119.196833">
    <name>11:00/6600</name>
    <cmt>11:00/6600</cmt>
  </wpt>
  <wpt lat="40.803670" lon="-119.193884">
    <name>11:15/6600</name>
    <cmt>11:15/6600</cmt>
  </wpt>
  <wpt lat="40.802623" lon="-119.191091">
    <name>11:30/6600</name>
    <cmt>11:30/6600</cmt>
  </wpt>
  <wpt lat="40.801308" lon="-119.188503">
    <name>11:45/6600</name>
    <cmt>11:45/6600</cmt>
  </wpt>
  <wpt lat="40.799942" lon="-119.185907">
    <name>12:00/6700</name>
    <cmt>12:00/6700</cmt>
  </wpt>
  <wpt lat="40.798135" lon="-119.183823">
    <name>12:15/6700</name>
    <cmt>12:15/6700</cmt>
  </wpt>
  <wpt lat="40.796138" lon="-119.182068">
    <name>12:30/6700</name>
    <cmt>12:30/6700</cmt>
  </wpt>
  <wpt lat="40.793983" lon="-119.180671">
    <name>12:45/6700</name>
    <cmt>12:45/6700</cmt>
  </wpt>
  <wpt lat="40.791708" lon="-119.179655">
    <name>1:00/6700</name>
    <cmt>1:00/6700</cmt>
  </wpt>
  <wpt lat="40.789352" lon="-119.179040">
    <name>1:15/6700</name>
    <cmt>1:15/6700</cmt>
  </wpt>
  <wpt lat="40.786955" lon="-119.178834">
    <name>1:30/6700</name>
    <cmt>1:30/6700</cmt>
  </wpt>
  <wpt lat="40.784559" lon="-119.179041">
    <name>1:45/6700</name>
    <cmt>1:45/6700</cmt>
  </wpt>
  <wpt lat="40.805164" lon="-119.206148">
    <name>10:15/6700</name>
    <cmt>10:15/6700</cmt>
  </wpt>
  <wpt lat="40.805321" lon="-119.202994">
    <name>10:30/6700</name>
    <cmt>10:30/6700</cmt>
  </wpt>
  <wpt lat="40.805164" lon="-119.199840">
    <name>10:45/6700</name>
    <cmt>10:45/6700</cmt>
  </wpt>
  <wpt lat="40.804696" lon="-119.196739">
    <name>11:00/6700</name>
    <cmt>11:00/6700</cmt>
  </wpt>
  <wpt lat="40.803923" lon="-119.193746">
    <name>11:15/6700</name>
    <cmt>11:15/6700</cmt>
  </wpt>
  <wpt lat="40.802861" lon="-119.190911">
    <name>11:30/6700</name>
    <cmt>11:30/6700</cmt>
  </wpt>
  <wpt lat="40.801526" lon="-119.188283">
    <name>11:45/6700</name>
    <cmt>11:45/6700</cmt>
  </wpt>
  <wpt lat="40.800135" lon="-119.185652">
    <name>12:00/6800</name>
    <cmt>12:00/6800</cmt>
  </wpt>
  <wpt lat="40.798302" lon="-119.183537">
    <name>12:15/6800</name>
    <cmt>12:15/6800</cmt>
  </wpt>
  <wpt lat="40.796275" lon="-119.181755">
    <name>12:30/6800</name>
    <cmt>12:30/6800</cmt>
  </wpt>
  <wpt lat="40.794088" lon="-119.180337">
    <name>12:45/6800</name>
    <cmt>12:45/6800</cmt>
  </wpt>
  <wpt lat="40.791779" lon="-119.179307">
    <name>1:00/6800</name>
    <cmt>1:00/6800</cmt>
  </wpt>
  <wpt lat="40.789388" lon="-119.178682">
    <name>1:15/6800</name>
    <cmt>1:15/6800</cmt>
  </wpt>
  <wpt lat="40.786955" lon="-119.178473">
    <name>1:30/6800</name>
    <cmt>1:30/6800</cmt>
  </wpt>
  <wpt lat="40.784523" lon="-119.178684">
    <name>1:45/6800</name>
    <cmt>1:45/6800</cmt>
  </wpt>
  <wpt lat="40.805436" lon="-119.206195">
    <name>10:15/6800</name>
    <cmt>10:15/6800</cmt>
  </wpt>
  <wpt lat="40.805596" lon="-119.202994">
    <name>10:30/6800</name>
    <cmt>10:30/6800</cmt>
  </wpt>
  <wpt lat="40.805436" lon="-119.199793">
    <name>10:45/6800</name>
    <cmt>10:45/6800</cmt>
  </wpt>
  <wpt lat="40.804960" lon="-119.196646">
    <name>11:00/6800</name>
    <cmt>11:00/6800</cmt>
  </wpt>
  <wpt lat="40.804176" lon="-119.193608">
    <name>11:15/6800</name>
    <cmt>11:15/6800</cmt>
  </wpt>
  <wpt lat="40.803098" lon="-119.190731">
    <name>11:30/6800</name>
    <cmt>11:30/6800</cmt>
  </wpt>
  <wpt lat="40.801743" lon="-119.188063">
    <name>11:45/6800</name>
    <cmt>11:45/6800</cmt>
  </wpt>
  <wpt lat="40.800329" lon="-119.185397">
    <name>12:00/6900</name>
    <cmt>12:00/6900</cmt>
  </wpt>
  <wpt lat="40.798469" lon="-119.183251">
    <name>12:15/6900</name>
    <cmt>12:15/6900</cmt>
  </wpt>
  <wpt lat="40.796412" lon="-119.181443">
    <name>12:30/6900</name>
    <cmt>12:30/6900</cmt>
  </wpt>
  <wpt lat="40.794193" lon="-119.180004">
    <name>12:45/6900</name>
    <cmt>12:45/6900</cmt>
  </wpt>
  <wpt lat="40.786955" lon="-119.178113">
    <name>1:30/6900</name>
    <cmt>1:30/6900</cmt>
  </wpt>
  <wpt lat="40.784487" lon="-119.178326">
    <name>1:45/6900</name>
    <cmt>1:45/6900</cmt>
  </wpt>
  <wpt lat="40.805708" lon="-119.206243">
    <name>10:15/6900</name>
    <cmt>10:15/6900</cmt>
  </wpt>
  <wpt lat="40.805870" lon="-119.202994">
    <name>10:30/6900</name>
    <cmt>10:30/6900</cmt>
  </wpt>
  <wpt lat="40.804430" lon="-119.193470">
    <name>11:15/6900</name>
    <cmt>11:15/6900</cmt>
  </wpt>
  <wpt lat="40.803335" lon="-119.190550">
    <name>11:30/6900</name>
    <cmt>11:30/6900</cmt>
  </wpt>
  <wpt lat="40.801961" lon="-119.187844">
    <name>11:45/6900</name>
    <cmt>11:45/6900</cmt>
  </wpt>
  <wpt lat="40.800523" lon="-119.185142">
    <name>12:00/7000</name>
    <cmt>12:00/7000</cmt>
  </wpt>
  <wpt lat="40.798636" lon="-119.182965">
    <name>12:15/7000</name>
    <cmt>12:15/7000</cmt>
  </wpt>
  <wpt lat="40.796549" lon="-119.181131">
    <name>12:30/7000</name>
    <cmt>12:30/7000</cmt>
  </wpt>
  <wpt lat="40.794298" lon="-119.179671">
    <name>12:45/7000</name>
    <cmt>12:45/7000</cmt>
  </wpt>
  <wpt lat="40.784451" lon="-119.177969">
    <name>1:45/7000</name>
    <cmt>1:45/7000</cmt>
  </wpt>
  <wpt lat="40.805980" lon="-119.206290">
    <name>10:15/7000</name>
    <cmt>10:15/7000</cmt>
  </wpt>
  <wpt lat="40.804683" lon="-119.193332">
    <name>11:15/7000</name>
    <cmt>11:15/7000</cmt>
  </wpt>
  <wpt lat="40.803573" lon="-119.190370">
    <name>11:30/7000</name>
    <cmt>11:30/7000</cmt>
  </wpt>
  <wpt lat="40.802178" lon="-119.187624">
    <name>11:45/7000</name>
    <cmt>11:45/7000</cmt>
  </wpt>
  <wpt lat="40.800717" lon="-119.184887">
    <name>12:00/7100</name>
    <cmt>12:00/7100</cmt>
  </wpt>
  <wpt lat="40.798803" lon="-119.182679">
    <name>12:15/7100</name>
    <cmt>12:15/7100</cmt>
  </wpt>
  <wpt lat="40.796686" lon="-119.180818">
    <name>12:30/7100</name>
    <cmt>12:30/7100</cmt>
  </wpt>
  <wpt lat="40.784415" lon="-119.177611">
    <name>1:45/7100</name>
    <cmt>1:45/7100</cmt>
  </wpt>
  <wpt lat="40.806251" lon="-119.206337">
    <name>10:15/7100</name>
    <cmt>10:15/7100</cmt>
  </wpt>
  <wpt lat="40.803810" lon="-119.190189">
    <name>11:30/7100</name>
    <cmt>11:30/7100</cmt>
  </wpt>
  <wpt lat="40.802395" lon="-119.187405">
    <name>11:45/7100</name>
    <cmt>11:45/7100</cmt>
  </wpt>
  <wpt lat="40.800911" lon="-119.184631">
    <name>12:00/7200</name>
    <cmt>12:00/7200</cmt>
  </wpt>
  <wpt lat="40.798969" lon="-119.182392">
    <name>12:15/7200</name>
    <cmt>12:15/7200</cmt>
  </wpt>
  <wpt lat="40.796823" lon="-119.180506">
    <name>12:30/7200</name>
    <cmt>12:30/7200</cmt>
  </wpt>
  <wpt lat="40.804047" lon="-119.190009">
    <name>11:30/7200</name>
    <cmt>11:30/7200</cmt>
  </wpt>
  <wpt lat="40.802613" lon="-119.187185">
    <name>11:45/7200</name>
    <cmt>11:45/7200</cmt>
  </wpt>
  <wpt lat="40.801104" lon="-119.184376">
    <name>12:00/7300</name>
    <cmt>12:00/7300</cmt>
  </wpt>
  <wpt lat="40.799136" lon="-119.182106">
    <name>12:15/7300</name>
    <cmt>12:15/7300</cmt>
  </wpt>
  <wpt lat="40.796960" lon="-119.180194">
    <name>12:30/7300</name>
    <cmt>12:30/7300</cmt>
  </wpt>
  <wpt lat="40.804285" lon="-119.189829">
    <name>11:30/7300</name>
    <cmt>11:30/7300</cmt>
  </wpt>
  <wpt lat="40.802830" lon="-119.186965">
    <name>11:45/7300</name>
    <cmt>11:45/7300</cmt>
  </wpt>
  <wpt lat="40.801298" lon="-119.184121">
    <name>12:00/7400</name>
    <cmt>12:00/7400</cmt>
  </wpt>
  <wpt lat="40.799303" lon="-119.181820">
    <name>12:15/7400</name>
    <cmt>12:15/7400</cmt>
  </wpt>
  <wpt lat="40.803048" lon="-119.186746">
    <name>11:45/7400</name>
    <cmt>11:45/7400</cmt>
  </wpt>
  <wpt lat="40.801492" lon="-119.183866">
    <name>12:00/7500</name>
    <cmt>12:00/7500</cmt>
  </wpt>
  <wpt lat="40.799470" lon="-119.181534">
    <name>12:15/7500</name>
    <cmt>12:15/7500</cmt>
  </wpt>
  <wpt lat="40.803265" lon="-119.186526">
    <name>11:45/7500</name>
    <cmt>11:45/7500</cmt>
  </wpt>
  <wpt lat="40.801686" lon="-119.183611">
    <name>12:00/7600</name>
    <cmt>12:00/7600</cmt>
  </wpt>
  <wpt lat="40.799637" lon="-119.181248">
    <name>12:15/7600</name>
    <cmt>12:15/7600</cmt>
  </wpt>
  <wpt lat="40.803483" lon="-119.186306">
    <name>11:45/7600</name>
    <cmt>11:45/7600</cmt>
  </wpt>
  <wpt lat="40.801879" lon="-119.183356">
    <name>12:00/7700</name>
    <cmt>12:00/7700</cmt>
  </wpt>
  <wpt lat="40.799803" lon="-119.180961">
    <name>12:15/7700</name>
    <cmt>12:15/7700</cmt>
  </wpt>
  <wpt lat="40.803700" lon="-119.186087">
    <name>11:45/7700</name>
    <cmt>11:45/7700</cmt>
  </wpt>
  <wpt lat="40.802073" lon="-119.183101">
    <name>12:00/7800</name>
    <cmt>12:00/7800</cmt>
  </wpt>
  <wpt lat="40.802267" lon="-119.182846">
    <name>12:00/7900</name>
    <cmt>12:00/7900</cmt>
  </wpt>
  <wpt lat="40.802461" lon="-119.182591">
    <name>12:00/8000</name>
    <cmt>12:00/8000</cmt>
  </wpt>
  <wpt lat="40.802654" lon="-119.182336">
    <name>12:00/8100</name>
    <cmt>12:00/8100</cmt>
  </wpt>
  <wpt lat="40.802848" lon="-119.182080">
    <name>12:00/8200</name>
    <cmt>12:00/8200</cmt>
  </wpt>
  <wpt lat="40.803042" lon="-119.181825">
    <name>12:00/8300</name>
    <cmt>12:00/8300</cmt>
  </wpt>
  <wpt lat="40.803236" lon="-119.181570">
    <name>12:00/8400</name>
    <cmt>12:00/8400</cmt>
  </wpt>
</gpx>
